Kode Identitas,Nama Perusahaan,Email Tujuan,Status terakhir,Status History,Timestamp History,Urutan History
7271030003001700 - UB - 1,KESEJAHTERAAN BANK PEMBANGUNAN DAERAH SULAWESI TENGAH,yyksbpd@gmail.com,opened,queued,"01 Jun 2026, 22:46:13",1
7271030003001700 - UB - 1,KESEJAHTERAAN BANK PEMBANGUNAN DAERAH SULAWESI TENGAH,yyksbpd@gmail.com,opened,delivered,"01 Jun 2026, 22:46:17",2
7271030003001700 - UB - 1,KESEJAHTERAAN BANK PEMBANGUNAN DAERAH SULAWESI TENGAH,yyksbpd@gmail.com,opened,opened,"02 Jun 2026, 08:47:43",3
7271030003001700 - UB - 1,KESEJAHTERAAN BANK PEMBANGUNAN DAERAH SULAWESI TENGAH,yyksbpd@gmail.com,opened,clicked,"03 Jun 2026, 07:48:29",4
7271030003001700 - UB - 1,KESEJAHTERAAN BANK PEMBANGUNAN DAERAH SULAWESI TENGAH,yyksbpd@gmail.com,opened,opened,"03 Jun 2026, 07:48:29",5
7207011005001501 - UB - 1,"BANK SULAWESI TENGAH, PT",banksulteng.buol@yahoo.co.id,opened,queued,"19 Mei 2026, 11:14:37",1
7207011005001501 - UB - 1,"BANK SULAWESI TENGAH, PT",banksulteng.buol@yahoo.co.id,opened,delivered,"19 Mei 2026, 11:14:38",2
7207011005001501 - UB - 1,"BANK SULAWESI TENGAH, PT",banksulteng.buol@yahoo.co.id,opened,opened,"20 Mei 2026, 10:31:17",3
7207011005001501 - UB - 1,"BANK SULAWESI TENGAH, PT",banksulteng.buol@yahoo.co.id,opened,opened,"20 Mei 2026, 10:31:27",4
7207011005001501 - UB - 1,"BANK SULAWESI TENGAH, PT",banksulteng.buol@yahoo.co.id,opened,opened,"20 Mei 2026, 10:31:30",5
7203021005200100 - UB - 4,ZHONG YIE INDONESIA PT,zhongyieid@gmail.com,clicked,queued,"02 Jun 2026, 00:13:29",1
7203021005200100 - UB - 4,ZHONG YIE INDONESIA PT,zhongyieid@gmail.com,clicked,delivered,"02 Jun 2026, 00:13:29",2
7203021005200100 - UB - 4,ZHONG YIE INDONESIA PT,zhongyieid@gmail.com,clicked,opened,"02 Jun 2026, 10:39:56",3
7203021005200100 - UB - 4,ZHONG YIE INDONESIA PT,zhongyieid@gmail.com,clicked,opened,"02 Jun 2026, 10:45:14",4
7203021005200100 - UB - 4,ZHONG YIE INDONESIA PT,zhongyieid@gmail.com,clicked,clicked,"02 Jun 2026, 10:45:18",5
7211040003000800 - UB - 1,"BANK RAKYAT INDONESIA KCP BANGGAI LAUT , PT PERSERO TBK",citra.83@gmail.com,clicked,queued,"22 Mei 2026, 09:02:09",1
7211040003000800 - UB - 1,"BANK RAKYAT INDONESIA KCP BANGGAI LAUT , PT PERSERO TBK",citra.83@gmail.com,clicked,delivered,"22 Mei 2026, 09:02:13",2
7211040003000800 - UB - 1,"BANK RAKYAT INDONESIA KCP BANGGAI LAUT , PT PERSERO TBK",citra.83@gmail.com,clicked,clicked,"22 Mei 2026, 09:26:04",3
7211040003000800 - UB - 1,"BANK RAKYAT INDONESIA KCP BANGGAI LAUT , PT PERSERO TBK",citra.83@gmail.com,clicked,clicked,"22 Mei 2026, 18:03:19",4
7211040003000800 - UB - 1,"BANK RAKYAT INDONESIA KCP BANGGAI LAUT , PT PERSERO TBK",citra.83@gmail.com,clicked,clicked,"22 Mei 2026, 18:04:02",5
7211040003000800 - UB - 1,"BANK RAKYAT INDONESIA KCP BANGGAI LAUT , PT PERSERO TBK",citra.83@gmail.com,-,-,-,0
7202052004500100 - UB - 1,"KELOLA MINA LAUT, PT",kml.luwuk@gmail.com,queued,delivered,"02 Jun 2026, 00:45:02",1
7202052004500100 - UB - 1,"KELOLA MINA LAUT, PT",kml.luwuk@gmail.com,queued,queued,"02 Jun 2026, 00:44:59",2
7211040004000400 - UB - 2,"BRI UNIT BANGGAI, PT",lvrttlv@gmail.com,opened,queued,"29 Mei 2026, 09:40:13",1
7211040004000400 - UB - 2,"BRI UNIT BANGGAI, PT",lvrttlv@gmail.com,opened,delivered,"29 Mei 2026, 09:40:13",2
7211040004000400 - UB - 2,"BRI UNIT BANGGAI, PT",lvrttlv@gmail.com,opened,opened,"29 Mei 2026, 09:40:26",3
7211040004000400 - UB - 2,"BRI UNIT BANGGAI, PT",lvrttlv@gmail.com,opened,clicked,"29 Mei 2026, 09:40:29",4
7211040004000400 - UB - 2,"BRI UNIT BANGGAI, PT",lvrttlv@gmail.com,opened,opened,"29 Mei 2026, 09:40:33",5
7204011005001400 - UB - 1,CIPTA TORAU RESORT,cipta.torauresort@gmail.com,opened,queued,"22 Mei 2026, 16:37:52",1
7204011005001400 - UB - 1,CIPTA TORAU RESORT,cipta.torauresort@gmail.com,opened,delivered,"22 Mei 2026, 16:37:55",2
7204011005001400 - UB - 1,CIPTA TORAU RESORT,cipta.torauresort@gmail.com,opened,opened,"22 Mei 2026, 16:39:10",3
7204011005001400 - UB - 1,CIPTA TORAU RESORT,cipta.torauresort@gmail.com,opened,clicked,"22 Mei 2026, 16:39:35",4
7204011005001400 - UB - 1,CIPTA TORAU RESORT,cipta.torauresort@gmail.com,opened,opened,"25 Mei 2026, 16:28:10",5
7206040016002900 - UB - 2,"BANK SYARIAH INDONESIA, PT PERSERO TBK",igedeariasa2@gmail.com,-,-,-,0
7206050008001100 - UB - 2,BANDARA SULTAN BANTILAN,igedeariasa2@gmail.com,-,-,-,0
7206040016003400 - UB - 1,"BANK MANDIRI, PT PERSERO TBK",igedeariasa2@gmail.com,-,-,-,0
7206040016003901 - UB - 2,"BANK NEGARA INDONESIA, PT PERSERO TBK",igedeariasa2@gmail.com,-,-,-,0
7206040016003902 - UB - 1,BANK RAKYAT INDONESIA KANTOR CABANG TOLITOLI,igedeariasa2@gmail.com,delivered,queued,"26 Mei 2026, 14:27:58",1
7206040016003902 - UB - 1,BANK RAKYAT INDONESIA KANTOR CABANG TOLITOLI,igedeariasa2@gmail.com,delivered,delivered,"26 Mei 2026, 14:28:01",2
7206040016003902 - UB - 1,BANK RAKYAT INDONESIA KANTOR CABANG TOLITOLI,igedeariasa2@gmail.com,delivered,opened,"26 Mei 2026, 14:29:17",3
7206040016003902 - UB - 1,BANK RAKYAT INDONESIA KANTOR CABANG TOLITOLI,igedeariasa2@gmail.com,delivered,queued,"26 Mei 2026, 14:29:27",4
7206040016003902 - UB - 1,BANK RAKYAT INDONESIA KANTOR CABANG TOLITOLI,igedeariasa2@gmail.com,delivered,delivered,"26 Mei 2026, 14:29:30",5
7204070011000200 - UB - 1,"ASURANSI UMUM BUMIPUTERA MUDA 1967, PT",palu@bumida.co.id,clicked,queued,"26 Mei 2026, 07:28:26",1
7204070011000200 - UB - 1,"ASURANSI UMUM BUMIPUTERA MUDA 1967, PT",palu@bumida.co.id,clicked,delivered,"26 Mei 2026, 07:28:29",2
7204070011000200 - UB - 1,"ASURANSI UMUM BUMIPUTERA MUDA 1967, PT",palu@bumida.co.id,clicked,clicked,"26 Mei 2026, 09:27:22",3
7204070011000200 - UB - 1,"ASURANSI UMUM BUMIPUTERA MUDA 1967, PT",palu@bumida.co.id,clicked,opened,"26 Mei 2026, 09:27:32",4
7204070011000200 - UB - 1,"ASURANSI UMUM BUMIPUTERA MUDA 1967, PT",palu@bumida.co.id,clicked,clicked,"26 Mei 2026, 09:27:39",5
7204070011000200 - UB - 1,"ASURANSI UMUM BUMIPUTERA MUDA 1967, PT",mappangerangmangata1@gmail.com,opened,queued,"26 Mei 2026, 15:28:15",1
7204070011000200 - UB - 1,"ASURANSI UMUM BUMIPUTERA MUDA 1967, PT",mappangerangmangata1@gmail.com,opened,queued,"26 Mei 2026, 15:28:16",2
7204070011000200 - UB - 1,"ASURANSI UMUM BUMIPUTERA MUDA 1967, PT",mappangerangmangata1@gmail.com,opened,delivered,"26 Mei 2026, 15:28:16",3
7204070011000200 - UB - 1,"ASURANSI UMUM BUMIPUTERA MUDA 1967, PT",mappangerangmangata1@gmail.com,opened,delivered,"26 Mei 2026, 15:28:16",4
7204070011000200 - UB - 1,"ASURANSI UMUM BUMIPUTERA MUDA 1967, PT",mappangerangmangata1@gmail.com,opened,opened,"26 Mei 2026, 15:29:25",5
7207011003000300 - UB - 1,BRI KC POGOGUL BUOL,pogogul1057@gmail.com,clicked,queued,"19 Mei 2026, 11:14:34",1
7207011003000300 - UB - 1,BRI KC POGOGUL BUOL,pogogul1057@gmail.com,clicked,delivered,"19 Mei 2026, 11:14:38",2
7207011003000300 - UB - 1,BRI KC POGOGUL BUOL,pogogul1057@gmail.com,clicked,opened,"20 Mei 2026, 10:33:42",3
7207011003000300 - UB - 1,BRI KC POGOGUL BUOL,pogogul1057@gmail.com,clicked,clicked,"20 Mei 2026, 10:33:48",4
7206050008001100 - UB - 1,"WINGS ABADI, PT",igedeariasa2@gmail.com,-,-,-,0
7206050008001100 - UB - 1,"WINGS ABADI, PT",igedeariasa2@gmail.com,-,-,-,0
7206050008001100 - UB - 1,"WINGS ABADI, PT",akudandiriku2772@gmail.com,-,-,-,0
7206050008001100 - UB - 1,"WINGS ABADI, PT",igedeariasa2@gmail.com,-,-,-,0
7206040016004600 - UB - 1,RUMAH SAKIT UMUM DAERAH MOKOPIDO,igedeariasa2@gmail.com,-,-,-,0
7206040014002500 - UB - 1,"FEDERAL INTERNATIONAL FINANCE, PT",igedeariasa2@gmail.com,-,-,-,0
7206040016003100 - UB - 1,BANK SULTENG KANTOR CABANG TOLTIOLI,igedeariasa2@gmail.com,-,-,-,0
7206040016002900 - UB - 3,"ADIRA DINAMIKA MULTI FINANCE, PT TBK",igedeariasa2@gmail.com,-,-,-,0
7203021005000504 - UB - 1,CHINA EQUIPMENT RENTAL,ptchinaequipmentrental@gmail.com,clicked,delivered,"02 Jun 2026, 02:07:11",1
7203021005000504 - UB - 1,CHINA EQUIPMENT RENTAL,ptchinaequipmentrental@gmail.com,clicked,queued,"02 Jun 2026, 02:07:11",2
7203021005000504 - UB - 1,CHINA EQUIPMENT RENTAL,ptchinaequipmentrental@gmail.com,clicked,opened,"03 Jun 2026, 19:18:02",3
7203021005000504 - UB - 1,CHINA EQUIPMENT RENTAL,ptchinaequipmentrental@gmail.com,clicked,clicked,"03 Jun 2026, 19:18:17",4
7204030009001700 - UB - 1,"TELKOM, PT",agungnugroho9605@gmail.com,clicked,queued,"26 Mei 2026, 08:36:59",1
7204030009001700 - UB - 1,"TELKOM, PT",agungnugroho9605@gmail.com,clicked,delivered,"26 Mei 2026, 08:37:03",2
7204030009001700 - UB - 1,"TELKOM, PT",agungnugroho9605@gmail.com,clicked,opened,"26 Mei 2026, 08:49:14",3
7204030009001700 - UB - 1,"TELKOM, PT",agungnugroho9605@gmail.com,clicked,opened,"26 Mei 2026, 09:10:36",4
7204030009001700 - UB - 1,"TELKOM, PT",agungnugroho9605@gmail.com,clicked,clicked,"26 Mei 2026, 09:11:02",5
7204070012000900 - UB - 1,PEGADAIAN (PERSERO),marthen.muaya@pegadaian.co.id,opened,queued,"26 Mei 2026, 08:32:00",1
7204070012000900 - UB - 1,PEGADAIAN (PERSERO),marthen.muaya@pegadaian.co.id,opened,delivered,"26 Mei 2026, 08:32:03",2
7204070012000900 - UB - 1,PEGADAIAN (PERSERO),marthen.muaya@pegadaian.co.id,opened,opened,"26 Mei 2026, 08:36:38",3
7204070012000900 - UB - 1,PEGADAIAN (PERSERO),marthen.muaya@pegadaian.co.id,opened,clicked,"26 Mei 2026, 08:36:53",4
7204070012000900 - UB - 1,PEGADAIAN (PERSERO),marthen.muaya@pegadaian.co.id,opened,opened,"26 Mei 2026, 09:36:08",5
7204070010000602 - UB - 2,PERUM BULOG KANTOR CABANG POSO,bulogkancabposo@gmail.com,clicked,queued,"26 Mei 2026, 08:33:09",1
7204070010000602 - UB - 2,PERUM BULOG KANTOR CABANG POSO,bulogkancabposo@gmail.com,clicked,delivered,"26 Mei 2026, 08:33:12",2
7204070010000602 - UB - 2,PERUM BULOG KANTOR CABANG POSO,bulogkancabposo@gmail.com,clicked,opened,"26 Mei 2026, 11:10:36",3
7204070010000602 - UB - 2,PERUM BULOG KANTOR CABANG POSO,bulogkancabposo@gmail.com,clicked,clicked,"26 Mei 2026, 11:11:40",4
7204070010000602 - UB - 2,PERUM BULOG KANTOR CABANG POSO,bulogkancabposo@gmail.com,clicked,clicked,"26 Mei 2026, 11:11:44",5
7206040014001100 - UB - 1,"KANTOR POS INDONESIA, PT PERSERO",igedeariasa2@gmail.com,-,-,-,0
7206040018000200 - UB - 1,UNIVERSITAS MADAKO,igedeariasa2@gmail.com,-,-,-,0
7206040014002000 - UB - 1,"PERUSAHAAN LISTRIK NEGARA, PT PERSERO",igedeariasa2@gmail.com,-,-,-,0
7211040004000400 - UB - 1,BANK MANDIRI (PERSERO) TBK KCP BANGGAI LAUT,marchelamacpal@gmail.com,clicked,queued,"19 Mei 2026, 09:26:43",1
7211040004000400 - UB - 1,BANK MANDIRI (PERSERO) TBK KCP BANGGAI LAUT,marchelamacpal@gmail.com,clicked,delivered,"19 Mei 2026, 09:26:46",2
7211040004000400 - UB - 1,BANK MANDIRI (PERSERO) TBK KCP BANGGAI LAUT,marchelamacpal@gmail.com,clicked,opened,"19 Mei 2026, 09:26:52",3
7211040004000400 - UB - 1,BANK MANDIRI (PERSERO) TBK KCP BANGGAI LAUT,marchelamacpal@gmail.com,clicked,opened,"19 Mei 2026, 09:27:05",4
7211040004000400 - UB - 1,BANK MANDIRI (PERSERO) TBK KCP BANGGAI LAUT,marchelamacpal@gmail.com,clicked,clicked,"19 Mei 2026, 09:28:15",5
7207031002001202 - UB - 1,"HARDAYA INTI PLANTATIONS, PT",sukirno2.sukirno2@hardaya.co.id,clicked,queued,"19 Mei 2026, 11:14:38",1
7207031002001202 - UB - 1,"HARDAYA INTI PLANTATIONS, PT",sukirno2.sukirno2@hardaya.co.id,clicked,delivered,"19 Mei 2026, 11:14:41",2
7207031002001202 - UB - 1,"HARDAYA INTI PLANTATIONS, PT",sukirno2.sukirno2@hardaya.co.id,clicked,clicked,"20 Mei 2026, 10:24:39",3
7207031002001202 - UB - 1,"HARDAYA INTI PLANTATIONS, PT",sukirno2.sukirno2@hardaya.co.id,clicked,clicked,"25 Mei 2026, 10:26:46",4
7207031002001202 - UB - 1,"HARDAYA INTI PLANTATIONS, PT",sukirno2.sukirno2@hardaya.co.id,clicked,clicked,"25 Mei 2026, 11:03:21",5
7210120011000500 - UB - 1,KPN ENTHOPYTO,koperasientophyto@gmail.com,opened,queued,"15 Mei 2026, 18:45:38",1
7210120011000500 - UB - 1,KPN ENTHOPYTO,koperasientophyto@gmail.com,opened,delivered,"15 Mei 2026, 18:45:41",2
7210120011000500 - UB - 1,KPN ENTHOPYTO,koperasientophyto@gmail.com,opened,opened,"21 Mei 2026, 10:27:09",3
7210120011000500 - UB - 1,KPN ENTHOPYTO,koperasientophyto@gmail.com,opened,opened,"21 Mei 2026, 10:27:33",4
7210120011000500 - UB - 1,KPN ENTHOPYTO,koperasientophyto@gmail.com,opened,opened,"21 Mei 2026, 10:30:36",5
7210120011000500 - UB - 1,KPN ENTHOPYTO,koperasientophyto@gmail.com,-,-,-,0
7210120011000500 - UB - 1,KPN ENTHOPYTO,koperasientophyto@gmail.com,-,-,-,0
7206050008000401 - UB - 1,PERTAMINA PATRA NIAGA,igedeariasa2@gmail.com,clicked,delivered,"22 Mei 2026, 14:51:16",1
7206050008000401 - UB - 1,PERTAMINA PATRA NIAGA,igedeariasa2@gmail.com,clicked,queued,"22 Mei 2026, 14:51:16",2
7206050008000401 - UB - 1,PERTAMINA PATRA NIAGA,igedeariasa2@gmail.com,clicked,opened,"22 Mei 2026, 14:51:42",3
7206050008000401 - UB - 1,PERTAMINA PATRA NIAGA,igedeariasa2@gmail.com,clicked,clicked,"22 Mei 2026, 14:52:05",4
7206050008000401 - UB - 1,PERTAMINA PATRA NIAGA,igedeariasa2@gmail.com,clicked,clicked,"22 Mei 2026, 14:53:20",5
7211040002000402 - UB - 1,"BANK SULTENG CABANG BANGGAI LAUT, PT",rendy.bukamo@gmail.com,opened,queued,"19 Mei 2026, 09:52:52",1
7211040002000402 - UB - 1,"BANK SULTENG CABANG BANGGAI LAUT, PT",rendy.bukamo@gmail.com,opened,delivered,"19 Mei 2026, 09:52:55",2
7211040002000402 - UB - 1,"BANK SULTENG CABANG BANGGAI LAUT, PT",rendy.bukamo@gmail.com,opened,opened,"19 Mei 2026, 09:52:59",3
7211040002000402 - UB - 1,"BANK SULTENG CABANG BANGGAI LAUT, PT",rendy.bukamo@gmail.com,opened,clicked,"19 Mei 2026, 09:53:16",4
7211040002000402 - UB - 1,"BANK SULTENG CABANG BANGGAI LAUT, PT",rendy.bukamo@gmail.com,opened,opened,"19 Mei 2026, 10:33:59",5
7207011003003300 - UB - 1,BUOL JAYA LESTARI GAS PT,ptbuoljayalestari@yahoo.com,opened,queued,"19 Mei 2026, 11:14:38",1
7207011003003300 - UB - 1,BUOL JAYA LESTARI GAS PT,ptbuoljayalestari@yahoo.com,opened,delivered,"19 Mei 2026, 11:14:41",2
7207011003003300 - UB - 1,BUOL JAYA LESTARI GAS PT,ptbuoljayalestari@yahoo.com,opened,opened,"20 Mei 2026, 10:30:21",3
7207011003003300 - UB - 1,BUOL JAYA LESTARI GAS PT,ptbuoljayalestari@yahoo.com,opened,opened,"20 Mei 2026, 10:36:04",4
7207011003003300 - UB - 1,BUOL JAYA LESTARI GAS PT,ptbuoljayalestari@yahoo.com,opened,opened,"20 Mei 2026, 10:39:49",5
7207011003003300 - UB - 1,BUOL JAYA LESTARI GAS PT,adhinkkopral@gmail.com,clicked,delivered,"20 Mei 2026, 10:42:31",1
7207011003003300 - UB - 1,BUOL JAYA LESTARI GAS PT,adhinkkopral@gmail.com,clicked,queued,"20 Mei 2026, 10:42:31",2
7207011003003300 - UB - 1,BUOL JAYA LESTARI GAS PT,adhinkkopral@gmail.com,clicked,opened,"20 Mei 2026, 10:43:17",3
7207011003003300 - UB - 1,BUOL JAYA LESTARI GAS PT,adhinkkopral@gmail.com,clicked,opened,"20 Mei 2026, 10:45:20",4
7207011003003300 - UB - 1,BUOL JAYA LESTARI GAS PT,adhinkkopral@gmail.com,clicked,clicked,"20 Mei 2026, 10:45:25",5
7207011003003300 - UB - 1,BUOL JAYA LESTARI GAS PT,adhinkkopral@gmail.com,-,-,-,0
7207011006001000 - UB - 1,BANK PEREKONOMIAN RAKYAT MODERN EXPRESS,Kc.Buol@Bprmodex.com,bounced,queued,"19 Mei 2026, 11:14:37",1
7207011006001000 - UB - 1,BANK PEREKONOMIAN RAKYAT MODERN EXPRESS,Kc.Buol@Bprmodex.com,bounced,bounced,"19 Mei 2026, 11:14:37",2
7207011006001000 - UB - 1,BANK PEREKONOMIAN RAKYAT MODERN EXPRESS,fandhymadjid96@gmail.com,opened,queued,"20 Mei 2026, 10:34:40",1
7207011006001000 - UB - 1,BANK PEREKONOMIAN RAKYAT MODERN EXPRESS,fandhymadjid96@gmail.com,opened,delivered,"20 Mei 2026, 10:34:40",2
7207011006001000 - UB - 1,BANK PEREKONOMIAN RAKYAT MODERN EXPRESS,fandhymadjid96@gmail.com,opened,opened,"20 Mei 2026, 10:34:50",3
7207011006001000 - UB - 1,BANK PEREKONOMIAN RAKYAT MODERN EXPRESS,fandhymadjid96@gmail.com,opened,clicked,"20 Mei 2026, 10:34:53",4
7207011006001000 - UB - 1,BANK PEREKONOMIAN RAKYAT MODERN EXPRESS,fandhymadjid96@gmail.com,opened,opened,"20 Mei 2026, 10:38:58",5
7207011006001000 - UB - 1,BANK PEREKONOMIAN RAKYAT MODERN EXPRESS,fandhymadjid96@gmail.com,-,-,-,0
7211040004000800 - UB - 1,"PERTAMINA PATRANIAGA, PT",rezadoanker8@gmail.com,queued,bounced,"19 Mei 2026, 09:51:10",1
7211040004000800 - UB - 1,"PERTAMINA PATRANIAGA, PT",rezadoanker8@gmail.com,queued,queued,"19 Mei 2026, 09:51:11",2
7211040004000800 - UB - 1,"PERTAMINA PATRANIAGA, PT",razadoanker8@gmail.com,opened,queued,"19 Mei 2026, 09:53:50",1
7211040004000800 - UB - 1,"PERTAMINA PATRANIAGA, PT",razadoanker8@gmail.com,opened,delivered,"19 Mei 2026, 09:53:51",2
7211040004000800 - UB - 1,"PERTAMINA PATRANIAGA, PT",razadoanker8@gmail.com,opened,opened,"19 Mei 2026, 09:53:57",3
7211040004000800 - UB - 1,"PERTAMINA PATRANIAGA, PT",razadoanker8@gmail.com,opened,clicked,"19 Mei 2026, 09:54:05",4
7211040004000800 - UB - 1,"PERTAMINA PATRANIAGA, PT",razadoanker8@gmail.com,opened,opened,"19 Mei 2026, 10:15:35",5
7207011005001501 - UB - 2,UPT RSUD MOKOYURLI BUOL,ianalfian95@gmail.com,clicked,queued,"19 Mei 2026, 11:14:34",1
7207011005001501 - UB - 2,UPT RSUD MOKOYURLI BUOL,ianalfian95@gmail.com,clicked,delivered,"19 Mei 2026, 11:14:37",2
7207011005001501 - UB - 2,UPT RSUD MOKOYURLI BUOL,ianalfian95@gmail.com,clicked,opened,"19 Mei 2026, 11:16:08",3
7207011005001501 - UB - 2,UPT RSUD MOKOYURLI BUOL,ianalfian95@gmail.com,clicked,clicked,"19 Mei 2026, 11:16:33",4
7207011005001501 - UB - 2,UPT RSUD MOKOYURLI BUOL,ianalfian95@gmail.com,clicked,clicked,"20 Mei 2026, 09:39:58",5
7207011004000500 - UB - 1,PT BANK NEGARA INDONESIA (PERSERO) TBK,cona3176@bni.co.id,queued,bounced,"19 Mei 2026, 11:14:34",1
7207011004000500 - UB - 1,PT BANK NEGARA INDONESIA (PERSERO) TBK,cona3176@bni.co.id,queued,queued,"19 Mei 2026, 11:14:34",2
7207011004000500 - UB - 1,PT BANK NEGARA INDONESIA (PERSERO) TBK,ynataliaw@gmail.com,clicked,queued,"20 Mei 2026, 11:02:44",1
7207011004000500 - UB - 1,PT BANK NEGARA INDONESIA (PERSERO) TBK,ynataliaw@gmail.com,clicked,delivered,"20 Mei 2026, 11:02:47",2
7207011004000500 - UB - 1,PT BANK NEGARA INDONESIA (PERSERO) TBK,ynataliaw@gmail.com,clicked,opened,"20 Mei 2026, 11:03:04",3
7207011004000500 - UB - 1,PT BANK NEGARA INDONESIA (PERSERO) TBK,ynataliaw@gmail.com,clicked,clicked,"20 Mei 2026, 11:03:26",4
7271010007001500 - UB - 1,BERKAH BANGGAI RAYA,banggai.br@gmail.com,delivered,queued,"02 Jun 2026, 00:49:51",1
7271010007001500 - UB - 1,BERKAH BANGGAI RAYA,banggai.br@gmail.com,delivered,delivered,"02 Jun 2026, 00:49:54",2
7271010008001102 - UB - 1,CERAH PELANGI PURNAMA,ptcerahpelangipurnama@gmail.com,opened,queued,"02 Jun 2026, 06:47:29",1
7271010008001102 - UB - 1,CERAH PELANGI PURNAMA,ptcerahpelangipurnama@gmail.com,opened,delivered,"02 Jun 2026, 06:47:33",2
7271010008001102 - UB - 1,CERAH PELANGI PURNAMA,ptcerahpelangipurnama@gmail.com,opened,opened,"02 Jun 2026, 22:14:34",3
7271010008001102 - UB - 1,CERAH PELANGI PURNAMA,ptcerahpelangipurnama@gmail.com,opened,opened,"03 Jun 2026, 11:17:02",4
7202050011000800 - UB - 1,"MIDI UTAMA INDONESIA, TBK",tax_staff.btg832001@btg.mu.co.id,delivered,queued,"02 Jun 2026, 10:10:33",1
7202050011000800 - UB - 1,"MIDI UTAMA INDONESIA, TBK",tax_staff.btg832001@btg.mu.co.id,delivered,delivered,"02 Jun 2026, 10:10:33",2
7202050023000700 - UB - 3,SINAR MITRA SEPADAN FINANCE,apriadi.mamang@smsfinance.co.id,delivered,queued,"02 Jun 2026, 08:03:36",1
7202050023000700 - UB - 3,SINAR MITRA SEPADAN FINANCE,apriadi.mamang@smsfinance.co.id,delivered,delivered,"02 Jun 2026, 08:03:50",2
7271010011001700 - UB - 1,GHEZZ PATOMBONG PERKASA,ptghezzpatombongperkasa@gmail.com,delivered,queued,"01 Jun 2026, 23:42:52",1
7271010011001700 - UB - 1,GHEZZ PATOMBONG PERKASA,ptghezzpatombongperkasa@gmail.com,delivered,delivered,"01 Jun 2026, 23:42:57",2
7202052001000200 - UB - 1,PERTAMINA PATRA NIAGA,patra.luwuk@outlook.com,delivered,queued,"02 Jun 2026, 05:19:21",1
7202052001000200 - UB - 1,PERTAMINA PATRA NIAGA,patra.luwuk@outlook.com,delivered,delivered,"02 Jun 2026, 05:19:34",2
7202050026000302 - UB - 1,LAUT SULINDAH SPBU,spbulautsulindah@gmail.com,delivered,queued,"02 Jun 2026, 08:48:26",1
7202050026000302 - UB - 1,LAUT SULINDAH SPBU,spbulautsulindah@gmail.com,delivered,delivered,"02 Jun 2026, 08:48:30",2
7202050023001600 - UB - 2,DHARMA REJEKI ABADI,ptdharmarejekiabadi@gmail.com,queued,delivered,"02 Jun 2026, 03:25:52",1
7202050023001600 - UB - 2,DHARMA REJEKI ABADI,ptdharmarejekiabadi@gmail.com,queued,queued,"02 Jun 2026, 03:25:52",2
7271012003002000 - UB - 1,MUSTAMIN PATANGA,mustaminpatanga654@gmail.com,delivered,queued,"02 Jun 2026, 06:54:37",1
7271012003002000 - UB - 1,MUSTAMIN PATANGA,mustaminpatanga654@gmail.com,delivered,delivered,"02 Jun 2026, 06:54:37",2
7271011002000602 - UB - 1,MAJU JAYA PALU,majujayapalu23@gmail.com,-,-,-,0
7202052004000500 - UB - 1,INDOTROPIC FISHERY,indotropic_lwk@yahoo.com,delivered,queued,"01 Jun 2026, 23:31:46",1
7202052004000500 - UB - 1,INDOTROPIC FISHERY,indotropic_lwk@yahoo.com,delivered,delivered,"01 Jun 2026, 23:31:47",2
7202050023001000 - UB - 1,INDOMOBIL FINANCE INDONESIA,hilmawan.halid@indomobilfinance.com,-,-,-,0
7202050023001600 - UB - 1,"ASDP INDONESIA FERRY PERSERO, PT",luwuk@indonesiaferry.co.id,delivered,queued,"02 Jun 2026, 04:11:42",1
7202050023001600 - UB - 1,"ASDP INDONESIA FERRY PERSERO, PT",luwuk@indonesiaferry.co.id,delivered,delivered,"02 Jun 2026, 04:11:43",2
7271010004000800 - UB - 1,BANK SYARIAH INDONESIA TBK.,asrafdipa93@gmail.com,delivered,queued,"02 Jun 2026, 10:43:56",1
7271010004000800 - UB - 1,BANK SYARIAH INDONESIA TBK.,asrafdipa93@gmail.com,delivered,delivered,"02 Jun 2026, 10:43:57",2
7202040006000200 - UB - 1,YAKUSA RIZKY PERKASA,baeramdi@gmail.com,delivered,queued,"02 Jun 2026, 10:06:12",1
7202040006000200 - UB - 1,YAKUSA RIZKY PERKASA,baeramdi@gmail.com,delivered,delivered,"02 Jun 2026, 10:06:16",2
7271010004001500 - UB - 2,"SAPTA UNGGUL, PT",sentralyamaha.palu@gmail.com,delivered,queued,"02 Jun 2026, 02:37:32",1
7271010004001500 - UB - 2,"SAPTA UNGGUL, PT",sentralyamaha.palu@gmail.com,delivered,delivered,"02 Jun 2026, 02:37:36",2
7271010004001600 - UB - 1,ROLAND AGUNG SOPUTRA,soputraroland@yahoo.com,bounced,queued,"02 Jun 2026, 07:57:15",1
7271010004001600 - UB - 1,ROLAND AGUNG SOPUTRA,soputraroland@yahoo.com,bounced,bounced,"02 Jun 2026, 07:57:37",2
7202050009000500 - UB - 1,"BANK DANAMON INDONESIA, PT TBK KCP LUWUK",bankdanamon.admin@gmail.com,bounced,queued,"01 Jun 2026, 23:07:49",1
7202050009000500 - UB - 1,"BANK DANAMON INDONESIA, PT TBK KCP LUWUK",bankdanamon.admin@gmail.com,bounced,bounced,"01 Jun 2026, 23:07:49",2
7271010004002000 - UB - 2,GARINDO CV,cv.garindopalu@yahoo.com,opened,queued,"02 Jun 2026, 02:01:57",1
7271010004002000 - UB - 2,GARINDO CV,cv.garindopalu@yahoo.com,opened,delivered,"02 Jun 2026, 02:01:57",2
7271010004002000 - UB - 2,GARINDO CV,cv.garindopalu@yahoo.com,opened,opened,"02 Jun 2026, 09:21:09",3
7202050009003000 - UB - 2,BANK PERKREDITAN RAKYAT PALU LOKADANA UTAMA,kc.luwuk@bprpalulokadanautama.com,bounced,queued,"02 Jun 2026, 07:38:27",1
7202050009003000 - UB - 2,BANK PERKREDITAN RAKYAT PALU LOKADANA UTAMA,kc.luwuk@bprpalulokadanautama.com,bounced,bounced,"02 Jun 2026, 07:38:30",2
7271010007000602 - UB - 1,"PEGADAIAN UPC PASAR MANONDA, PT",customer.care@pegadaian.co.id,delivered,queued,"02 Jun 2026, 02:42:04",1
7271010007000602 - UB - 1,"PEGADAIAN UPC PASAR MANONDA, PT",customer.care@pegadaian.co.id,delivered,delivered,"02 Jun 2026, 02:42:08",2
7202050009003600 - UB - 1,BUMI NUSA PRATAMA,piterlistaky@gmail.com,delivered,queued,"02 Jun 2026, 01:14:04",1
7202050009003600 - UB - 1,BUMI NUSA PRATAMA,piterlistaky@gmail.com,delivered,delivered,"02 Jun 2026, 01:14:08",2
7202050023000700 - UB - 5,"BANK SYARIAH INDONESIA, PT TBK KC LUWUK",bankbsiluwuk@gmail.com,delivered,queued,"02 Jun 2026, 08:24:22",1
7202050023000700 - UB - 5,"BANK SYARIAH INDONESIA, PT TBK KC LUWUK",bankbsiluwuk@gmail.com,delivered,delivered,"02 Jun 2026, 08:24:25",2
7271011004001300 - UB - 1,BERKAT JAYA MOTOR,bjayatax@gmail.com,delivered,queued,"02 Jun 2026, 07:02:48",1
7271011004001300 - UB - 1,BERKAT JAYA MOTOR,bjayatax@gmail.com,delivered,delivered,"02 Jun 2026, 07:02:52",2
7202050023000700 - UB - 4,BANK SAMPAH INDUK BERLIAN,anasholechah6196@gmail.com,bounced,queued,"02 Jun 2026, 07:23:53",1
7202050023000700 - UB - 4,BANK SAMPAH INDUK BERLIAN,anasholechah6196@gmail.com,bounced,bounced,"02 Jun 2026, 07:23:56",2
7271011006001402 - UB - 1,DURIAN KING FRUIT,duriankingfruit@gmail.com,delivered,queued,"02 Jun 2026, 09:31:50",1
7271011006001402 - UB - 1,DURIAN KING FRUIT,duriankingfruit@gmail.com,delivered,delivered,"02 Jun 2026, 09:31:53",2
7202052009001100 - UB - 1,KILONGAN JAYA SAKTI,kilonganjayasakti@gmail.com,opened,queued,"02 Jun 2026, 04:59:27",1
7202052009001100 - UB - 1,KILONGAN JAYA SAKTI,kilonganjayasakti@gmail.com,opened,delivered,"02 Jun 2026, 04:59:38",2
7202052009001100 - UB - 1,KILONGAN JAYA SAKTI,kilonganjayasakti@gmail.com,opened,opened,"02 Jun 2026, 09:33:32",3
7202052009001100 - UB - 1,KILONGAN JAYA SAKTI,kilonganjayasakti@gmail.com,opened,opened,"02 Jun 2026, 09:40:12",4
7202052009001100 - UB - 1,KILONGAN JAYA SAKTI,kilonganjayasakti@gmail.com,opened,opened,"03 Jun 2026, 09:58:29",5
7202050009002200 - UB - 1,PT PEGADAIAN PERSERO CABANG LUWUK,cpp.luwuk@pegadaian.co.id,opened,queued,"02 Jun 2026, 05:21:43",1
7202050009002200 - UB - 1,PT PEGADAIAN PERSERO CABANG LUWUK,cpp.luwuk@pegadaian.co.id,opened,delivered,"02 Jun 2026, 05:21:46",2
7202050009002200 - UB - 1,PT PEGADAIAN PERSERO CABANG LUWUK,cpp.luwuk@pegadaian.co.id,opened,opened,"02 Jun 2026, 12:37:54",3
7202050009000900 - UB - 7,BANK MANDIRI (PERSERO),luwuk@bankmandiri.co.id,delivered,queued,"02 Jun 2026, 08:08:05",1
7202050009000900 - UB - 7,BANK MANDIRI (PERSERO),luwuk@bankmandiri.co.id,delivered,delivered,"02 Jun 2026, 08:08:12",2
7202050009000900 - UB - 4,"BANK RAKYAT INDONESIA, PT (PERSERO) TBK KC LUWUK",brikantorcabangluwuk@gmail.com,delivered,queued,"02 Jun 2026, 03:02:15",1
7202050009000900 - UB - 4,"BANK RAKYAT INDONESIA, PT (PERSERO) TBK KC LUWUK",brikantorcabangluwuk@gmail.com,delivered,delivered,"02 Jun 2026, 03:02:16",2
7202050009000900 - UB - 9,BANK SULTENG CABANG LUWUK PT,banksulteng.luwuk@yahoo.co.id,opened,queued,"18 Mei 2026, 12:28:36",1
7202050009000900 - UB - 9,BANK SULTENG CABANG LUWUK PT,banksulteng.luwuk@yahoo.co.id,opened,delivered,"18 Mei 2026, 12:28:36",2
7202050009000900 - UB - 9,BANK SULTENG CABANG LUWUK PT,banksulteng.luwuk@yahoo.co.id,opened,queued,"02 Jun 2026, 02:42:36",3
7202050009000900 - UB - 9,BANK SULTENG CABANG LUWUK PT,banksulteng.luwuk@yahoo.co.id,opened,delivered,"02 Jun 2026, 02:42:36",4
7202050009000900 - UB - 9,BANK SULTENG CABANG LUWUK PT,banksulteng.luwuk@yahoo.co.id,opened,opened,"02 Jun 2026, 02:43:00",5
7202050009000900 - UB - 9,BANK SULTENG CABANG LUWUK PT,banksulteng.luwuk@yahoo.co.id,-,-,-,0
7271010006000103 - UB - 1,ARBA SONS COMPANY,arbapalu@yahoo.com,bounced,queued,"02 Jun 2026, 08:56:24",1
7271010006000103 - UB - 1,ARBA SONS COMPANY,arbapalu@yahoo.com,bounced,bounced,"02 Jun 2026, 08:58:37",2
7202050009002902 - UB - 1,CAHAYA BARU SENTOSA,cbs_luwuk@yahoo.com,bounced,queued,"02 Jun 2026, 03:51:54",1
7202050009002902 - UB - 1,CAHAYA BARU SENTOSA,cbs_luwuk@yahoo.com,bounced,bounced,"02 Jun 2026, 03:53:26",2
7202050009003100 - UB - 1,MUJUR PUTRA PERKASA,pt.mujurputraperkasa@gmail.com,delivered,queued,"02 Jun 2026, 08:04:44",1
7202050009003100 - UB - 1,MUJUR PUTRA PERKASA,pt.mujurputraperkasa@gmail.com,delivered,delivered,"02 Jun 2026, 08:04:45",2
7271010007000101 - UB - 1,ALLTHEA CYRIL ILLONA HUMAIRAH,alltheacyrilillonahumairah@gmail.com,delivered,queued,"02 Jun 2026, 03:34:27",1
7271010007000101 - UB - 1,ALLTHEA CYRIL ILLONA HUMAIRAH,alltheacyrilillonahumairah@gmail.com,delivered,delivered,"02 Jun 2026, 03:34:31",2
7202050009003400 - UB - 1,ARIEFANDA PUTRA BROTHERS,ariefandaputrabrothers@gmail.com,delivered,queued,"02 Jun 2026, 07:14:04",1
7202050009003400 - UB - 1,ARIEFANDA PUTRA BROTHERS,ariefandaputrabrothers@gmail.com,delivered,delivered,"02 Jun 2026, 07:14:08",2
7271011005001301 - UB - 1,BUMI LAROBENU SEJAHTERA,bumilarobenusejahtera.pt@gmail.com,delivered,queued,"02 Jun 2026, 03:45:15",1
7271011005001301 - UB - 1,BUMI LAROBENU SEJAHTERA,bumilarobenusejahtera.pt@gmail.com,delivered,delivered,"02 Jun 2026, 03:45:18",2
7271011003002200 - UB - 1,MEDIA SARANA KONSTRUKSI,mediasaranakonstruksii@gmail.com,delivered,queued,"02 Jun 2026, 01:46:33",1
7271011003002200 - UB - 1,MEDIA SARANA KONSTRUKSI,mediasaranakonstruksii@gmail.com,delivered,delivered,"02 Jun 2026, 01:46:37",2
7202053002000700 - UB - 1,HASJRAT ABADI PT,luwuk@hasjrat.co.id,clicked,queued,"02 Jun 2026, 10:40:46",1
7202053002000700 - UB - 1,HASJRAT ABADI PT,luwuk@hasjrat.co.id,clicked,delivered,"02 Jun 2026, 10:40:50",2
7202053002000700 - UB - 1,HASJRAT ABADI PT,luwuk@hasjrat.co.id,clicked,opened,"02 Jun 2026, 10:40:54",3
7202053002000700 - UB - 1,HASJRAT ABADI PT,luwuk@hasjrat.co.id,clicked,clicked,"02 Jun 2026, 10:41:25",4
7202053002000700 - UB - 1,HASJRAT ABADI PT,luwuk@hasjrat.co.id,clicked,clicked,"02 Jun 2026, 10:41:25",5
7202053002001400 - UB - 1,PT TOMPOTIKA RAYA,trluwuk@gmail.com,opened,delivered,"01 Jun 2026, 22:49:06",1
7202053002001400 - UB - 1,PT TOMPOTIKA RAYA,trluwuk@gmail.com,opened,queued,"01 Jun 2026, 22:49:07",2
7202053002001400 - UB - 1,PT TOMPOTIKA RAYA,trluwuk@gmail.com,opened,opened,"01 Jun 2026, 22:55:19",3
7202053002001400 - UB - 1,PT TOMPOTIKA RAYA,trluwuk@gmail.com,opened,opened,"01 Jun 2026, 23:13:04",4
7202053002001400 - UB - 1,PT TOMPOTIKA RAYA,trluwuk@gmail.com,opened,opened,"02 Jun 2026, 13:20:55",5
7271012005000900 - UB - 1,SIRTU KARYA UTAMA PT,ptsirtukaryautama@gmail.com,delivered,queued,"02 Jun 2026, 07:41:42",1
7271012005000900 - UB - 1,SIRTU KARYA UTAMA PT,ptsirtukaryautama@gmail.com,delivered,delivered,"02 Jun 2026, 07:41:46",2
7271011006000200 - UB - 1,FAREL JAYA TRANSPORT,jmc_palu@yahoo.com,bounced,queued,"02 Jun 2026, 01:14:16",1
7271011006000200 - UB - 1,FAREL JAYA TRANSPORT,jmc_palu@yahoo.com,bounced,bounced,"02 Jun 2026, 01:14:20",2
7202053003001000 - UB - 1,ALL BERKEMBANG BERSAMA,allswalayan@ymail.com,bounced,queued,"02 Jun 2026, 04:32:41",1
7202053003001000 - UB - 1,ALL BERKEMBANG BERSAMA,allswalayan@ymail.com,bounced,bounced,"02 Jun 2026, 04:33:23",2
7271020007000100 - UB - 1,SETUNGGAL PERKASA,cv_1perkasa@yahoo.co.id,bounced,queued,"01 Jun 2026, 23:15:52",1
7271020007000100 - UB - 1,SETUNGGAL PERKASA,cv_1perkasa@yahoo.co.id,bounced,bounced,"01 Jun 2026, 23:17:00",2
7271020007001500 - UB - 1,CAKRAWALA LAUTAN MAS,ptcakrawalalautanmas@gmail.com,delivered,queued,"02 Jun 2026, 02:13:37",1
7271020007001500 - UB - 1,CAKRAWALA LAUTAN MAS,ptcakrawalalautanmas@gmail.com,delivered,delivered,"02 Jun 2026, 02:13:38",2
7202053009000500 - UB - 1,DAEHAN NIKEL BANGGAI ENERGI,dnikelenergi@gmail.com,-,-,-,0
7202054003000200 - UB - 1,"ALAM SUKSES BERSAMA, PT",alamtbperkasa@gmail.com,queued,delivered,"02 Jun 2026, 02:26:42",1
7202054003000200 - UB - 1,"ALAM SUKSES BERSAMA, PT",alamtbperkasa@gmail.com,queued,queued,"02 Jun 2026, 02:26:42",2
7202054003000600 - UB - 2,ALAM SUKSES BERJAYA,berkattbperkasa@gmail.com,opened,queued,"02 Jun 2026, 09:08:51",1
7202054003000600 - UB - 2,ALAM SUKSES BERJAYA,berkattbperkasa@gmail.com,opened,delivered,"02 Jun 2026, 09:08:55",2
7202054003000600 - UB - 2,ALAM SUKSES BERJAYA,berkattbperkasa@gmail.com,opened,opened,"02 Jun 2026, 09:18:48",3
7271020008003300 - UB - 1,BANK PERKREDITAN SULAWESI KARYA SENTOSA,bprsuksespalu@gmail.com,opened,queued,"02 Jun 2026, 06:31:34",1
7271020008003300 - UB - 1,BANK PERKREDITAN SULAWESI KARYA SENTOSA,bprsuksespalu@gmail.com,opened,delivered,"02 Jun 2026, 06:31:35",2
7271020008003300 - UB - 1,BANK PERKREDITAN SULAWESI KARYA SENTOSA,bprsuksespalu@gmail.com,opened,opened,"02 Jun 2026, 06:31:43",3
7271020008003300 - UB - 1,BANK PERKREDITAN SULAWESI KARYA SENTOSA,bprsuksespalu@gmail.com,opened,opened,"02 Jun 2026, 06:32:22",4
7202053009000200 - UB - 1,AMANAH BAROKAH CONS,abc22cons@gmail.com,-,-,-,0
7202053005000700 - UB - 1,CHELLENS,cvchellens@gmail.com,opened,queued,"02 Jun 2026, 05:41:04",1
7202053005000700 - UB - 1,CHELLENS,cvchellens@gmail.com,opened,delivered,"02 Jun 2026, 05:41:08",2
7202053005000700 - UB - 1,CHELLENS,cvchellens@gmail.com,opened,opened,"02 Jun 2026, 05:41:25",3
7271020008003401 - UB - 1,"BPR PALU ANUGERAH, PT",bprpaluanugerah@gmail.com,delivered,queued,"02 Jun 2026, 02:33:36",1
7271020008003401 - UB - 1,"BPR PALU ANUGERAH, PT",bprpaluanugerah@gmail.com,delivered,delivered,"02 Jun 2026, 02:33:36",2
7271020007000500 - UB - 2,FAUZAN RIZQI FELYSUW,ptfauzanrizqifelysuw@gmail.com,-,-,-,0
7271012003002300 - UB - 1,OCEAT MAJU BERSAMA,oceatmajubersama@gmail.com,delivered,queued,"02 Jun 2026, 06:03:39",1
7271012003002300 - UB - 1,OCEAT MAJU BERSAMA,oceatmajubersama@gmail.com,delivered,delivered,"02 Jun 2026, 06:03:40",2
7271012004000300 - UB - 1,"ANUGRAH JAYA PERKASA, CV",ajptipo@gmail.com,bounced,queued,"02 Jun 2026, 02:09:05",1
7271012004000300 - UB - 1,"ANUGRAH JAYA PERKASA, CV",ajptipo@gmail.com,bounced,bounced,"02 Jun 2026, 02:09:06",2
7271012005000900 - UB - 3,"WATU MERIBA JAYA, PT",pt.watumeribajaya@yahoo.co.id,delivered,queued,"02 Jun 2026, 02:55:38",1
7271012005000900 - UB - 3,"WATU MERIBA JAYA, PT",pt.watumeribajaya@yahoo.co.id,delivered,delivered,"02 Jun 2026, 02:55:49",2
7202053002000800 - UB - 1,BUSSAN AUTO FINANCE,acc3k29@bussan.co.id,opened,queued,"02 Jun 2026, 08:53:53",1
7202053002000800 - UB - 1,BUSSAN AUTO FINANCE,acc3k29@bussan.co.id,opened,delivered,"02 Jun 2026, 08:53:53",2
7202053002000800 - UB - 1,BUSSAN AUTO FINANCE,acc3k29@bussan.co.id,opened,opened,"02 Jun 2026, 08:54:04",3
7202053002000800 - UB - 1,BUSSAN AUTO FINANCE,acc3k29@bussan.co.id,opened,clicked,"02 Jun 2026, 08:54:22",4
7202053002000800 - UB - 1,BUSSAN AUTO FINANCE,acc3k29@bussan.co.id,opened,opened,"02 Jun 2026, 08:56:21",5
7202051004000200 - UB - 1,KELAPA ASIA JAYA,quanliuzeng@gmail.com,delivered,queued,"02 Jun 2026, 07:42:18",1
7202051004000200 - UB - 1,KELAPA ASIA JAYA,quanliuzeng@gmail.com,delivered,delivered,"02 Jun 2026, 07:42:18",2
7271012005000900 - UB - 2,"TOHA BATU PALU, PT",tohabatupalucorp@gmail.com,queued,delivered,"02 Jun 2026, 01:00:16",1
7271012005000900 - UB - 2,"TOHA BATU PALU, PT",tohabatupalucorp@gmail.com,queued,queued,"02 Jun 2026, 01:00:12",2
7271020004002901 - UB - 1,BANK PERKREDITAN RAKYAT SULAWESI MITRA ABADI,bprsulawesi001@gmail.com,opened,delivered,"02 Jun 2026, 09:29:44",1
7271020004002901 - UB - 1,BANK PERKREDITAN RAKYAT SULAWESI MITRA ABADI,bprsulawesi001@gmail.com,opened,queued,"02 Jun 2026, 09:29:44",2
7271020004002901 - UB - 1,BANK PERKREDITAN RAKYAT SULAWESI MITRA ABADI,bprsulawesi001@gmail.com,opened,opened,"02 Jun 2026, 09:29:52",3
7271020004002901 - UB - 1,BANK PERKREDITAN RAKYAT SULAWESI MITRA ABADI,bprsulawesi001@gmail.com,opened,opened,"02 Jun 2026, 16:38:28",4
7271020007000300 - UB - 2,PRIMA ARTHA SEJAHTERA BPR,bprpaspalu@gmail.com,delivered,queued,"02 Jun 2026, 10:38:58",1
7271020007000300 - UB - 2,PRIMA ARTHA SEJAHTERA BPR,bprpaspalu@gmail.com,delivered,delivered,"02 Jun 2026, 10:39:02",2
7202053005000800 - UB - 1,"SPBU PRAKARSA MANDIRI UTAMA, PT",spbumpu@hotmail.com,delivered,queued,"02 Jun 2026, 09:13:27",1
7202053005000800 - UB - 1,"SPBU PRAKARSA MANDIRI UTAMA, PT",spbumpu@hotmail.com,delivered,delivered,"02 Jun 2026, 09:13:34",2
7271020007003001 - UB - 1,BERKAH BATU SENTOSA,berkahbatu07@gmail.com,delivered,queued,"02 Jun 2026, 08:06:20",1
7271020007003001 - UB - 1,BERKAH BATU SENTOSA,berkahbatu07@gmail.com,delivered,delivered,"02 Jun 2026, 08:06:28",2
7271011005000801 - UB - 1,NUSA LUKINDO DWIKARYA,ptnusalukindodwikarya@gmail.com,-,-,-,0
7202052004000700 - UB - 1,LAMDONG JAYA,lamdongjaya@gmail.com,-,-,-,0
7271012003000300 - UB - 2,XIN LEI KUANG YEINDONESIA,xinleikuangyeindonesia@gmail.com,-,-,-,0
7271020007004202 - UB - 1,THE CLIFF TOGEAN,pttct@proton.me,bounced,queued,"01 Jun 2026, 22:59:43",1
7271020007004202 - UB - 1,THE CLIFF TOGEAN,pttct@proton.me,bounced,bounced,"01 Jun 2026, 23:00:27",2
7202053007200100 - UB - 1,BINTANG MUJUR SEJATI,ptbintangmujursejati@gmail.com,delivered,queued,"02 Jun 2026, 04:50:51",1
7202053007200100 - UB - 1,BINTANG MUJUR SEJATI,ptbintangmujursejati@gmail.com,delivered,delivered,"02 Jun 2026, 04:50:54",2
7271010004001400 - UB - 1,PELUMASINDO PRIMA GEMILANG,ppg.palu@gmail.com,opened,queued,"02 Jun 2026, 04:04:51",1
7271010004001400 - UB - 1,PELUMASINDO PRIMA GEMILANG,ppg.palu@gmail.com,opened,delivered,"02 Jun 2026, 04:04:52",2
7271010004001400 - UB - 1,PELUMASINDO PRIMA GEMILANG,ppg.palu@gmail.com,opened,opened,"02 Jun 2026, 09:55:31",3
7271010005000800 - UB - 2,CV NIAGA JAYA,niagajaya52@yahoo.com,bounced,queued,"02 Jun 2026, 01:10:14",1
7271010005000800 - UB - 2,CV NIAGA JAYA,niagajaya52@yahoo.com,bounced,bounced,"02 Jun 2026, 01:10:45",2
7202050009000900 - UB - 2,KOPEGTEL,kopegtel.kantorperusahaan@gmail.com,-,-,-,0
7271010006000500 - UB - 2,BANK MANDIRI PERSERO TBK PT CABANG IMAM BONJOL,paluimambonjol@bankmandiri.co.id,delivered,queued,"02 Jun 2026, 03:28:14",1
7271010006000500 - UB - 2,BANK MANDIRI PERSERO TBK PT CABANG IMAM BONJOL,paluimambonjol@bankmandiri.co.id,delivered,delivered,"02 Jun 2026, 03:28:14",2
7271010006000600 - UB - 1,NESINDO ENERGI WAHANA,nesindoenergiwahana2022@gmail.com,delivered,queued,"02 Jun 2026, 01:39:53",1
7271010006000600 - UB - 1,NESINDO ENERGI WAHANA,nesindoenergiwahana2022@gmail.com,delivered,delivered,"02 Jun 2026, 01:39:56",2
7202050011000200 - UB - 1,MAGIC INDONESIAN EXPERIENCES,magicindonesianexperiences@gmail.com,opened,queued,"02 Jun 2026, 06:08:34",1
7202050011000200 - UB - 1,MAGIC INDONESIAN EXPERIENCES,magicindonesianexperiences@gmail.com,opened,delivered,"02 Jun 2026, 06:08:38",2
7202050011000200 - UB - 1,MAGIC INDONESIAN EXPERIENCES,magicindonesianexperiences@gmail.com,opened,opened,"03 Jun 2026, 10:30:09",3
7271010007001100 - UB - 2,"MULIA JAYA KARYA, PT",atap.indahpalu@gmail.com,delivered,queued,"02 Jun 2026, 01:40:24",1
7271010007001100 - UB - 2,"MULIA JAYA KARYA, PT",atap.indahpalu@gmail.com,delivered,delivered,"02 Jun 2026, 01:40:28",2
7271010011001200 - UB - 1,DUTA KIATY SUKMA PT,ptdkspalu71@gmail.com,delivered,queued,"02 Jun 2026, 03:31:42",1
7271010011001200 - UB - 1,DUTA KIATY SUKMA PT,ptdkspalu71@gmail.com,delivered,delivered,"02 Jun 2026, 03:31:46",2
7202050012000200 - UB - 1,SAMUDRA KARYA UTAMA,cvsamudrakaryautama@gmail.com,delivered,queued,"02 Jun 2026, 09:30:13",1
7202050012000200 - UB - 1,SAMUDRA KARYA UTAMA,cvsamudrakaryautama@gmail.com,delivered,delivered,"02 Jun 2026, 09:30:15",2
7202050012000600 - UB - 1,BULAVA TIMUR,kadinbanggai@gmail.com,delivered,queued,"02 Jun 2026, 03:07:31",1
7202050012000600 - UB - 1,BULAVA TIMUR,kadinbanggai@gmail.com,delivered,delivered,"02 Jun 2026, 03:07:34",2
7271011002000300 - UB - 1,VIOLA TEKNIK ELEKTRO,violateknikelektro@gmail.com,delivered,queued,"02 Jun 2026, 09:03:23",1
7271011002000300 - UB - 1,VIOLA TEKNIK ELEKTRO,violateknikelektro@gmail.com,delivered,delivered,"02 Jun 2026, 09:03:24",2
7271010011002704 - UB - 2,"MACINDO MITRA RAYA, PT",macindoraya@yahoo.co.id,delivered,queued,"02 Jun 2026, 05:30:37",1
7271010011002704 - UB - 2,"MACINDO MITRA RAYA, PT",macindoraya@yahoo.co.id,delivered,delivered,"02 Jun 2026, 05:30:38",2
7202050009000900 - UB - 6,BANK NEGARA INDONESIA,ismayaranita2@gmail.com,delivered,queued,"01 Jun 2026, 23:41:03",1
7202050009000900 - UB - 6,BANK NEGARA INDONESIA,ismayaranita2@gmail.com,delivered,delivered,"01 Jun 2026, 23:41:07",2
7271010005000800 - UB - 5,SUPER JAYA BAN,superjayaban47@gmail.com,delivered,queued,"01 Jun 2026, 23:33:29",1
7271010005000800 - UB - 5,SUPER JAYA BAN,superjayaban47@gmail.com,delivered,delivered,"01 Jun 2026, 23:33:32",2
7271010004002000 - UB - 1,LANGIT TIMUR REZEKI,langittimurrezeki@gmail.com,delivered,queued,"02 Jun 2026, 01:42:52",1
7271010004002000 - UB - 1,LANGIT TIMUR REZEKI,langittimurrezeki@gmail.com,delivered,delivered,"02 Jun 2026, 01:42:53",2
7202050009000900 - UB - 5,"BANK PAN INDONESIA, PT TBK KCP LUWUK",isti.triyati@panin.co.id,-,-,-,0
7202053009000300 - UB - 1,BANGGAI SENTRAL SULAWESI -PERTAMINA EP TKJP,hrd.ptbsslwk@gmail.com,-,-,-,0
7271020007001500 - UB - 2,INVERO PRIMALAND PROPERTY,inveroprimaland@gmail.com,opened,queued,"02 Jun 2026, 07:21:35",1
7271020007001500 - UB - 2,INVERO PRIMALAND PROPERTY,inveroprimaland@gmail.com,opened,delivered,"02 Jun 2026, 07:21:36",2
7271020007001500 - UB - 2,INVERO PRIMALAND PROPERTY,inveroprimaland@gmail.com,opened,opened,"02 Jun 2026, 07:22:35",3
7203021004000305 - UB - 1,PLENTY BUMI INTERNATIONAL,plentybumi.pt2@gmail.com,-,-,-,0
7271020007002901 - UB - 1,BANK MANDIRI (PERSERO),ntan.rakhmannisa@gmail.com,delivered,queued,"02 Jun 2026, 00:43:29",1
7271020007002901 - UB - 1,BANK MANDIRI (PERSERO),ntan.rakhmannisa@gmail.com,delivered,delivered,"02 Jun 2026, 00:43:30",2
7202082009000100 - UB - 1,"CIPTARINDO GEMATAMA, PT",ciptarindo@gmail.com,delivered,queued,"02 Jun 2026, 06:08:24",1
7202082009000100 - UB - 1,"CIPTARINDO GEMATAMA, PT",ciptarindo@gmail.com,delivered,delivered,"02 Jun 2026, 06:08:27",2
7202082002000200 - UB - 1,TEKU JAYA MANDIRI,akrimasamin99@gmail.com,delivered,queued,"02 Jun 2026, 00:07:15",1
7202082002000200 - UB - 1,TEKU JAYA MANDIRI,akrimasamin99@gmail.com,delivered,delivered,"02 Jun 2026, 00:07:19",2
7271030001002000 - UB - 1,ANUGRAH JAYA HOUSEWARES,anugrahjayaperkasa@yahoo.com,bounced,queued,"02 Jun 2026, 07:47:46",1
7271030001002000 - UB - 1,ANUGRAH JAYA HOUSEWARES,anugrahjayaperkasa@yahoo.com,bounced,bounced,"02 Jun 2026, 07:48:23",2
7271020009001600 - UB - 1,BANK MANDIRI 9PERSERO) TBK KCP PALU BASUKI RAHMAT,palubasukirahmat@gmail.com,opened,queued,"02 Jun 2026, 06:46:21",1
7271020009001600 - UB - 1,BANK MANDIRI 9PERSERO) TBK KCP PALU BASUKI RAHMAT,palubasukirahmat@gmail.com,opened,delivered,"02 Jun 2026, 06:46:45",2
7271020009001600 - UB - 1,BANK MANDIRI 9PERSERO) TBK KCP PALU BASUKI RAHMAT,palubasukirahmat@gmail.com,opened,opened,"02 Jun 2026, 10:43:20",3
7203021005000209 - UB - 1,INDONESIA TSINGSHAN STAINLESS STEEL,secretariat@it-stainlesssteel.com,queued,bounced,"02 Jun 2026, 02:23:23",1
7203021005000209 - UB - 1,INDONESIA TSINGSHAN STAINLESS STEEL,secretariat@it-stainlesssteel.com,queued,queued,"02 Jun 2026, 02:23:23",2
7202053003001200 - UB - 1,BANK MANDIRI TASPEN,astradaerick93@gmail.com,delivered,queued,"02 Jun 2026, 04:32:33",1
7202053003001200 - UB - 1,BANK MANDIRI TASPEN,astradaerick93@gmail.com,delivered,delivered,"02 Jun 2026, 04:32:33",2
7203021004200200 - UB - 4,HUA CHIN ALUMINUM INDONESIA,secretariathuachinind@gmail.com,bounced,queued,"01 Jun 2026, 22:48:15",1
7203021004200200 - UB - 4,HUA CHIN ALUMINUM INDONESIA,secretariathuachinind@gmail.com,bounced,bounced,"01 Jun 2026, 22:48:15",2
7271012003000300 - UB - 1,"SWISS-BELLHOTEL INTERNATIONAL, PT",palu@swiss-belhotel.com,opened,queued,"02 Jun 2026, 00:10:08",1
7271012003000300 - UB - 1,"SWISS-BELLHOTEL INTERNATIONAL, PT",palu@swiss-belhotel.com,opened,delivered,"02 Jun 2026, 00:10:09",2
7271012003000300 - UB - 1,"SWISS-BELLHOTEL INTERNATIONAL, PT",palu@swiss-belhotel.com,opened,opened,"02 Jun 2026, 07:51:48",3
7202053002001200 - UB - 1,QHOIROUS,cvqhoirous1975@gmail.com,delivered,queued,"02 Jun 2026, 10:39:06",1
7202053002001200 - UB - 1,QHOIROUS,cvqhoirous1975@gmail.com,delivered,delivered,"02 Jun 2026, 10:39:10",2
7202053005000800 - UB - 2,"TRAKINDO UTAMA, PT",info_trakindo@gmail.com,bounced,queued,"02 Jun 2026, 04:39:23",1
7202053005000800 - UB - 2,"TRAKINDO UTAMA, PT",info_trakindo@gmail.com,bounced,bounced,"02 Jun 2026, 04:39:27",2
7271030001001400 - UB - 1,"PT Bumi Sarana Utama, Kantor Cabang Palu",palu@bsukalla.com,queued,bounced,"02 Jun 2026, 08:57:51",1
7271030001001400 - UB - 1,"PT Bumi Sarana Utama, Kantor Cabang Palu",palu@bsukalla.com,queued,queued,"02 Jun 2026, 08:57:51",2
7271020007001101 - UB - 1,SEHAT MAKMUR BANGSA SEJAHTERA,newspacebarpalu@gmail.com,delivered,queued,"02 Jun 2026, 01:54:21",1
7271020007001101 - UB - 1,SEHAT MAKMUR BANGSA SEJAHTERA,newspacebarpalu@gmail.com,delivered,delivered,"02 Jun 2026, 01:54:24",2
7206040014000500 - UB - 2,"BUTOL RAYA NUSANTARA, PT",butolrayanusantara@yahoo.com,bounced,queued,"02 Jun 2026, 09:04:02",1
7206040014000500 - UB - 2,"BUTOL RAYA NUSANTARA, PT",butolrayanusantara@yahoo.com,bounced,bounced,"02 Jun 2026, 09:04:21",2
7206040016003902 - UB - 2,BANK DANAMON INDONESIA,julniatin.rundulemo@gmail.com,delivered,queued,"02 Jun 2026, 05:43:50",1
7206040016003902 - UB - 2,BANK DANAMON INDONESIA,julniatin.rundulemo@gmail.com,delivered,delivered,"02 Jun 2026, 05:43:54",2
7208020016000100 - UB - 1,BANK NEGARA INDONESIA PERSERO TBK,prick@bni.co.id,delivered,queued,"01 Jun 2026, 23:29:26",1
7208020016000100 - UB - 1,BANK NEGARA INDONESIA PERSERO TBK,prick@bni.co.id,delivered,delivered,"01 Jun 2026, 23:29:30",2
7208040010000200 - UB - 1,"KANTOR CABANG PEMBANTU,KCP",halopos@posindonesia.co.id,queued,delivered,"02 Jun 2026, 00:45:11",1
7208040010000200 - UB - 1,"KANTOR CABANG PEMBANTU,KCP",halopos@posindonesia.co.id,queued,queued,"02 Jun 2026, 00:45:02",2
7206020002001200 - UB - 1,"POS INDONESIA, KC OGOTUA",ismail@posindonesia.co.id,delivered,queued,"02 Jun 2026, 04:35:17",1
7206020002001200 - UB - 1,"POS INDONESIA, KC OGOTUA",ismail@posindonesia.co.id,delivered,delivered,"02 Jun 2026, 04:35:25",2
7208024005000400 - UB - 1,AROMA JAYA PALU,ptaromajayapalu@gmail.com,delivered,queued,"02 Jun 2026, 01:33:40",1
7208024005000400 - UB - 1,AROMA JAYA PALU,ptaromajayapalu@gmail.com,delivered,delivered,"02 Jun 2026, 01:33:44",2
7208040010000103 - UB - 1,BRI UNIT TINOMBO,n5197@corpbri.co.id,queued,bounced,"02 Jun 2026, 00:55:50",1
7208040010000103 - UB - 1,BRI UNIT TINOMBO,n5197@corpbri.co.id,queued,queued,"02 Jun 2026, 00:55:50",2
7205090009000301 - UB - 1,SEKOLAH POLISI NEGARA,kppnpalu651707@yahoo.com,bounced,queued,"02 Jun 2026, 02:29:47",1
7205090009000301 - UB - 1,SEKOLAH POLISI NEGARA,kppnpalu651707@yahoo.com,bounced,bounced,"02 Jun 2026, 02:30:55",2
7205080013000200 - UB - 1,LOLI PRATAMA MAJU,lolipratamam@gmail.com,delivered,queued,"02 Jun 2026, 10:36:28",1
7205080013000200 - UB - 1,LOLI PRATAMA MAJU,lolipratamam@gmail.com,delivered,delivered,"02 Jun 2026, 10:36:40",2
7206040016003901 - UB - 1,"BUSSAN AUTO FINANCE (BAF), PT KC TOLITOLI",luijius123@gmail.com,delivered,queued,"02 Jun 2026, 02:57:23",1
7206040016003901 - UB - 1,"BUSSAN AUTO FINANCE (BAF), PT KC TOLITOLI",luijius123@gmail.com,delivered,delivered,"02 Jun 2026, 02:57:27",2
7206040016005102 - UB - 1,"KHALIFAH, PT",lank.ghilank83@gmail.com,delivered,queued,"02 Jun 2026, 11:32:49",1
7206040016005102 - UB - 1,"KHALIFAH, PT",lank.ghilank83@gmail.com,delivered,delivered,"02 Jun 2026, 11:32:49",2
7208061033000500 - UB - 2,BANK SULTENG,kaslambunu@yahoo.co.id,bounced,queued,"02 Jun 2026, 03:59:51",1
7208061033000500 - UB - 2,BANK SULTENG,kaslambunu@yahoo.co.id,bounced,bounced,"02 Jun 2026, 04:02:15",2
7206010003000400 - UB - 1,BANK MANDIRI UNIT SONI,tolitolisoni@bankmandiri.co.id,delivered,queued,"02 Jun 2026, 11:25:22",1
7206010003000400 - UB - 1,BANK MANDIRI UNIT SONI,tolitolisoni@bankmandiri.co.id,delivered,delivered,"02 Jun 2026, 11:25:33",2
7206040016002400 - UB - 1,BANK PEREKONOMIAN RAKYAT (BPR) MODERN EXPRESS CABANG TOLTIOLI,kc.tolitoli@bprpalulokadanautama.com,bounced,queued,"01 Jun 2026, 23:16:27",1
7206040016002400 - UB - 1,BANK PEREKONOMIAN RAKYAT (BPR) MODERN EXPRESS CABANG TOLTIOLI,kc.tolitoli@bprpalulokadanautama.com,bounced,bounced,"01 Jun 2026, 23:16:31",2
7208011001000602 - UB - 1,BANK BNI PARIGI UNIT KUR,nigustiayutasni23@gmail.com,delivered,queued,"02 Jun 2026, 07:24:03",1
7208011001000602 - UB - 1,BANK BNI PARIGI UNIT KUR,nigustiayutasni23@gmail.com,delivered,delivered,"02 Jun 2026, 07:24:06",2
7209051019000400 - UB - 1,BANK MANDIRI (PERSERO),ampana@bankmandiri.co.id,delivered,queued,"02 Jun 2026, 03:25:19",1
7209051019000400 - UB - 1,BANK MANDIRI (PERSERO),ampana@bankmandiri.co.id,delivered,delivered,"02 Jun 2026, 03:25:19",2
7205160007000200 - UB - 1,BRI UNIT SOJOL,n5192@corp.bri.co.id,delivered,queued,"02 Jun 2026, 05:38:30",1
7205160007000200 - UB - 1,BRI UNIT SOJOL,n5192@corp.bri.co.id,delivered,delivered,"02 Jun 2026, 05:38:35",2
7202061009000100 - UB - 1,BRI UNIT BUALEMO,nbobs@corp.brico.id,queued,bounced,"02 Jun 2026, 06:50:12",1
7202061009000100 - UB - 1,BRI UNIT BUALEMO,nbobs@corp.brico.id,queued,queued,"02 Jun 2026, 06:50:12",2
7271020008003002 - UB - 1,"PALU GRAND HERO, PT",grandherotax@gmail.com,queued,delivered,"02 Jun 2026, 04:38:43",1
7271020008003002 - UB - 1,"PALU GRAND HERO, PT",grandherotax@gmail.com,queued,queued,"02 Jun 2026, 04:38:44",2
7203021005000403 - UB - 2,DEZHIQING NEW ENERGY INDONESIA,dezhiqingnetindonesia@gmail.com,delivered,queued,"02 Jun 2026, 02:53:25",1
7203021005000403 - UB - 2,DEZHIQING NEW ENERGY INDONESIA,dezhiqingnetindonesia@gmail.com,delivered,delivered,"02 Jun 2026, 02:53:29",2
7271030002000700 - UB - 1,TANJUNG DALAO SEJAHTERA,pttanjungdalaosejahtera@gmail.com,delivered,queued,"02 Jun 2026, 02:35:41",1
7271030002000700 - UB - 1,TANJUNG DALAO SEJAHTERA,pttanjungdalaosejahtera@gmail.com,delivered,delivered,"02 Jun 2026, 02:35:45",2
7203021007400100 - UB - 1,PT. MCC20 INDONESIA CONSTRUCTION,sunaijunmcc@gmail.com,delivered,queued,"02 Jun 2026, 02:09:57",1
7203021007400100 - UB - 1,PT. MCC20 INDONESIA CONSTRUCTION,sunaijunmcc@gmail.com,delivered,delivered,"02 Jun 2026, 02:09:59",2
7271020009000101 - UB - 2,SINERGI INVESTASI DEVELOPMENT,ptsinergiinvestasidevelop@gmail.com,delivered,queued,"02 Jun 2026, 08:12:23",1
7271020009000101 - UB - 2,SINERGI INVESTASI DEVELOPMENT,ptsinergiinvestasidevelop@gmail.com,delivered,delivered,"02 Jun 2026, 08:12:28",2
7203021004500400 - UB - 1,BINTANG DELAPAN TERMINAL,elisabethnovita20@gmail.com,opened,queued,"02 Jun 2026, 01:12:51",1
7203021004500400 - UB - 1,BINTANG DELAPAN TERMINAL,elisabethnovita20@gmail.com,opened,delivered,"02 Jun 2026, 01:12:55",2
7203021004500400 - UB - 1,BINTANG DELAPAN TERMINAL,elisabethnovita20@gmail.com,opened,opened,"02 Jun 2026, 02:07:31",3
7203021004500400 - UB - 2,MERDEKA TSINGSHAN INDONESIA,taxes-mtisite@merdekacoppergold.com,opened,queued,"01 Jun 2026, 22:58:30",1
7203021004500400 - UB - 2,MERDEKA TSINGSHAN INDONESIA,taxes-mtisite@merdekacoppergold.com,opened,delivered,"01 Jun 2026, 22:58:34",2
7203021004500400 - UB - 2,MERDEKA TSINGSHAN INDONESIA,taxes-mtisite@merdekacoppergold.com,opened,clicked,"01 Jun 2026, 22:58:35",3
7203021004500400 - UB - 2,MERDEKA TSINGSHAN INDONESIA,taxes-mtisite@merdekacoppergold.com,opened,opened,"02 Jun 2026, 01:03:48",4
7203021004500400 - UB - 2,MERDEKA TSINGSHAN INDONESIA,taxes-mtisite@merdekacoppergold.com,opened,opened,"02 Jun 2026, 08:04:45",5
7271030001001200 - UB - 1,BANK PAN INDONESIA TBK.,selvie.octaviyanti2@panin.co.id,clicked,queued,"02 Jun 2026, 09:10:04",1
7271030001001200 - UB - 1,BANK PAN INDONESIA TBK.,selvie.octaviyanti2@panin.co.id,clicked,delivered,"02 Jun 2026, 09:10:08",2
7271030001001200 - UB - 1,BANK PAN INDONESIA TBK.,selvie.octaviyanti2@panin.co.id,clicked,clicked,"02 Jun 2026, 09:10:08",3
7203011004200100 - UB - 2,"TIGA BAJI, PT",aka-hamsah@yahoo.co.id,bounced,queued,"01 Jun 2026, 23:47:52",1
7203011004200100 - UB - 2,"TIGA BAJI, PT",aka-hamsah@yahoo.co.id,bounced,bounced,"01 Jun 2026, 23:47:52",2
7271020009002300 - UB - 1,ELISABET,khenelis2@gmail.com,bounced,queued,"02 Jun 2026, 08:34:32",1
7271020009002300 - UB - 1,ELISABET,khenelis2@gmail.com,bounced,bounced,"02 Jun 2026, 08:35:20",2
7203021005000406 - UB - 7,SHUOSHI INDONESIA INVESTMENT II,suryadi@zhenshigroup.com,delivered,queued,"01 Jun 2026, 22:48:07",1
7203021005000406 - UB - 7,SHUOSHI INDONESIA INVESTMENT II,suryadi@zhenshigroup.com,delivered,delivered,"01 Jun 2026, 22:48:07",2
7271020007000500 - UB - 3,HASRAT ABADI PT,crc.mka@hasjrat.co.id,queued,bounced,"02 Jun 2026, 04:22:11",1
7271020007000500 - UB - 3,HASRAT ABADI PT,crc.mka@hasjrat.co.id,queued,queued,"02 Jun 2026, 04:22:11",2
7271020004001901 - UB - 1,JOYFUL KIDS,jk_joyfulkids@yahoo.com,bounced,queued,"02 Jun 2026, 06:58:39",1
7271020004001901 - UB - 1,JOYFUL KIDS,jk_joyfulkids@yahoo.com,bounced,bounced,"02 Jun 2026, 06:59:00",2
7271020007001005 - UB - 1,NUR CAHAYA JAYA,pt.nurcahayajaya2022@gmail.com,delivered,queued,"02 Jun 2026, 01:39:04",1
7271020007001005 - UB - 1,NUR CAHAYA JAYA,pt.nurcahayajaya2022@gmail.com,delivered,delivered,"02 Jun 2026, 01:39:10",2
7203021004500400 - UB - 3,HENGJAYA NICKEL INDUSTRY,vinavictory.vina@gmail.com,delivered,queued,"02 Jun 2026, 03:45:18",1
7203021004500400 - UB - 3,HENGJAYA NICKEL INDUSTRY,vinavictory.vina@gmail.com,delivered,delivered,"02 Jun 2026, 03:45:21",2
7203021006200100 - UB - 1,TSINGCHENG TECHNOLOGY INDONESIA,secretariat@tsing-cheng.com,delivered,queued,"02 Jun 2026, 03:33:15",1
7203021006200100 - UB - 1,TSINGCHENG TECHNOLOGY INDONESIA,secretariat@tsing-cheng.com,delivered,delivered,"02 Jun 2026, 03:33:22",2
7203021005000401 - UB - 1,NUSA KARYA MINERAL,alwi@bintangdelapan.com,opened,queued,"02 Jun 2026, 09:09:31",1
7203021005000401 - UB - 1,NUSA KARYA MINERAL,alwi@bintangdelapan.com,opened,delivered,"02 Jun 2026, 09:09:39",2
7203021005000401 - UB - 1,NUSA KARYA MINERAL,alwi@bintangdelapan.com,opened,opened,"02 Jun 2026, 22:48:16",3
7203021005000401 - UB - 3,MCC15 ENGINEERING AND CONSTRUCTION,mccmorowali@yahoo.com,bounced,queued,"02 Jun 2026, 08:52:30",1
7203021005000401 - UB - 3,MCC15 ENGINEERING AND CONSTRUCTION,mccmorowali@yahoo.com,bounced,bounced,"02 Jun 2026, 08:55:13",2
7203021004200200 - UB - 6,PUTRA HARAPAN POMALAA,info.kwanco.php@gmail.com,delivered,queued,"02 Jun 2026, 10:15:12",1
7203021004200200 - UB - 6,PUTRA HARAPAN POMALAA,info.kwanco.php@gmail.com,delivered,delivered,"02 Jun 2026, 10:15:17",2
7271030002000700 - UB - 2,TERRE MITRA PERSADA,teremitrapersada@gmail.com,delivered,queued,"02 Jun 2026, 09:56:12",1
7271030002000700 - UB - 2,TERRE MITRA PERSADA,teremitrapersada@gmail.com,delivered,delivered,"02 Jun 2026, 09:56:16",2
7271020009001700 - UB - 2,B P J S KETENAGAKERJAAN,kacab.palu@bpjsketenagakerjaan.go.id,opened,queued,"01 Jun 2026, 23:39:36",1
7271020009001700 - UB - 2,B P J S KETENAGAKERJAAN,kacab.palu@bpjsketenagakerjaan.go.id,opened,delivered,"01 Jun 2026, 23:39:37",2
7271020009001700 - UB - 2,B P J S KETENAGAKERJAAN,kacab.palu@bpjsketenagakerjaan.go.id,opened,opened,"02 Jun 2026, 11:01:59",3
7202053007000500 - UB - 1,BANK CENTRAL ASIA TBK. CABANG LUWUK,bca_luwuk_pajak@gmail.com,bounced,queued,"01 Jun 2026, 23:34:56",1
7202053007000500 - UB - 1,BANK CENTRAL ASIA TBK. CABANG LUWUK,bca_luwuk_pajak@gmail.com,bounced,bounced,"01 Jun 2026, 23:34:59",2
7271010011001400 - UB - 1,MITRA BARU MARITIM,mitrabarumaritim@gmail.com,delivered,queued,"02 Jun 2026, 02:37:10",1
7271010011001400 - UB - 1,MITRA BARU MARITIM,mitrabarumaritim@gmail.com,delivered,delivered,"02 Jun 2026, 02:37:13",2
7271010011002703 - UB - 1,UNIVERSITAS ISLAM NEGERI DATOKRAMA PALU,humas@iainpalu.ac.id,bounced,queued,"02 Jun 2026, 03:44:52",1
7271010011002703 - UB - 1,UNIVERSITAS ISLAM NEGERI DATOKRAMA PALU,humas@iainpalu.ac.id,bounced,bounced,"02 Jun 2026, 03:44:55",2
7271011002002600 - UB - 1,BAROKAH GAMPING ARTOMORO,m.alamtimur@gmail.com,delivered,queued,"02 Jun 2026, 07:55:41",1
7271011002002600 - UB - 1,BAROKAH GAMPING ARTOMORO,m.alamtimur@gmail.com,delivered,delivered,"02 Jun 2026, 07:55:44",2
7202053001000400 - UB - 1,SULAWESI MAKMUR SEJAHTERA,sulawesimakmursejahtera@yahoo.com,delivered,queued,"02 Jun 2026, 00:36:00",1
7202053001000400 - UB - 1,SULAWESI MAKMUR SEJAHTERA,sulawesimakmursejahtera@yahoo.com,delivered,delivered,"02 Jun 2026, 00:36:04",2
7210120012001201 - UB - 3,DZAKYRAH JAYA MANDIRI,dzakirahjayamandiri@gmail.com,delivered,queued,"02 Jun 2026, 04:54:25",1
7210120012001201 - UB - 3,DZAKYRAH JAYA MANDIRI,dzakirahjayamandiri@gmail.com,delivered,delivered,"02 Jun 2026, 04:54:29",2
7212020008100200 - UB - 3,INDOMORI,ernibalirante69@gmail.com,delivered,queued,"01 Jun 2026, 23:14:43",1
7212020008100200 - UB - 3,INDOMORI,ernibalirante69@gmail.com,delivered,delivered,"01 Jun 2026, 23:14:44",2
7210060013000500 - UB - 1,"BANK BRI PALOLO, PT",ferdydaud@socrpgi.co.id,queued,bounced,"02 Jun 2026, 00:49:31",1
7210060013000500 - UB - 1,"BANK BRI PALOLO, PT",ferdydaud@socrpgi.co.id,queued,queued,"02 Jun 2026, 00:49:30",2
7210120013001500 - UB - 4,CV ANEKA JAYA,anekajaya.sigi@gmail.com,delivered,queued,"02 Jun 2026, 01:01:58",1
7210120013001500 - UB - 4,CV ANEKA JAYA,anekajaya.sigi@gmail.com,delivered,delivered,"02 Jun 2026, 01:01:58",2
7212020008100200 - UB - 5,PTP NUSANTARA XIV EX TASPEN,narmanlita@gmail.com,delivered,queued,"02 Jun 2026, 03:38:00",1
7212020008100200 - UB - 5,PTP NUSANTARA XIV EX TASPEN,narmanlita@gmail.com,delivered,delivered,"02 Jun 2026, 03:38:04",2
7209051007000600 - UB - 1,"ANEKA JAYA, CV",anekajaya.ampana@gmail.com,opened,queued,"02 Jun 2026, 05:39:02",1
7209051007000600 - UB - 1,"ANEKA JAYA, CV",anekajaya.ampana@gmail.com,opened,delivered,"02 Jun 2026, 05:39:02",2
7209051007000600 - UB - 1,"ANEKA JAYA, CV",anekajaya.ampana@gmail.com,opened,opened,"02 Jun 2026, 11:53:49",3
7209051007000600 - UB - 1,"ANEKA JAYA, CV",anekajaya.ampana@gmail.com,opened,opened,"02 Jun 2026, 13:46:13",4
7209051007000600 - UB - 1,"ANEKA JAYA, CV",anekajaya.ampana@gmail.com,opened,opened,"02 Jun 2026, 15:28:59",5
7208020017000501 - UB - 2,BANK PERKREDITAN RAKYAT PALU ANUGERAH,paluanugerahprg@yahoo.com,bounced,queued,"02 Jun 2026, 01:23:24",1
7208020017000501 - UB - 2,BANK PERKREDITAN RAKYAT PALU ANUGERAH,paluanugerahprg@yahoo.com,bounced,bounced,"02 Jun 2026, 01:23:29",2
7212020008100200 - UB - 2,PUTRA BONGKA MINERAL,putrabongkamineral@gmail.com,delivered,queued,"02 Jun 2026, 09:24:21",1
7212020008100200 - UB - 2,PUTRA BONGKA MINERAL,putrabongkamineral@gmail.com,delivered,delivered,"02 Jun 2026, 09:24:25",2
7212020008100200 - UB - 6,BRI UNIT BETELEME.PT,n3633@co.rp.bri.co.id,bounced,queued,"02 Jun 2026, 06:19:08",1
7212020008100200 - UB - 6,BRI UNIT BETELEME.PT,n3633@co.rp.bri.co.id,bounced,bounced,"02 Jun 2026, 06:19:08",2
7212040001000500 - UB - 1,AGRO MORUT MAJU PERSADA,agromorutmajupersada@gmail.com,delivered,queued,"02 Jun 2026, 10:05:47",1
7212040001000500 - UB - 1,AGRO MORUT MAJU PERSADA,agromorutmajupersada@gmail.com,delivered,delivered,"02 Jun 2026, 10:05:51",2
7212040011000500 - UB - 2,PT TELUK TOMORI INDO,teluktomoriindo@gmail.com,delivered,queued,"02 Jun 2026, 11:25:18",1
7212040011000500 - UB - 2,PT TELUK TOMORI INDO,teluktomoriindo@gmail.com,delivered,delivered,"02 Jun 2026, 11:25:18",2
7212020008001100 - UB - 3,HANATA MOTOR CELEBES MANDIRI,hanatacelebesmandiri07@gmail.com,queued,delivered,"02 Jun 2026, 03:26:39",1
7212020008001100 - UB - 3,HANATA MOTOR CELEBES MANDIRI,hanatacelebesmandiri07@gmail.com,queued,queued,"02 Jun 2026, 03:26:40",2
7212040009000200 - UB - 1,RAJA PASIR MANDIRI,iwanrafi280@gmail.com,delivered,queued,"01 Jun 2026, 23:06:42",1
7212040009000200 - UB - 1,RAJA PASIR MANDIRI,iwanrafi280@gmail.com,delivered,delivered,"01 Jun 2026, 23:06:46",2
7207051001000500 - UB - 1,PERTAMBANGAN EMAS <HAYANTO>,haiyanhayanto@gmail.com,delivered,queued,"02 Jun 2026, 09:55:19",1
7207051001000500 - UB - 1,PERTAMBANGAN EMAS <HAYANTO>,haiyanhayanto@gmail.com,delivered,delivered,"02 Jun 2026, 09:55:22",2
7212010010000100 - UB - 7,CITRA TAMBANG MINERAL,citratambangmineral@gmail.com,delivered,queued,"02 Jun 2026, 04:05:59",1
7212010010000100 - UB - 7,CITRA TAMBANG MINERAL,citratambangmineral@gmail.com,delivered,delivered,"02 Jun 2026, 04:05:59",2
7212010013000500 - UB - 1,SAWIT JAYA SUKSES,sawitjayasukses@gmail.com,delivered,queued,"02 Jun 2026, 01:49:11",1
7212010013000500 - UB - 1,SAWIT JAYA SUKSES,sawitjayasukses@gmail.com,delivered,delivered,"02 Jun 2026, 01:49:12",2
7209051007000101 - UB - 1,"PAGADAIAN, PT",cppampana@yahoo.co.id,bounced,queued,"02 Jun 2026, 09:04:47",1
7209051007000101 - UB - 1,"PAGADAIAN, PT",cppampana@yahoo.co.id,bounced,bounced,"02 Jun 2026, 09:06:32",2
7206040015002200 - UB - 2,"MERATUS LINE, PT CABANG TOLITOLI",warsini.warsini@meratusline.com,clicked,queued,"02 Jun 2026, 11:39:42",1
7206040015002200 - UB - 2,"MERATUS LINE, PT CABANG TOLITOLI",warsini.warsini@meratusline.com,clicked,delivered,"02 Jun 2026, 11:39:42",2
7206040015002200 - UB - 2,"MERATUS LINE, PT CABANG TOLITOLI",warsini.warsini@meratusline.com,clicked,opened,"02 Jun 2026, 11:39:50",3
7206040015002200 - UB - 2,"MERATUS LINE, PT CABANG TOLITOLI",warsini.warsini@meratusline.com,clicked,clicked,"02 Jun 2026, 11:40:29",4
7206040015002200 - UB - 2,"MERATUS LINE, PT CABANG TOLITOLI",warsini.warsini@meratusline.com,clicked,clicked,"02 Jun 2026, 11:40:29",5
7210120012001800 - UB - 1,BANK SULTENG CAB SIGI PT,banksulteng_sigi@yahoo.co.id,bounced,queued,"02 Jun 2026, 06:32:51",1
7210120012001800 - UB - 1,BANK SULTENG CAB SIGI PT,banksulteng_sigi@yahoo.co.id,bounced,bounced,"02 Jun 2026, 06:33:41",2
7206050001000600 - UB - 1,KOPERASI KONSUMEN DHARMA MARITIM TOLITOLI,koperasi_maritim@yahoo.com,bounced,queued,"02 Jun 2026, 10:04:58",1
7206050001000600 - UB - 1,KOPERASI KONSUMEN DHARMA MARITIM TOLITOLI,koperasi_maritim@yahoo.com,bounced,bounced,"02 Jun 2026, 10:08:22",2
7206050008000401 - UB - 2,"ELRISMA TRI CITRA, PT",pt_elrisma_tri_citra@yahoo.com,delivered,queued,"01 Jun 2026, 23:47:40",1
7206050008000401 - UB - 2,"ELRISMA TRI CITRA, PT",pt_elrisma_tri_citra@yahoo.com,delivered,delivered,"01 Jun 2026, 23:47:44",2
7271041003001200 - UB - 6,ASBUTON JAYA ABADI,felistheodorus@hotmail.com,delivered,queued,"01 Jun 2026, 23:35:36",1
7271041003001200 - UB - 6,ASBUTON JAYA ABADI,felistheodorus@hotmail.com,delivered,delivered,"01 Jun 2026, 23:35:43",2
7271041003001200 - UB - 7,PUTRA BARUS RAYA,putrabarusraya20@gmail.com,delivered,queued,"01 Jun 2026, 22:52:42",1
7271041003001200 - UB - 7,PUTRA BARUS RAYA,putrabarusraya20@gmail.com,delivered,delivered,"01 Jun 2026, 22:52:44",2
7204071007000300 - UB - 1,"ANEKA TRADING SEJATI, PT",ptatsposo@gmail.com,delivered,queued,"02 Jun 2026, 09:12:08",1
7204071007000300 - UB - 1,"ANEKA TRADING SEJATI, PT",ptatsposo@gmail.com,delivered,delivered,"02 Jun 2026, 09:12:08",2
7204071002000200 - UB - 1,"bank Perekonomian Rakyat (BPR) Palu Anugerah Cabang Poso, PT",bprpaluanugerahcabangposo@yahoo.co.id,-,-,-,0
7205000000000000 - UB - 2,PDAM KAB DONGGALA,pdam_donggala@gmail.com,queued,bounced,"02 Jun 2026, 06:31:35",1
7205000000000000 - UB - 2,PDAM KAB DONGGALA,pdam_donggala@gmail.com,queued,queued,"02 Jun 2026, 06:31:35",2
7271031006000201 - UB - 2,INDONESIA JIANDA TRADING,daiyongzhi319@gmail.com,delivered,queued,"02 Jun 2026, 01:46:54",1
7271031006000201 - UB - 2,INDONESIA JIANDA TRADING,daiyongzhi319@gmail.com,delivered,delivered,"02 Jun 2026, 01:46:58",2
7271040001000102 - UB - 1,MANDIRI AGRO LESTARI,cvmandiriagrolestari@gmail.com,delivered,queued,"02 Jun 2026, 07:04:26",1
7271040001000102 - UB - 1,MANDIRI AGRO LESTARI,cvmandiriagrolestari@gmail.com,delivered,delivered,"02 Jun 2026, 07:05:22",2
7271040001000203 - UB - 1,CITRA CINTA ABADI,citracintaabadi23@gmail.com,delivered,queued,"02 Jun 2026, 09:47:03",1
7271040001000203 - UB - 1,CITRA CINTA ABADI,citracintaabadi23@gmail.com,delivered,delivered,"02 Jun 2026, 09:47:07",2
7271041003001200 - UB - 3,SULAWESI GLOBAL COMODITY,sulawesiglobalpalu@gmail.com,-,-,-,0
7271041004000300 - UB - 1,INDONESIA THOUSAND ISLANDS INTERNATIONAL,indonesiathousandislandinterna@gmail.com,delivered,queued,"02 Jun 2026, 00:51:03",1
7271041004000300 - UB - 1,INDONESIA THOUSAND ISLANDS INTERNATIONAL,indonesiathousandislandinterna@gmail.com,delivered,delivered,"02 Jun 2026, 00:51:04",2
7271041003000901 - UB - 2,BANK BRI UNIT TAWAELI,n3448@bricorp.co.id,bounced,queued,"01 Jun 2026, 23:35:32",1
7271041003000901 - UB - 2,BANK BRI UNIT TAWAELI,n3448@bricorp.co.id,bounced,bounced,"01 Jun 2026, 23:35:32",2
7271041003200100 - UB - 1,WANHONG NONFERROUS RECYCLING UTILIZATION,wanhong.nru@gmail.com,delivered,queued,"02 Jun 2026, 04:12:55",1
7271041003200100 - UB - 1,WANHONG NONFERROUS RECYCLING UTILIZATION,wanhong.nru@gmail.com,delivered,delivered,"02 Jun 2026, 04:12:55",2
7271041004000300 - UB - 2,PT. Ganda Parade Artana,gpartana2020@gmail.com,delivered,queued,"02 Jun 2026, 06:30:24",1
7271041004000300 - UB - 2,PT. Ganda Parade Artana,gpartana2020@gmail.com,delivered,delivered,"02 Jun 2026, 06:30:27",2
7204050003000900 - UB - 1,BANK BRI KCP UNIT MAPANE,n5203@corp.bri.co.id,queued,delivered,"01 Jun 2026, 23:38:29",1
7204050003000900 - UB - 1,BANK BRI KCP UNIT MAPANE,n5203@corp.bri.co.id,queued,queued,"01 Jun 2026, 23:38:29",2
7271041003001200 - UB - 9,SURYA ENERGY PALU,suryaenergypalu1@gmail.com,queued,delivered,"02 Jun 2026, 01:59:29",1
7271041003001200 - UB - 9,SURYA ENERGY PALU,suryaenergypalu1@gmail.com,queued,queued,"02 Jun 2026, 01:59:29",2
7204070011000302 - UB - 2,BANK BPD,bsposo@yahoo.com,bounced,queued,"02 Jun 2026, 08:52:14",1
7204070011000302 - UB - 2,BANK BPD,bsposo@yahoo.com,bounced,bounced,"02 Jun 2026, 08:52:48",2
7271040004000500 - UB - 1,HADJRIN,hadjrinartha@gmail.com,delivered,queued,"02 Jun 2026, 00:05:35",1
7271040004000500 - UB - 1,HADJRIN,hadjrinartha@gmail.com,delivered,delivered,"02 Jun 2026, 00:05:39",2
7204071001000600 - UB - 1,BANK MANDIRI (PERSERO),bm-poso.rcvmsg_bg@bankmandiri.co.id,queued,delivered,"02 Jun 2026, 10:26:44",1
7204071001000600 - UB - 1,BANK MANDIRI (PERSERO),bm-poso.rcvmsg_bg@bankmandiri.co.id,queued,queued,"02 Jun 2026, 10:26:44",2
7204070012000600 - UB - 1,BANK BNI KCP POSO,ralphy.suawah@bni.co.id,delivered,queued,"02 Jun 2026, 03:46:50",1
7204070012000600 - UB - 1,BANK BNI KCP POSO,ralphy.suawah@bni.co.id,delivered,delivered,"02 Jun 2026, 03:46:54",2
7271040001000102 - UB - 2,"OLAM COCOA, PT",media@olamnet.com,clicked,queued,"02 Jun 2026, 07:30:06",1
7271040001000102 - UB - 2,"OLAM COCOA, PT",media@olamnet.com,clicked,delivered,"02 Jun 2026, 07:30:11",2
7271040001000102 - UB - 2,"OLAM COCOA, PT",media@olamnet.com,clicked,clicked,"02 Jun 2026, 07:30:42",3
7271040001000102 - UB - 2,"OLAM COCOA, PT",media@olamnet.com,clicked,clicked,"02 Jun 2026, 07:30:42",4
7204072005000600 - UB - 1,BRI UNIT MAROSO SAYO,n5204@corp.bri.co.id,queued,delivered,"02 Jun 2026, 02:47:44",1
7204072005000600 - UB - 1,BRI UNIT MAROSO SAYO,n5204@corp.bri.co.id,queued,queued,"02 Jun 2026, 02:47:44",2
7206031007001200 - UB - 1,"CITRA MULIA PERKASA, PT",hrdcmpten2024@gmail.com,delivered,queued,"02 Jun 2026, 11:51:10",1
7206031007001200 - UB - 1,"CITRA MULIA PERKASA, PT",hrdcmpten2024@gmail.com,delivered,delivered,"02 Jun 2026, 11:51:11",2
7205080024000300 - UB - 1,AMINUDDIN H. ARSYAD,arsyadaminudin17@gmail.com,delivered,queued,"02 Jun 2026, 06:45:23",1
7205080024000300 - UB - 1,AMINUDDIN H. ARSYAD,arsyadaminudin17@gmail.com,delivered,delivered,"02 Jun 2026, 06:45:27",2
7271031008001600 - UB - 1,RIZKI TOLITAMA SEJAHTERA,adhysetiawan6009@gmail.com,opened,queued,"02 Jun 2026, 08:55:13",1
7271031008001600 - UB - 1,RIZKI TOLITAMA SEJAHTERA,adhysetiawan6009@gmail.com,opened,delivered,"02 Jun 2026, 08:55:13",2
7271031008001600 - UB - 1,RIZKI TOLITAMA SEJAHTERA,adhysetiawan6009@gmail.com,opened,opened,"02 Jun 2026, 12:16:07",3
7271040003000102 - UB - 1,SPBU KAYUMALUE,spbutawaeli74943313@gmail.com,bounced,queued,"02 Jun 2026, 00:41:01",1
7271040003000102 - UB - 1,SPBU KAYUMALUE,spbutawaeli74943313@gmail.com,bounced,bounced,"02 Jun 2026, 00:41:02",2
7204070011000100 - UB - 2,AKAR DAYA MANDIRI PT,akardayamandiri49@gmail.com,bounced,queued,"02 Jun 2026, 09:17:21",1
7204070011000100 - UB - 2,AKAR DAYA MANDIRI PT,akardayamandiri49@gmail.com,bounced,bounced,"02 Jun 2026, 09:17:21",2
7271041003001200 - UB - 5,BANGUN PALU SULAWESI TENGAH,hlppalu.bangunpalusulawesitengah@yahoo.com,bounced,queued,"02 Jun 2026, 09:11:39",1
7271041003001200 - UB - 5,BANGUN PALU SULAWESI TENGAH,hlppalu.bangunpalusulawesitengah@yahoo.com,bounced,bounced,"02 Jun 2026, 09:12:41",2
7203040002000200 - UB - 1,CAHAYA IDOLA TUNGGAL RONA ALAM,citracabang@gmail.com,delivered,queued,"02 Jun 2026, 09:51:25",1
7203040002000200 - UB - 1,CAHAYA IDOLA TUNGGAL RONA ALAM,citracabang@gmail.com,delivered,delivered,"02 Jun 2026, 09:51:39",2
7271030005002500 - UB - 1,ANUGERAHPERDANA,risky.anugerahperdana@yahoo.com,bounced,queued,"02 Jun 2026, 05:21:43",1
7271030005002500 - UB - 1,ANUGERAHPERDANA,risky.anugerahperdana@yahoo.com,bounced,bounced,"02 Jun 2026, 05:22:20",2
7271031007002000 - UB - 1,"DONGGALA BINTANG LESTARI, PT",hrd.dblpalu@gmail.com,queued,delivered,"02 Jun 2026, 04:16:57",1
7271031007002000 - UB - 1,"DONGGALA BINTANG LESTARI, PT",hrd.dblpalu@gmail.com,queued,queued,"02 Jun 2026, 04:16:57",2
7271040002000302 - UB - 1,JAPFA COMFEED INDONESIA TBK.,deo.jahar@japfa.com,clicked,queued,"02 Jun 2026, 00:42:43",1
7271040002000302 - UB - 1,JAPFA COMFEED INDONESIA TBK.,deo.jahar@japfa.com,clicked,delivered,"02 Jun 2026, 00:42:46",2
7271040002000302 - UB - 1,JAPFA COMFEED INDONESIA TBK.,deo.jahar@japfa.com,clicked,opened,"02 Jun 2026, 00:42:55",3
7271040002000302 - UB - 1,JAPFA COMFEED INDONESIA TBK.,deo.jahar@japfa.com,clicked,clicked,"02 Jun 2026, 00:43:20",4
7271040002000302 - UB - 1,JAPFA COMFEED INDONESIA TBK.,deo.jahar@japfa.com,clicked,clicked,"02 Jun 2026, 00:43:21",5
7271040002001500 - UB - 1,OGOSAKA,ogosaka@yahoo.com,-,-,-,0
7271031001002701 - UB - 1,SETIA MULIA ABADI,pt.sma_palu@yahoo.com,bounced,queued,"02 Jun 2026, 07:08:18",1
7271031001002701 - UB - 1,SETIA MULIA ABADI,pt.sma_palu@yahoo.com,bounced,bounced,"02 Jun 2026, 07:08:36",2
7206040016004100 - UB - 1,"BFI FINANCE INDONESIA, PT",bfi834001@bfi.co.id,delivered,queued,"02 Jun 2026, 02:42:03",1
7206040016004100 - UB - 1,"BFI FINANCE INDONESIA, PT",bfi834001@bfi.co.id,delivered,delivered,"02 Jun 2026, 02:42:03",2
7206040017001800 - UB - 1,"CAKRAWALA MITRA BAHARI, PT",cakrawala.mitrabahari@gmail.com,delivered,queued,"02 Jun 2026, 11:47:31",1
7206040017001800 - UB - 1,"CAKRAWALA MITRA BAHARI, PT",cakrawala.mitrabahari@gmail.com,delivered,delivered,"02 Jun 2026, 11:47:36",2
7206040016001300 - UB - 1,"GUNA USAHA TOLIS, CV",cv.gunausahatolis@gmail.com,delivered,queued,"02 Jun 2026, 01:14:35",1
7206040016001300 - UB - 1,"GUNA USAHA TOLIS, CV",cv.gunausahatolis@gmail.com,delivered,delivered,"02 Jun 2026, 01:14:35",2
7206041007200300 - UB - 1,PABRIK KELAPA SAWIT PT CITRA MULIA PERKASA,hrdcmpten2024@gmail.com,delivered,queued,"02 Jun 2026, 11:46:04",1
7206041007200300 - UB - 1,PABRIK KELAPA SAWIT PT CITRA MULIA PERKASA,hrdcmpten2024@gmail.com,delivered,delivered,"02 Jun 2026, 11:46:07",2
7205090010000301 - UB - 1,BPR PALU LOKADANA UTAMA KAS LABUAN,bprlabuan@yahoo.co.id,bounced,queued,"01 Jun 2026, 23:29:34",1
7205090010000301 - UB - 1,BPR PALU LOKADANA UTAMA KAS LABUAN,bprlabuan@yahoo.co.id,bounced,bounced,"01 Jun 2026, 23:30:02",2
7206040019001200 - UB - 1,"ALAM MEGA JAYA, CV",sst.asterodewa@gmail.com,delivered,queued,"02 Jun 2026, 11:38:23",1
7206040019001200 - UB - 1,"ALAM MEGA JAYA, CV",sst.asterodewa@gmail.com,delivered,opened,"02 Jun 2026, 11:38:32",2
7206040019001200 - UB - 1,"ALAM MEGA JAYA, CV",sst.asterodewa@gmail.com,delivered,delivered,"02 Jun 2026, 11:38:52",3
7206040016001300 - UB - 2,"GALAXI INDO PRATAMA, CV",galaxiindopratamatolis@gmail.com,queued,bounced,"02 Jun 2026, 11:53:36",1
7206040016001300 - UB - 2,"GALAXI INDO PRATAMA, CV",galaxiindopratamatolis@gmail.com,queued,queued,"02 Jun 2026, 11:53:38",2
7208011001000200 - UB - 1,"SAHABAT TANI, TOKO",sonnykandou80@gmail.com,bounced,queued,"02 Jun 2026, 02:01:57",1
7208011001000200 - UB - 1,"SAHABAT TANI, TOKO",sonnykandou80@gmail.com,bounced,bounced,"02 Jun 2026, 02:01:57",2
7271012004000200 - UB - 1,BUMI ALPHA MANDIRI,bumialphamandiri@gmail.com,delivered,queued,"02 Jun 2026, 08:47:30",1
7271012004000200 - UB - 1,BUMI ALPHA MANDIRI,bumialphamandiri@gmail.com,delivered,delivered,"02 Jun 2026, 08:47:33",2
7202060019001000 - UB - 1,SINAR RAYA,cvsinarraya92@gmail.com,delivered,queued,"02 Jun 2026, 09:04:47",1
7202060019001000 - UB - 1,SINAR RAYA,cvsinarraya92@gmail.com,delivered,delivered,"02 Jun 2026, 09:04:47",2
7271020009002200 - UB - 1,CHUN INDO MAJU,chunindomaju24@gmail.com,delivered,queued,"02 Jun 2026, 08:09:33",1
7271020009002200 - UB - 1,CHUN INDO MAJU,chunindomaju24@gmail.com,delivered,delivered,"02 Jun 2026, 08:09:33",2
7203021005000105 - UB - 1,BROLY NICKEL INDUSTRY,hengjayasite@yahoo.com,bounced,queued,"01 Jun 2026, 23:06:35",1
7203021005000105 - UB - 1,BROLY NICKEL INDUSTRY,hengjayasite@yahoo.com,bounced,bounced,"01 Jun 2026, 23:06:38",2
7271030002000300 - UB - 2,"BPR PALU LOKADANA UTAMA, PT",bprpalulokadana@yahoo.co.id,bounced,queued,"02 Jun 2026, 10:33:19",1
7271030002000300 - UB - 2,"BPR PALU LOKADANA UTAMA, PT",bprpalulokadana@yahoo.co.id,bounced,bounced,"02 Jun 2026, 10:34:01",2
7271011004001600 - UB - 1,INTIM REKAYASA KONSTRUKSI,pt.intimrekayasakonstruksi21@gmail.com,delivered,queued,"02 Jun 2026, 08:06:41",1
7271011004001600 - UB - 1,INTIM REKAYASA KONSTRUKSI,pt.intimrekayasakonstruksi21@gmail.com,delivered,delivered,"02 Jun 2026, 08:06:44",2
7271012006000100 - UB - 1,KOLASI ANUGERAH SEJAHTERA,kolasianugerahsejahtera@gmail.com,-,-,-,0
7271020009000602 - UB - 1,HO CRISTIAN HADIRWAN HOASANA,cristianhadirwan01@gmail.com,delivered,queued,"02 Jun 2026, 03:47:50",1
7271020009000602 - UB - 1,HO CRISTIAN HADIRWAN HOASANA,cristianhadirwan01@gmail.com,delivered,delivered,"02 Jun 2026, 03:47:50",2
7203021004200200 - UB - 2,QING FENG FERROCHROME,secretariat@qf-ferrochrome.com,delivered,queued,"02 Jun 2026, 03:16:03",1
7203021004200200 - UB - 2,QING FENG FERROCHROME,secretariat@qf-ferrochrome.com,delivered,delivered,"02 Jun 2026, 03:16:09",2
7203021004200200 - UB - 3,HUAYUE NICKEL COBALT,huayuenickelsite@gmail.com,delivered,queued,"02 Jun 2026, 02:15:10",1
7203021004200200 - UB - 3,HUAYUE NICKEL COBALT,huayuenickelsite@gmail.com,delivered,delivered,"02 Jun 2026, 02:15:13",2
7203021004200200 - UB - 1,DEXIN STEEL INDONESIA,irnc.nathania@gmail.com,delivered,queued,"02 Jun 2026, 07:48:55",1
7203021004200200 - UB - 1,DEXIN STEEL INDONESIA,irnc.nathania@gmail.com,delivered,delivered,"02 Jun 2026, 07:49:02",2
7203021005000403 - UB - 1,XPV FLOW EQUIPMENT INDONESIA,xabfyn20240722@gmail.com,delivered,queued,"02 Jun 2026, 08:57:51",1
7203021005000403 - UB - 1,XPV FLOW EQUIPMENT INDONESIA,xabfyn20240722@gmail.com,delivered,delivered,"02 Jun 2026, 08:57:51",2
7203030024000403 - UB - 1,BANK RAKYAT INDONESIA (PERSERO) PT TBK,n2025@corp.bri.co.id,queued,delivered,"02 Jun 2026, 01:01:15",1
7203030024000403 - UB - 1,BANK RAKYAT INDONESIA (PERSERO) PT TBK,n2025@corp.bri.co.id,queued,queued,"02 Jun 2026, 01:01:15",2
7203021005000406 - UB - 2,TSINGSHAN STEEL INDONESIA,tsi.nathania@gmail.com,-,-,-,0
7271030002001300 - UB - 4,BANK MEGA TBK,i.ediwilianta@bankmega.com,queued,delivered,"02 Jun 2026, 04:07:53",1
7271030002001300 - UB - 4,BANK MEGA TBK,i.ediwilianta@bankmega.com,queued,queued,"02 Jun 2026, 04:07:53",2
7271030003000900 - UB - 1,MEGAH SAMUDRA ABADI,megahsamudraabadipt@gmail.com,delivered,queued,"02 Jun 2026, 02:42:46",1
7271030003000900 - UB - 1,MEGAH SAMUDRA ABADI,megahsamudraabadipt@gmail.com,delivered,delivered,"02 Jun 2026, 02:42:47",2
7203021005200100 - UB - 1,HUANENG METAL INDUSTRY,huanengmetal41@gmail.com,delivered,queued,"01 Jun 2026, 23:41:18",1
7203021005200100 - UB - 1,HUANENG METAL INDUSTRY,huanengmetal41@gmail.com,delivered,delivered,"01 Jun 2026, 23:41:22",2
7271030004000800 - UB - 3,TORUKUNO PISON SEJAHTERA,pt.torukunopisonsejahtera@gmail.com,delivered,queued,"02 Jun 2026, 02:45:33",1
7271030004000800 - UB - 3,TORUKUNO PISON SEJAHTERA,pt.torukunopisonsejahtera@gmail.com,delivered,delivered,"02 Jun 2026, 02:45:37",2
7203030021001300 - UB - 1,"BANK SYARIAH INDONESIA, PT",sapriliya@bsm.co.id,bounced,queued,"02 Jun 2026, 11:49:47",1
7203030021001300 - UB - 1,"BANK SYARIAH INDONESIA, PT",sapriliya@bsm.co.id,bounced,bounced,"02 Jun 2026, 11:57:49",2
7271031006003901 - UB - 1,PT VARIA KENCANA,ptvariakencana@yahoo.com,bounced,queued,"02 Jun 2026, 00:34:08",1
7271031006003901 - UB - 1,PT VARIA KENCANA,ptvariakencana@yahoo.com,bounced,bounced,"02 Jun 2026, 00:34:13",2
7271030005000500 - UB - 1,PANNY KELAPA CEMERLANG,pannykelapacemerlang@gmail.com,delivered,queued,"02 Jun 2026, 00:51:48",1
7271030005000500 - UB - 1,PANNY KELAPA CEMERLANG,pannykelapacemerlang@gmail.com,delivered,delivered,"02 Jun 2026, 00:51:51",2
7203040007000100 - UB - 1,TONG YUAN SHENG XIAN,tongyuanshengxian@gmail.com,delivered,queued,"02 Jun 2026, 07:09:50",1
7203040007000100 - UB - 1,TONG YUAN SHENG XIAN,tongyuanshengxian@gmail.com,delivered,delivered,"02 Jun 2026, 07:09:55",2
7203042007000600 - UB - 1,PENGGILINGAN PADI RIZKY ILLAHI,ungkaya.factory@simedarby.com,opened,queued,"02 Jun 2026, 09:06:26",1
7203042007000600 - UB - 1,PENGGILINGAN PADI RIZKY ILLAHI,ungkaya.factory@simedarby.com,opened,delivered,"02 Jun 2026, 09:06:26",2
7203042007000600 - UB - 1,PENGGILINGAN PADI RIZKY ILLAHI,ungkaya.factory@simedarby.com,opened,opened,"02 Jun 2026, 09:06:35",3
7203042007000600 - UB - 1,PENGGILINGAN PADI RIZKY ILLAHI,ungkaya.factory@simedarby.com,opened,clicked,"02 Jun 2026, 09:06:58",4
7203042007000600 - UB - 1,PENGGILINGAN PADI RIZKY ILLAHI,ungkaya.factory@simedarby.com,opened,opened,"02 Jun 2026, 09:08:59",5
7271031006000405 - UB - 1,SALIM JAYA/KARYA JAYA MEMBANGUN,cvsalimjaya2012@gmail.com,opened,queued,"01 Jun 2026, 23:48:40",1
7271031006000405 - UB - 1,SALIM JAYA/KARYA JAYA MEMBANGUN,cvsalimjaya2012@gmail.com,opened,delivered,"01 Jun 2026, 23:48:44",2
7271031006000405 - UB - 1,SALIM JAYA/KARYA JAYA MEMBANGUN,cvsalimjaya2012@gmail.com,opened,opened,"02 Jun 2026, 08:30:37",3
7271030004001301 - UB - 3,SPBU KARTINI,spbukartini@gmail.com,delivered,queued,"02 Jun 2026, 07:31:18",1
7271030004001301 - UB - 3,SPBU KARTINI,spbukartini@gmail.com,delivered,delivered,"02 Jun 2026, 07:31:19",2
7203030026000400 - UB - 1,SUMBER MENTARI MOROWALI,pt.sumbermentarimorowali@gmail.com,delivered,queued,"02 Jun 2026, 03:18:25",1
7203030026000400 - UB - 1,SUMBER MENTARI MOROWALI,pt.sumbermentarimorowali@gmail.com,delivered,delivered,"02 Jun 2026, 03:18:30",2
7203031004100100 - UB - 1,MITRA ANDALAN MOROWALI,pt.mitraandalanmorowali@gmail.com,-,-,-,0
7271030004002700 - UB - 2,BANK KB BUKOPIN TBK,idham.halid@bukopin.co.id,bounced,queued,"02 Jun 2026, 03:39:18",1
7271030004002700 - UB - 2,BANK KB BUKOPIN TBK,idham.halid@bukopin.co.id,bounced,bounced,"02 Jun 2026, 03:39:29",2
7202050012001000 - UB - 1,MITRA UTAMA MEMBANGUN,mitrautamamembangun99@gmail.com,queued,delivered,"02 Jun 2026, 03:34:18",1
7202050012001000 - UB - 1,MITRA UTAMA MEMBANGUN,mitrautamamembangun99@gmail.com,queued,queued,"02 Jun 2026, 03:34:18",2
7271011006000200 - UB - 2,GRAHA VEGA TODEA,ptgrahavegatodea@gmail.com,delivered,queued,"01 Jun 2026, 23:30:51",1
7271011006000200 - UB - 2,GRAHA VEGA TODEA,ptgrahavegatodea@gmail.com,delivered,delivered,"01 Jun 2026, 23:30:54",2
7271011003000101 - UB - 1,MITRA ABADI CV,maol.palu@gmail.com,bounced,queued,"02 Jun 2026, 06:22:25",1
7271011003000101 - UB - 1,MITRA ABADI CV,maol.palu@gmail.com,bounced,bounced,"02 Jun 2026, 06:22:28",2
7271020007000500 - UB - 1,HASANAH MEMBANGUN PROPERTI,pthasanahproperti@gmail.com,delivered,queued,"02 Jun 2026, 02:12:56",1
7271020007000500 - UB - 1,HASANAH MEMBANGUN PROPERTI,pthasanahproperti@gmail.com,delivered,delivered,"02 Jun 2026, 02:13:00",2
7271030003000700 - UB - 1,MATA AIR HARMONI,m4harmoni@gmail.com,delivered,queued,"01 Jun 2026, 23:36:14",1
7271030003000700 - UB - 1,MATA AIR HARMONI,m4harmoni@gmail.com,delivered,delivered,"01 Jun 2026, 23:36:15",2
7271030004000400 - UB - 3,BANK RAKYAT INDONESIA (PERSERO) TBK,n0060@corp.bri.co.id,delivered,delivered,"02 Jun 2026, 00:04:26",1
7271030004000400 - UB - 3,BANK RAKYAT INDONESIA (PERSERO) TBK,n0060@corp.bri.co.id,delivered,queued,"02 Jun 2026, 00:04:26",2
7271030004000400 - UB - 3,BANK RAKYAT INDONESIA (PERSERO) TBK,n0060@corp.bri.co.id,delivered,queued,"02 Jun 2026, 09:10:36",3
7271030004000400 - UB - 3,BANK RAKYAT INDONESIA (PERSERO) TBK,n0060@corp.bri.co.id,delivered,delivered,"02 Jun 2026, 09:10:40",4
7271030003001900 - UB - 3,SAMARA PROPERTI INDONESIA,pt.samaraproperti@gmail.com,delivered,queued,"02 Jun 2026, 02:15:30",1
7271030003001900 - UB - 3,SAMARA PROPERTI INDONESIA,pt.samaraproperti@gmail.com,delivered,delivered,"02 Jun 2026, 02:15:33",2
7203030022001000 - UB - 1,HADJI KALLA,nur.salam.coning@kallagroup.co.id,permanent_fail,permanent_fail,"02 Jun 2026, 08:57:43",1
7203030021001200 - UB - 1,BANK MANDIRI (PERSERO),morowali.bungku@bankmandiri.co.id,delivered,queued,"02 Jun 2026, 04:16:42",1
7203030021001200 - UB - 1,BANK MANDIRI (PERSERO),morowali.bungku@bankmandiri.co.id,delivered,delivered,"02 Jun 2026, 04:16:46",2
7271030004000800 - UB - 4,"PT. KIMIA FARMA TRADING & DISTRIBUTION, Kantor Cabang Palu",kftdpaly@kftd.co.id,bounced,queued,"02 Jun 2026, 00:06:21",1
7271030004000800 - UB - 4,"PT. KIMIA FARMA TRADING & DISTRIBUTION, Kantor Cabang Palu",kftdpaly@kftd.co.id,bounced,bounced,"02 Jun 2026, 00:06:29",2
7271030003002000 - UB - 1,DONGGALA MINERAL UTAMA,donggalamineralutama@gmail.com,delivered,queued,"02 Jun 2026, 05:07:01",1
7271030003002000 - UB - 1,DONGGALA MINERAL UTAMA,donggalamineralutama@gmail.com,delivered,delivered,"02 Jun 2026, 05:07:01",2
7271030004001800 - UB - 1,MAKMUR JAYA CELLULAR,firdhaandrianapipe@gmail.com,-,-,-,0
7271030004000400 - UB - 1,BANK DANAMON INDONESIA TBK,bditax.831.001@danamon.co.id,delivered,queued,"02 Jun 2026, 04:12:14",1
7271030004000400 - UB - 1,BANK DANAMON INDONESIA TBK,bditax.831.001@danamon.co.id,delivered,delivered,"02 Jun 2026, 04:12:14",2
7203030024000501 - UB - 2,BANK PEMBANGUNAN DAERAH SULAWESI TENGAH,banksulteng.bungku@yahoo.co.id,-,-,-,0
7271030002001400 - UB - 1,SOMBAR JAYA SEJAHTERA,ptsombarjayasejahtera@gmail.com,delivered,queued,"02 Jun 2026, 01:53:22",1
7271030002001400 - UB - 1,SOMBAR JAYA SEJAHTERA,ptsombarjayasejahtera@gmail.com,delivered,delivered,"02 Jun 2026, 01:53:23",2
7203021005000406 - UB - 9,ZHENSHI INDONESIA INDUSTRIAL PARK,zhenshiindustrialpark@gmail.com,delivered,queued,"02 Jun 2026, 10:40:43",1
7203021005000406 - UB - 9,ZHENSHI INDONESIA INDUSTRIAL PARK,zhenshiindustrialpark@gmail.com,delivered,delivered,"02 Jun 2026, 10:40:46",2
7203021005000406 - UB - 10,Detian Coking Indonesia,secretariat@detiancoking-ind.com,bounced,queued,"02 Jun 2026, 04:43:12",1
7203021005000406 - UB - 10,Detian Coking Indonesia,secretariat@detiancoking-ind.com,bounced,bounced,"02 Jun 2026, 04:45:27",2
7271030002001000 - UB - 1,KPN ANUTAN,kprianutan@yahoo.co.id,bounced,queued,"02 Jun 2026, 05:52:21",1
7271030002001000 - UB - 1,KPN ANUTAN,kprianutan@yahoo.co.id,bounced,bounced,"02 Jun 2026, 05:52:54",2
7203022003200100 - UB - 3,Artono Simanungkalit,transonlegal.tbr@gmail.com,opened,queued,"02 Jun 2026, 09:20:24",1
7203022003200100 - UB - 3,Artono Simanungkalit,transonlegal.tbr@gmail.com,opened,delivered,"02 Jun 2026, 09:20:43",2
7203022003200100 - UB - 3,Artono Simanungkalit,transonlegal.tbr@gmail.com,opened,opened,"02 Jun 2026, 09:35:12",3
7203022003200100 - UB - 3,Artono Simanungkalit,transonlegal.tbr@gmail.com,opened,opened,"02 Jun 2026, 17:17:08",4
7203021008000609 - UB - 1,JEMBATAN MAS ENGINEERING,jembatanmas579@yahoo.com,permanent_fail,permanent_fail,"02 Jun 2026, 04:11:39",1
7271030004000400 - UB - 6,"PT. BANK RAKYAT INDONESIA (Persero) Tbk., Kantor Cabang Palu",n0060@corp.bri.co.id,-,-,-,0
7203022004100100 - UB - 1,"TEKNIK ALUM SERVIS, PT",agamtbw@gmail.com,delivered,queued,"02 Jun 2026, 09:50:54",1
7203022004100100 - UB - 1,"TEKNIK ALUM SERVIS, PT",agamtbw@gmail.com,delivered,delivered,"02 Jun 2026, 09:50:55",2
7271031006001100 - UB - 1,RSUD UNDATA PROV. SULTENG,rsudundata@gmail.comsultengprov.co.id,bounced,queued,"02 Jun 2026, 07:23:53",1
7271031006001100 - UB - 1,RSUD UNDATA PROV. SULTENG,rsudundata@gmail.comsultengprov.co.id,bounced,bounced,"02 Jun 2026, 07:23:53",2
7271031006001301 - UB - 1,JAYA MAKMUR SAKTI,jmspalu16@gmail.com,delivered,queued,"02 Jun 2026, 06:44:43",1
7271031006001301 - UB - 1,JAYA MAKMUR SAKTI,jmspalu16@gmail.com,delivered,delivered,"02 Jun 2026, 06:44:44",2
7204052006000200 - UB - 1,BRI UNIT TAMBARANA,n5209@corp.bri.co.id,delivered,queued,"02 Jun 2026, 02:12:38",1
7204052006000200 - UB - 1,BRI UNIT TAMBARANA,n5209@corp.bri.co.id,delivered,delivered,"02 Jun 2026, 02:12:38",2
7204070009000100 - UB - 1,MUSTIKA BINTANG TIMUR,mbtpajak@gmail.com,delivered,queued,"02 Jun 2026, 05:13:16",1
7204070009000100 - UB - 1,MUSTIKA BINTANG TIMUR,mbtpajak@gmail.com,delivered,delivered,"02 Jun 2026, 05:13:24",2
7271031008000400 - UB - 2,PDAM KOTA PALU,pdamkotapalu@yahoo.co.id,opened,queued,"01 Jun 2026, 23:43:18",1
7271031008000400 - UB - 2,PDAM KOTA PALU,pdamkotapalu@yahoo.co.id,opened,delivered,"01 Jun 2026, 23:43:21",2
7271031008000400 - UB - 2,PDAM KOTA PALU,pdamkotapalu@yahoo.co.id,opened,opened,"02 Jun 2026, 07:24:53",3
7271031001000500 - UB - 1,SULAWESI GLOBAL COMODITY,sulawesiglobalcomodity@gmail.com,delivered,queued,"01 Jun 2026, 23:15:31",1
7271031001000500 - UB - 1,SULAWESI GLOBAL COMODITY,sulawesiglobalcomodity@gmail.com,delivered,delivered,"01 Jun 2026, 23:15:35",2
7204010017000100 - UB - 1,TOKO TANI MUJI LUHUR,pjmpendolo@gmail.com,delivered,queued,"02 Jun 2026, 05:12:24",1
7204010017000100 - UB - 1,TOKO TANI MUJI LUHUR,pjmpendolo@gmail.com,delivered,delivered,"02 Jun 2026, 05:12:27",2
7203042007000700 - UB - 1,TAMACO GRAHA KRIDA,tgk.lokasi@simedarbyplantation.com,-,-,-,0
7203030025000402 - UB - 1,CAHAYA BUKIT MOROWALI,pt.cahayabukitmorowali@gmail.com,delivered,queued,"02 Jun 2026, 07:08:51",1
7203030025000402 - UB - 1,CAHAYA BUKIT MOROWALI,pt.cahayabukitmorowali@gmail.com,delivered,delivered,"02 Jun 2026, 07:08:55",2
7203040005200200 - UB - 2,GIZAN INVESTMENT GRUP,ptgizaninvestmentgrup@gmail.com,opened,queued,"02 Jun 2026, 05:32:25",1
7203040005200200 - UB - 2,GIZAN INVESTMENT GRUP,ptgizaninvestmentgrup@gmail.com,opened,delivered,"02 Jun 2026, 05:32:29",2
7203040005200200 - UB - 2,GIZAN INVESTMENT GRUP,ptgizaninvestmentgrup@gmail.com,opened,opened,"02 Jun 2026, 06:14:08",3
7209051019000800 - UB - 1,"BANK RAKYAT INDONESIA TBK, PT",n5210@copr.bri.co.id,bounced,queued,"01 Jun 2026, 23:01:16",1
7209051019000800 - UB - 1,"BANK RAKYAT INDONESIA TBK, PT",n5210@copr.bri.co.id,bounced,bounced,"01 Jun 2026, 23:01:16",2
7212020008100200 - UB - 1,ASSAQTI MORUT ENERGY,assaqtimorutenergy1@gmail.com,-,-,-,0
7208020016000400 - UB - 1,PT. Bank Mega Tbk Kantor Cabang Pembantu PARIGI,sekretariat244@bankmega.com,delivered,queued,"02 Jun 2026, 04:04:47",1
7208020016000400 - UB - 1,PT. Bank Mega Tbk Kantor Cabang Pembantu PARIGI,sekretariat244@bankmega.com,delivered,delivered,"02 Jun 2026, 04:04:48",2
7208020017000501 - UB - 1,GLORY ANUGRAH PERKASA,cv.gloryanugerahperkasa@gmail.com,delivered,queued,"02 Jun 2026, 00:33:24",1
7208020017000501 - UB - 1,GLORY ANUGRAH PERKASA,cv.gloryanugerahperkasa@gmail.com,delivered,delivered,"02 Jun 2026, 00:33:27",2
7210110006000600 - UB - 1,NUSANTARA RAYA KONSTRUKSI,nusantararayakonstruksi.pt@gmail.com,-,-,-,0
7212010010000100 - UB - 1,CITRA ANEKA TAMBANG,citraanekatambang@gmail.com,delivered,queued,"02 Jun 2026, 09:34:51",1
7212010010000100 - UB - 1,CITRA ANEKA TAMBANG,citraanekatambang@gmail.com,delivered,delivered,"02 Jun 2026, 09:34:55",2
7212010010000100 - UB - 2,CITRA MINERAL INDONESIA,citramineralindonesia@gmail.com,delivered,queued,"02 Jun 2026, 08:48:38",1
7212010010000100 - UB - 2,CITRA MINERAL INDONESIA,citramineralindonesia@gmail.com,delivered,delivered,"02 Jun 2026, 08:48:38",2
7212040006000300 - UB - 1,GENBA MULTI MINERAL,pt.gmm.work@gmail.com,opened,queued,"02 Jun 2026, 06:16:11",1
7212040006000300 - UB - 1,GENBA MULTI MINERAL,pt.gmm.work@gmail.com,opened,delivered,"02 Jun 2026, 06:16:15",2
7212040006000300 - UB - 1,GENBA MULTI MINERAL,pt.gmm.work@gmail.com,opened,opened,"02 Jun 2026, 06:16:56",3
7212040006000300 - UB - 1,GENBA MULTI MINERAL,pt.gmm.work@gmail.com,opened,opened,"02 Jun 2026, 15:06:12",4
7208030015000100 - UB - 1,SPBU AMPI BABO,spbu_ampibabo@yahoo.co.id,bounced,queued,"02 Jun 2026, 05:45:34",1
7208030015000100 - UB - 1,SPBU AMPI BABO,spbu_ampibabo@yahoo.co.id,bounced,bounced,"02 Jun 2026, 05:46:05",2
7212050008000400 - UB - 2,PALU BARUGA YAKU,palubarugayaku@gmail.com,opened,queued,"02 Jun 2026, 02:17:04",1
7212050008000400 - UB - 2,PALU BARUGA YAKU,palubarugayaku@gmail.com,opened,delivered,"02 Jun 2026, 02:17:08",2
7212050008000400 - UB - 2,PALU BARUGA YAKU,palubarugayaku@gmail.com,opened,opened,"02 Jun 2026, 02:17:19",3
7208020015001200 - UB - 1,BANK MEGA TBK,bagus.hartono@bankmega.com,delivered,queued,"02 Jun 2026, 08:23:34",1
7208020015001200 - UB - 1,BANK MEGA TBK,bagus.hartono@bankmega.com,delivered,delivered,"02 Jun 2026, 08:23:35",2
7206010003001100 - UB - 1,BANK SULTENG UNIT SONI,febrialdin.rial@yahoo.co.id,bounced,queued,"02 Jun 2026, 07:00:24",1
7206010003001100 - UB - 1,BANK SULTENG UNIT SONI,febrialdin.rial@yahoo.co.id,bounced,bounced,"02 Jun 2026, 07:00:54",2
7212010010000100 - UB - 4,AGENG PERMATA MINING,agengpermata121@gmail.com,delivered,queued,"02 Jun 2026, 05:40:16",1
7212010010000100 - UB - 4,AGENG PERMATA MINING,agengpermata121@gmail.com,delivered,delivered,"02 Jun 2026, 05:40:19",2
7208020019000100 - UB - 1,BANK SULTENG KANCAB PEMB.PARIGI,banksulteng.parigi@yahoo.co.id,clicked,delivered,"01 Jun 2026, 23:54:30",1
7208020019000100 - UB - 1,BANK SULTENG KANCAB PEMB.PARIGI,banksulteng.parigi@yahoo.co.id,clicked,queued,"01 Jun 2026, 23:54:31",2
7208020019000100 - UB - 1,BANK SULTENG KANCAB PEMB.PARIGI,banksulteng.parigi@yahoo.co.id,clicked,opened,"02 Jun 2026, 07:57:50",3
7208020019000100 - UB - 1,BANK SULTENG KANCAB PEMB.PARIGI,banksulteng.parigi@yahoo.co.id,clicked,clicked,"02 Jun 2026, 07:58:11",4
7212050003000700 - UB - 3,BATU TAMBANG MINERALINDO,batutambangmineralindo@gmail.com,delivered,queued,"02 Jun 2026, 02:43:47",1
7212050003000700 - UB - 3,BATU TAMBANG MINERALINDO,batutambangmineralindo@gmail.com,delivered,delivered,"02 Jun 2026, 02:43:51",2
7208021003000500 - UB - 2,BANK PERKREDITAN RAKYAT BINARTA LUHUR,binartasumber@yahoo.co.id,bounced,queued,"02 Jun 2026, 08:59:36",1
7208021003000500 - UB - 2,BANK PERKREDITAN RAKYAT BINARTA LUHUR,binartasumber@yahoo.co.id,bounced,bounced,"02 Jun 2026, 09:00:10",2
7212050003000700 - UB - 1,SINOSTEEL INDONESIA MINING,kathyzhw@gmail.com,opened,queued,"02 Jun 2026, 08:03:36",1
7212050003000700 - UB - 1,SINOSTEEL INDONESIA MINING,kathyzhw@gmail.com,opened,delivered,"02 Jun 2026, 08:03:43",2
7212050003000700 - UB - 1,SINOSTEEL INDONESIA MINING,kathyzhw@gmail.com,opened,opened,"02 Jun 2026, 08:16:07",3
7208060002000200 - UB - 1,OGOLIGO SEJAHTERA,sejahteraptogoligo@gmail.com,delivered,queued,"02 Jun 2026, 07:16:48",1
7208060002000200 - UB - 1,OGOLIGO SEJAHTERA,sejahteraptogoligo@gmail.com,delivered,delivered,"02 Jun 2026, 07:17:15",2
7212020008000900 - UB - 1,MORI DUTA MINERAL,stevankristy@moridutamineral.com,bounced,queued,"02 Jun 2026, 08:50:41",1
7212020008000900 - UB - 1,MORI DUTA MINERAL,stevankristy@moridutamineral.com,bounced,bounced,"02 Jun 2026, 08:50:41",2
7209050015000600 - UB - 1,"BPR MODERN EXSPRESS, PT/BPR PALU LOKADANA UTAMA, PT",kc.touna@bprpalulokadana.com,queued,bounced,"01 Jun 2026, 23:04:03",1
7209050015000600 - UB - 1,"BPR MODERN EXSPRESS, PT/BPR PALU LOKADANA UTAMA, PT",kc.touna@bprpalulokadana.com,queued,queued,"01 Jun 2026, 23:04:03",2
7210121006000500 - UB - 1,RSUD TORABELO,rsudsigi@gmail.com,bounced,queued,"01 Jun 2026, 22:57:07",1
7210121006000500 - UB - 1,RSUD TORABELO,rsudsigi@gmail.com,bounced,bounced,"01 Jun 2026, 22:58:30",2
7210120013001500 - UB - 3,SAMBULUGANA,sambulugana89@gmail.com,delivered,queued,"02 Jun 2026, 04:08:41",1
7210120013001500 - UB - 3,SAMBULUGANA,sambulugana89@gmail.com,delivered,delivered,"02 Jun 2026, 04:08:44",2
7271031002002300 - UB - 2,KOPABRI PRIMKOPAD KODIM 1306,vatulemopalu01@gmail.com,delivered,queued,"01 Jun 2026, 23:34:31",1
7271031002002300 - UB - 2,KOPABRI PRIMKOPAD KODIM 1306,vatulemopalu01@gmail.com,delivered,delivered,"01 Jun 2026, 23:34:35",2
7271031002000701 - UB - 1,CITRA BARKATAMA KARYA,ptcitrabarkatamakarya@yahoo.com,bounced,queued,"02 Jun 2026, 03:09:36",1
7271031002000701 - UB - 1,CITRA BARKATAMA KARYA,ptcitrabarkatamakarya@yahoo.com,bounced,bounced,"02 Jun 2026, 03:10:04",2
7271031006002500 - UB - 1,INDO TAMBANG SENTOSA,its.oss@berkah-group.com,delivered,queued,"02 Jun 2026, 07:19:45",1
7271031006002500 - UB - 1,INDO TAMBANG SENTOSA,its.oss@berkah-group.com,delivered,delivered,"02 Jun 2026, 07:19:49",2
7271031008001600 - UB - 2,KHAMONA MEGAH PROPERTY,khamonaproperty@gmail.com,delivered,queued,"02 Jun 2026, 04:38:44",1
7271031008001600 - UB - 2,KHAMONA MEGAH PROPERTY,khamonaproperty@gmail.com,delivered,delivered,"02 Jun 2026, 04:38:48",2
7204070011000400 - UB - 2,HERO SUKSES MAKMUR CV,hsmposo@yahoo.co.id,delivered,queued,"26 Mei 2026, 08:30:33",1
7204070011000400 - UB - 2,HERO SUKSES MAKMUR CV,hsmposo@yahoo.co.id,delivered,delivered,"26 Mei 2026, 08:30:37",2
7204070011000400 - UB - 2,HERO SUKSES MAKMUR CV,hsmposo@yahoo.co.id,delivered,queued,"02 Jun 2026, 03:43:46",1
7204070011000400 - UB - 2,HERO SUKSES MAKMUR CV,hsmposo@yahoo.co.id,delivered,delivered,"02 Jun 2026, 03:43:50",2
7205101001000302 - UB - 1,INDONESIA HENGXING TRADE DEVELOPMENT,ptindonesiahengxing@gmail.com,delivered,queued,"02 Jun 2026, 02:35:40",1
7205101001000302 - UB - 1,INDONESIA HENGXING TRADE DEVELOPMENT,ptindonesiahengxing@gmail.com,delivered,delivered,"02 Jun 2026, 02:35:41",2
7205130008000401 - UB - 1,PT. BANK SULTENG KAS LABEAN,banksulteng_kaslabean@yahoo.com,bounced,queued,"02 Jun 2026, 04:11:35",1
7205130008000401 - UB - 1,PT. BANK SULTENG KAS LABEAN,banksulteng_kaslabean@yahoo.com,bounced,bounced,"02 Jun 2026, 04:12:10",2
7205140004000900 - UB - 1,PT PERKEBUNAN KELAPA MALONAS,mohamatsidik00@gmail.com,delivered,queued,"02 Jun 2026, 05:15:04",1
7205140004000900 - UB - 1,PT PERKEBUNAN KELAPA MALONAS,mohamatsidik00@gmail.com,delivered,delivered,"02 Jun 2026, 05:15:05",2
7206010001000300 - UB - 1,"TAMAKI, CV",warno2004kombo@gmail.com,opened,queued,"02 Jun 2026, 00:43:29",1
7206010001000300 - UB - 1,"TAMAKI, CV",warno2004kombo@gmail.com,opened,delivered,"02 Jun 2026, 00:43:30",2
7206010001000300 - UB - 1,"TAMAKI, CV",warno2004kombo@gmail.com,opened,opened,"02 Jun 2026, 06:45:10",3
7206010001000300 - UB - 1,"TAMAKI, CV",warno2004kombo@gmail.com,opened,opened,"02 Jun 2026, 06:46:17",4
7271041003001200 - UB - 2,SANTOSA UTAMA LESTARI,taxpalu.sul@japfa.com,clicked,queued,"02 Jun 2026, 02:12:46",1
7271041003001200 - UB - 2,SANTOSA UTAMA LESTARI,taxpalu.sul@japfa.com,clicked,delivered,"02 Jun 2026, 02:12:47",2
7271041003001200 - UB - 2,SANTOSA UTAMA LESTARI,taxpalu.sul@japfa.com,clicked,opened,"02 Jun 2026, 02:12:55",3
7271041003001200 - UB - 2,SANTOSA UTAMA LESTARI,taxpalu.sul@japfa.com,clicked,clicked,"02 Jun 2026, 02:13:15",4
7271041003001200 - UB - 2,SANTOSA UTAMA LESTARI,taxpalu.sul@japfa.com,clicked,clicked,"02 Jun 2026, 02:13:16",5
7205080022000700 - UB - 2,"PALU INDAH TEHKNIK, PT",adm.paluindahtehnik@gmail.com,delivered,queued,"02 Jun 2026, 11:52:10",1
7205080022000700 - UB - 2,"PALU INDAH TEHKNIK, PT",adm.paluindahtehnik@gmail.com,delivered,delivered,"02 Jun 2026, 11:52:13",2
7271040004000900 - UB - 1,BETON INDUSTRI INDONESIA,pt.betonindustriind@gmail.com,clicked,queued,"02 Jun 2026, 03:22:53",1
7271040004000900 - UB - 1,BETON INDUSTRI INDONESIA,pt.betonindustriind@gmail.com,clicked,delivered,"02 Jun 2026, 03:23:06",2
7271040004000900 - UB - 1,BETON INDUSTRI INDONESIA,pt.betonindustriind@gmail.com,clicked,opened,"02 Jun 2026, 06:48:32",3
7271040004000900 - UB - 1,BETON INDUSTRI INDONESIA,pt.betonindustriind@gmail.com,clicked,clicked,"02 Jun 2026, 06:48:47",4
7271040004000900 - UB - 1,BETON INDUSTRI INDONESIA,pt.betonindustriind@gmail.com,clicked,clicked,"02 Jun 2026, 06:48:48",5
7271040002000100 - UB - 1,HAYCARB PALU MITRA PT,hpm-accountr@haycarbindo.com,queued,bounced,"02 Jun 2026, 01:06:09",1
7271040002000100 - UB - 1,HAYCARB PALU MITRA PT,hpm-accountr@haycarbindo.com,queued,queued,"02 Jun 2026, 01:06:09",2
7205081004000400 - UB - 1,"LESTARI TANI TELADAN, PT",oka@astra-agro.co.id,delivered,queued,"02 Jun 2026, 01:32:30",1
7205081004000400 - UB - 1,"LESTARI TANI TELADAN, PT",oka@astra-agro.co.id,delivered,delivered,"02 Jun 2026, 01:32:42",2
7204070011000400 - UB - 1,"BANK SYARIAH INDONESIA KCP POSO, PT",contactus@bankbsi.co.id,clicked,queued,"02 Jun 2026, 04:39:32",1
7204070011000400 - UB - 1,"BANK SYARIAH INDONESIA KCP POSO, PT",contactus@bankbsi.co.id,clicked,delivered,"02 Jun 2026, 04:39:32",2
7204070011000400 - UB - 1,"BANK SYARIAH INDONESIA KCP POSO, PT",contactus@bankbsi.co.id,clicked,clicked,"02 Jun 2026, 04:39:40",3
7204071002000400 - UB - 1,MEDI SUKA LAKSANA PT,ptmsl.travel@gmail.com,delivered,queued,"02 Jun 2026, 00:42:06",1
7204071002000400 - UB - 1,MEDI SUKA LAKSANA PT,ptmsl.travel@gmail.com,delivered,delivered,"02 Jun 2026, 00:42:10",2
7271041003001200 - UB - 8,HYDROXIDE NICKEL INDONESIA,hydroxidenickelindonesia@gmail.com,-,-,-,0
7204070011000302 - UB - 1,BANK SULTENG,banksultengposo@mailnesia.com,permanent_fail,permanent_fail,"02 Jun 2026, 06:02:51",1
7204070012000800 - UB - 3,"BANK BPR PALU LOKADANA UTAMA CAB POSO, PT",kc.poso@bprpalulokadanautama.com,-,-,-,0
7204071001001500 - UB - 1,"AMRI MARGA JAYA, PT",pt.amrimargajaya@ymail.com,bounced,queued,"02 Jun 2026, 00:37:47",1
7204071001001500 - UB - 1,"AMRI MARGA JAYA, PT",pt.amrimargajaya@ymail.com,bounced,bounced,"02 Jun 2026, 00:37:51",2
7271030005003200 - UB - 1,POMOLULU ANUGRAH MINERAL,ptpomoluluanugrahmineral@gmail.com,delivered,queued,"02 Jun 2026, 03:28:45",1
7271030005003200 - UB - 1,POMOLULU ANUGRAH MINERAL,ptpomoluluanugrahmineral@gmail.com,delivered,delivered,"02 Jun 2026, 03:28:48",2
7271041003000901 - UB - 1,DING FENG INDOJAYA,dingfengindojaya@gmail.com,queued,delivered,"02 Jun 2026, 03:28:10",1
7271041003000901 - UB - 1,DING FENG INDOJAYA,dingfengindojaya@gmail.com,queued,queued,"02 Jun 2026, 03:28:10",2
7204030005001801 - UB - 1,BANK MANDIRI (PERSERO),mmu.tentena@bankmandiri.co.id,queued,delivered,"02 Jun 2026, 02:36:29",1
7204030005001801 - UB - 1,BANK MANDIRI (PERSERO),mmu.tentena@bankmandiri.co.id,queued,queued,"02 Jun 2026, 02:36:30",2
7271041003001200 - UB - 1,KAYU ENERGI BARU INDONESIA,ptkayuenergibaruindonesia@gmail.com,delivered,queued,"01 Jun 2026, 22:48:23",1
7271041003001200 - UB - 1,KAYU ENERGI BARU INDONESIA,ptkayuenergibaruindonesia@gmail.com,delivered,delivered,"01 Jun 2026, 22:48:28",2
7204030005001801 - UB - 2,BANK PERKREDITAN RAKYAT YASPIS DANA PRIMA,bpr.yaspisdanaprima@gmail.com,opened,delivered,"02 Jun 2026, 01:32:55",1
7204030005001801 - UB - 2,BANK PERKREDITAN RAKYAT YASPIS DANA PRIMA,bpr.yaspisdanaprima@gmail.com,opened,queued,"02 Jun 2026, 01:32:55",2
7204030005001801 - UB - 2,BANK PERKREDITAN RAKYAT YASPIS DANA PRIMA,bpr.yaspisdanaprima@gmail.com,opened,opened,"02 Jun 2026, 08:35:03",3
7204030005001801 - UB - 2,BANK PERKREDITAN RAKYAT YASPIS DANA PRIMA,bpr.yaspisdanaprima@gmail.com,opened,opened,"02 Jun 2026, 17:46:01",4
7271031008003100 - UB - 1,HONG THAI INTERNATIONAL,internationalhongthai@gmail.com,delivered,queued,"01 Jun 2026, 23:40:15",1
7271031008003100 - UB - 1,HONG THAI INTERNATIONAL,internationalhongthai@gmail.com,delivered,delivered,"01 Jun 2026, 23:40:18",2
7271031008003100 - UB - 1,HONG THAI INTERNATIONAL,internationalhongthai@gmail.com,delivered,queued,"02 Jun 2026, 05:33:32",3
7271031008003100 - UB - 1,HONG THAI INTERNATIONAL,internationalhongthai@gmail.com,delivered,delivered,"02 Jun 2026, 05:33:35",4
7271040001000102 - UB - 3,MANDIRI ARGO LESTARI CV,cvmandiriargolestari@gmail.com,bounced,queued,"02 Jun 2026, 11:37:41",1
7271040001000102 - UB - 3,MANDIRI ARGO LESTARI CV,cvmandiriargolestari@gmail.com,bounced,bounced,"02 Jun 2026, 11:37:42",2
7204071004000300 - UB - 1,ARJUNA MUSTIKA SETIA,ptarjunamustikasetia.pajak@gmail.com,delivered,queued,"02 Jun 2026, 09:10:35",1
7204071004000300 - UB - 1,ARJUNA MUSTIKA SETIA,ptarjunamustikasetia.pajak@gmail.com,delivered,delivered,"02 Jun 2026, 09:10:40",2
7204040019000100 - UB - 1,BANK BRI PEKUREHUA,n5207@corp.bri.co.id,delivered,queued,"01 Jun 2026, 23:12:21",1
7204040019000100 - UB - 1,BANK BRI PEKUREHUA,n5207@corp.bri.co.id,delivered,delivered,"01 Jun 2026, 23:12:23",2
7271031007000200 - UB - 1,SULAWESI CENTRAL COMMODITY,sulawesicentralcommodity@yahoo.com,bounced,queued,"02 Jun 2026, 07:11:00",1
7271031007000200 - UB - 1,SULAWESI CENTRAL COMMODITY,sulawesicentralcommodity@yahoo.com,bounced,bounced,"02 Jun 2026, 07:11:36",2
7271041003001200 - UB - 4,HONG THAI INTERNATIONAL,internationalhongthai@gmail.com,-,-,-,0
7205080024000400 - UB - 1,ASTUN HI. ARSYAD,astunhiarsyad28@gmail.com,bounced,queued,"02 Jun 2026, 09:45:51",1
7205080024000400 - UB - 1,ASTUN HI. ARSYAD,astunhiarsyad28@gmail.com,bounced,bounced,"02 Jun 2026, 09:45:54",2
7271031008000400 - UB - 1,ALFIAN CHANIAGO,chaniago1978a@gmail.com,delivered,queued,"02 Jun 2026, 08:59:11",1
7271031008000400 - UB - 1,ALFIAN CHANIAGO,chaniago1978a@gmail.com,delivered,delivered,"02 Jun 2026, 08:59:15",2
7204032006001600 - UB - 1,PLTA Poso 1,pltaposo2@posoenergy.com,bounced,queued,"02 Jun 2026, 05:07:16",1
7204032006001600 - UB - 1,PLTA Poso 1,pltaposo2@posoenergy.com,bounced,bounced,"02 Jun 2026, 05:08:43",2
7271030004001500 - UB - 4,DELTA ENERALS SIGI,delta.eneralsigi@gmail.com,delivered,queued,"02 Jun 2026, 03:38:16",1
7271030004001500 - UB - 4,DELTA ENERALS SIGI,delta.eneralsigi@gmail.com,delivered,delivered,"02 Jun 2026, 03:38:21",2
7271030004001700 - UB - 2,TRIOCELEBES MEDIA ENERGI,trio_mediaenergi@yahoo.com,delivered,queued,"02 Jun 2026, 04:30:23",1
7271030004001700 - UB - 2,TRIOCELEBES MEDIA ENERGI,trio_mediaenergi@yahoo.com,delivered,delivered,"02 Jun 2026, 04:30:27",2
7271031008002500 - UB - 1,ARETHA YURI FALIHAH,muhammadnatsir1979@gmail.com,opened,queued,"02 Jun 2026, 06:21:08",1
7271031008002500 - UB - 1,ARETHA YURI FALIHAH,muhammadnatsir1979@gmail.com,opened,delivered,"02 Jun 2026, 06:21:08",2
7271031008002500 - UB - 1,ARETHA YURI FALIHAH,muhammadnatsir1979@gmail.com,opened,opened,"02 Jun 2026, 08:59:16",3
7204070011000100 - UB - 1,"JAYA KONSTRUKSI - MULTI GRAHA, KSO",jakon.multigrahakso@gmail.com,delivered,queued,"02 Jun 2026, 07:55:41",1
7204070011000100 - UB - 1,"JAYA KONSTRUKSI - MULTI GRAHA, KSO",jakon.multigrahakso@gmail.com,delivered,delivered,"02 Jun 2026, 07:55:44",2
7271031006003901 - UB - 2,BATU HITAM JASA PERTAMBANGAN,batuhitamjasapertambangan@yahoo.com,bounced,queued,"02 Jun 2026, 06:36:13",1
7271031006003901 - UB - 2,BATU HITAM JASA PERTAMBANGAN,batuhitamjasapertambangan@yahoo.com,bounced,bounced,"02 Jun 2026, 06:39:45",2
7271040004001400 - UB - 1,"PRIMA GELORA AGUNG LESTARI, PT",primagelora_palu@yahoo.com,bounced,queued,"01 Jun 2026, 23:23:45",1
7271040004001400 - UB - 1,"PRIMA GELORA AGUNG LESTARI, PT",primagelora_palu@yahoo.com,bounced,bounced,"01 Jun 2026, 23:26:06",2
7271030005003300 - UB - 1,"ADIPURA NOVEGA,CV",adipuranovega@gmail.com,bounced,queued,"02 Jun 2026, 05:59:12",1
7271030005003300 - UB - 1,"ADIPURA NOVEGA,CV",adipuranovega@gmail.com,bounced,bounced,"02 Jun 2026, 05:59:58",2
7271041002001200 - UB - 1,NUSANTARA PALU ENERGI,energiptnusantarapalu@gmail.com,delivered,queued,"02 Jun 2026, 07:32:53",1
7271041002001200 - UB - 1,NUSANTARA PALU ENERGI,energiptnusantarapalu@gmail.com,delivered,delivered,"02 Jun 2026, 07:32:57",2
7212040012000502 - UB - 2,JEJE KONSTRUKSI GRUP,ptjejekonstruksigrup@gmail.com,delivered,queued,"02 Jun 2026, 10:13:25",1
7212040012000502 - UB - 2,JEJE KONSTRUKSI GRUP,ptjejekonstruksigrup@gmail.com,delivered,delivered,"02 Jun 2026, 10:13:26",2
7212020008001100 - UB - 1,BANK PERKREDITAN RAKYAT PRIMA ARTHA SEJAHTERA,lagodusinsusianti@gmail.com,delivered,queued,"02 Jun 2026, 06:46:09",1
7212020008001100 - UB - 1,BANK PERKREDITAN RAKYAT PRIMA ARTHA SEJAHTERA,lagodusinsusianti@gmail.com,delivered,delivered,"02 Jun 2026, 06:46:13",2
7212080001200100 - UB - 1,"Mitra Mineral Indotama, PT(MITRA MINERAL INDOTAMA)",mitramineralindotama@gmail.com,delivered,queued,"02 Jun 2026, 01:47:02",1
7212080001200100 - UB - 1,"Mitra Mineral Indotama, PT(MITRA MINERAL INDOTAMA)",mitramineralindotama@gmail.com,delivered,delivered,"02 Jun 2026, 01:47:07",2
7212010010000100 - UB - 3,USAHA MITRA MUCIVAL,usahamitramucival@gmail.com,delivered,queued,"02 Jun 2026, 09:19:09",1
7212010010000100 - UB - 3,USAHA MITRA MUCIVAL,usahamitramucival@gmail.com,delivered,delivered,"02 Jun 2026, 09:19:11",2
7212010002000300 - UB - 1,PERKEBUNAN SAWIT MEKARMAS,kopsawitmekarmas@gmail.com,delivered,queued,"02 Jun 2026, 01:32:47",1
7212010002000300 - UB - 1,PERKEBUNAN SAWIT MEKARMAS,kopsawitmekarmas@gmail.com,delivered,delivered,"02 Jun 2026, 01:32:52",2
7212010006000300 - UB - 1,BINTANG MORUT PERKASA,bintangmorutperkasa@gmail.com,-,-,-,0
7212040003100100 - UB - 1,SINAR SAWIT UTAMA,kapukongamin@gmail.com,-,-,-,0
7212020008001000 - UB - 2,MEGA KARYA ENERGY,megakaryaenergy@gmail.com,queued,delivered,"02 Jun 2026, 05:42:28",1
7212020008001000 - UB - 2,MEGA KARYA ENERGY,megakaryaenergy@gmail.com,queued,queued,"02 Jun 2026, 05:42:28",2
7209051005000500 - UB - 1,"BANK PEMBANGUNAN DAERAH SULAWESI TENGAH, PT",banksulteng.ampana@yahoo.co.id,-,-,-,0
7210130008001400 - UB - 1,MANDIRI CENTRAL CELLEBES,mandiricentralcellebes@gmail.com,delivered,queued,"02 Jun 2026, 00:34:45",1
7210130008001400 - UB - 1,MANDIRI CENTRAL CELLEBES,mandiricentralcellebes@gmail.com,delivered,delivered,"02 Jun 2026, 00:34:46",2
7212040012000200 - UB - 1,BJM BUGIS JAYA MANDIRI,bugisjayamandiri@gmail.com,delivered,queued,"02 Jun 2026, 05:33:21",1
7212040012000200 - UB - 1,BJM BUGIS JAYA MANDIRI,bugisjayamandiri@gmail.com,delivered,delivered,"02 Jun 2026, 05:33:24",2
7212010010000100 - UB - 6,MITRA MINERAL MEAMBO,mitramineralmeambo@gmail.com,opened,queued,"02 Jun 2026, 01:10:06",1
7212010010000100 - UB - 6,MITRA MINERAL MEAMBO,mitramineralmeambo@gmail.com,opened,delivered,"02 Jun 2026, 01:10:10",2
7212010010000100 - UB - 6,MITRA MINERAL MEAMBO,mitramineralmeambo@gmail.com,opened,opened,"02 Jun 2026, 01:10:17",3
7212010010000100 - UB - 6,MITRA MINERAL MEAMBO,mitramineralmeambo@gmail.com,opened,opened,"02 Jun 2026, 01:40:00",4
7212010010000100 - UB - 6,MITRA MINERAL MEAMBO,mitramineralmeambo@gmail.com,opened,opened,"02 Jun 2026, 08:52:30",5
7212010010000100 - UB - 8,"TIMUR JAYA INDO MAKMUR, PT",admin-krlm@tsanin-group.com,bounced,queued,"02 Jun 2026, 07:10:57",1
7212010010000100 - UB - 8,"TIMUR JAYA INDO MAKMUR, PT",admin-krlm@tsanin-group.com,bounced,bounced,"02 Jun 2026, 07:10:57",2
7209040007000600 - UB - 1,TEBING LANGIT CAKRAWALA,tebinglangitcakrawala@gmail.com,-,-,-,0
7212040011000500 - UB - 1,MOROWALI MINING RESOURCES,morowalisejahtera8@gmail.com,opened,queued,"01 Jun 2026, 23:02:42",1
7212040011000500 - UB - 1,MOROWALI MINING RESOURCES,morowalisejahtera8@gmail.com,opened,delivered,"01 Jun 2026, 23:02:42",2
7212040011000500 - UB - 1,MOROWALI MINING RESOURCES,morowalisejahtera8@gmail.com,opened,opened,"02 Jun 2026, 00:02:02",3
7212010010000100 - UB - 5,MEGA MINERAL PRAKARSA,megamineralprakarsa@gmail.com,opened,queued,"02 Jun 2026, 00:34:33",1
7212010010000100 - UB - 5,MEGA MINERAL PRAKARSA,megamineralprakarsa@gmail.com,opened,delivered,"02 Jun 2026, 00:34:36",2
7212010010000100 - UB - 5,MEGA MINERAL PRAKARSA,megamineralprakarsa@gmail.com,opened,opened,"02 Jun 2026, 03:14:02",3
7212040010000101 - UB - 1,NUR BUMI MINERAL,nurbumimineral@gmail.com,delivered,queued,"02 Jun 2026, 03:20:19",1
7212040010000101 - UB - 1,NUR BUMI MINERAL,nurbumimineral@gmail.com,delivered,delivered,"02 Jun 2026, 03:20:21",2
7212040010000102 - UB - 3,MONSUKA BERDIKARI ABADI,monsukaberdikariabadi@gmail.com,delivered,queued,"02 Jun 2026, 00:02:05",1
7212040010000102 - UB - 3,MONSUKA BERDIKARI ABADI,monsukaberdikariabadi@gmail.com,delivered,delivered,"02 Jun 2026, 00:02:09",2
7212020008001000 - UB - 1,GILINGAN PADI <TONI F KOLUBO>,ptpnxiv.beteleme@gmail.com,delivered,queued,"02 Jun 2026, 09:53:02",1
7212020008001000 - UB - 1,GILINGAN PADI <TONI F KOLUBO>,ptpnxiv.beteleme@gmail.com,delivered,delivered,"02 Jun 2026, 09:53:06",2
7212040012000501 - UB - 2,DRAGON KONSTRUKSI UTAMA,ptdragonkonstruksiutama@gmail.com,delivered,queued,"01 Jun 2026, 23:20:08",1
7212040012000501 - UB - 2,DRAGON KONSTRUKSI UTAMA,ptdragonkonstruksiutama@gmail.com,delivered,delivered,"01 Jun 2026, 23:20:11",2
7202030021001200 - UB - 1,Pertambangan Bijih Nikel [LUWUK MINERAL PERKASA],luwukmineralperkasa@gmail.com,delivered,queued,"02 Jun 2026, 08:04:28",1
7202030021001200 - UB - 1,Pertambangan Bijih Nikel [LUWUK MINERAL PERKASA],luwukmineralperkasa@gmail.com,delivered,delivered,"02 Jun 2026, 08:04:32",2
7209050015000300 - UB - 1,"BANK RAKYAT INDONESIA, PT",n7815@corp.bri.co.id,queued,delivered,"01 Jun 2026, 23:33:21",1
7209050015000300 - UB - 1,"BANK RAKYAT INDONESIA, PT",n7815@corp.bri.co.id,queued,queued,"01 Jun 2026, 23:33:22",2
7210110011000500 - UB - 1,"BANK MANDIR Cabang sigi, PT",mmu.sigi@bankmandiri.co.id,delivered,queued,"02 Jun 2026, 01:26:16",1
7210110011000500 - UB - 1,"BANK MANDIR Cabang sigi, PT",mmu.sigi@bankmandiri.co.id,delivered,delivered,"02 Jun 2026, 01:26:16",2
7212040006000200 - UB - 1,MOLINO JAYA MAKMUR MINERAL,molinojayamakmurmineral@gmail.com,delivered,queued,"02 Jun 2026, 08:27:18",1
7212040006000200 - UB - 1,MOLINO JAYA MAKMUR MINERAL,molinojayamakmurmineral@gmail.com,delivered,delivered,"02 Jun 2026, 08:27:22",2
7212050004200100 - UB - 1,SUMBER MINERAL ABADI SITE MOROWALI UTARA,sumbermineralabadipt@gmail.com,opened,delivered,"02 Jun 2026, 00:48:13",1
7212050004200100 - UB - 1,SUMBER MINERAL ABADI SITE MOROWALI UTARA,sumbermineralabadipt@gmail.com,opened,queued,"02 Jun 2026, 00:48:09",2
7212050004200100 - UB - 1,SUMBER MINERAL ABADI SITE MOROWALI UTARA,sumbermineralabadipt@gmail.com,opened,opened,"02 Jun 2026, 00:53:05",3
7212050004200100 - UB - 1,SUMBER MINERAL ABADI SITE MOROWALI UTARA,sumbermineralabadipt@gmail.com,opened,opened,"02 Jun 2026, 10:14:11",4
7212050004200100 - UB - 1,SUMBER MINERAL ABADI SITE MOROWALI UTARA,sumbermineralabadipt@gmail.com,opened,opened,"02 Jun 2026, 10:24:04",5
7212050003000500 - UB - 3,MOROKOA MINING SEJAHTERA,pt.morokoaminingsejahtera@gmail.com,delivered,queued,"02 Jun 2026, 05:40:25",1
7212050003000500 - UB - 3,MOROKOA MINING SEJAHTERA,pt.morokoaminingsejahtera@gmail.com,delivered,delivered,"02 Jun 2026, 05:40:29",2
7212040006000200 - UB - 3,BERLIAN BIRU ENERGY,berlian.biru79@gmail.com,delivered,queued,"01 Jun 2026, 23:31:39",1
7212040006000200 - UB - 3,BERLIAN BIRU ENERGY,berlian.biru79@gmail.com,delivered,delivered,"01 Jun 2026, 23:31:39",2
7212040012000200 - UB - 2,MMPS MATABOLO PERKASA,www.madisupardi007@gmail.com,delivered,queued,"02 Jun 2026, 00:37:42",1
7212040012000200 - UB - 2,MMPS MATABOLO PERKASA,www.madisupardi007@gmail.com,delivered,delivered,"02 Jun 2026, 00:37:47",2
7212040012200400 - UB - 1,LEICHI CONSTRUCTION ENGINEERING INDONESIA,leichiconstruction123@gmail.com,delivered,queued,"02 Jun 2026, 05:17:57",1
7212040012200400 - UB - 1,LEICHI CONSTRUCTION ENGINEERING INDONESIA,leichiconstruction123@gmail.com,delivered,delivered,"02 Jun 2026, 05:17:57",2
7212040006400100 - UB - 1,Toko suharman <Darmiati>,ktuana@asta.go.id,bounced,queued,"02 Jun 2026, 11:47:26",1
7212040006400100 - UB - 1,Toko suharman <Darmiati>,ktuana@asta.go.id,bounced,bounced,"02 Jun 2026, 11:47:27",2
7212040006000200 - UB - 2,GENBA INDO RESOURCES,gir.mining2019@gmail.com,bounced,queued,"01 Jun 2026, 22:58:46",1
7212040006000200 - UB - 2,GENBA INDO RESOURCES,gir.mining2019@gmail.com,bounced,bounced,"01 Jun 2026, 22:59:43",2
7212040011000101 - UB - 1,BIMANTARA GLOBAL RESOURCES,bimantaraglobalresources@gmail.com,delivered,queued,"01 Jun 2026, 23:02:32",1
7212040011000101 - UB - 1,BIMANTARA GLOBAL RESOURCES,bimantaraglobalresources@gmail.com,delivered,delivered,"01 Jun 2026, 23:02:32",2
7203031002000600 - UB - 1,PT. BAHARI MOROWALI JAYA,ebungku@gmail.com,delivered,queued,"02 Jun 2026, 03:34:19",1
7203031002000600 - UB - 1,PT. BAHARI MOROWALI JAYA,ebungku@gmail.com,delivered,delivered,"02 Jun 2026, 03:34:22",2
7271000000000000 - UB - 5,STARS MINERAL INDONESIA,starsmineralindonesia@gmail.com,opened,queued,"02 Jun 2026, 07:38:18",1
7271000000000000 - UB - 5,STARS MINERAL INDONESIA,starsmineralindonesia@gmail.com,opened,delivered,"02 Jun 2026, 07:38:22",2
7271000000000000 - UB - 5,STARS MINERAL INDONESIA,starsmineralindonesia@gmail.com,opened,opened,"02 Jun 2026, 07:38:46",3
7271000000000000 - UB - 26,BANAWA MINERAL PERKASA,banawamineralperkasa@gmail.com,queued,delivered,"02 Jun 2026, 02:00:59",1
7271000000000000 - UB - 26,BANAWA MINERAL PERKASA,banawamineralperkasa@gmail.com,queued,queued,"02 Jun 2026, 02:00:59",2
7202010046000400 - UB - 1,REZKY ANNA JAYA,cvrezkyannajaya@gmail.com,delivered,queued,"02 Jun 2026, 06:28:27",1
7202010046000400 - UB - 1,REZKY ANNA JAYA,cvrezkyannajaya@gmail.com,delivered,delivered,"02 Jun 2026, 06:28:28",2
7202012012000100 - UB - 1,MITRA LAGO PERKASA,debrilawero8430@gmail.com,delivered,queued,"01 Jun 2026, 23:56:14",1
7202012012000100 - UB - 1,MITRA LAGO PERKASA,debrilawero8430@gmail.com,delivered,delivered,"01 Jun 2026, 23:56:18",2
7212040003000200 - UB - 1,ARUTALA PATRA ENERGI,pt.arutalapatraenergi@gmail.com,opened,queued,"02 Jun 2026, 06:24:40",1
7212040003000200 - UB - 1,ARUTALA PATRA ENERGI,pt.arutalapatraenergi@gmail.com,opened,delivered,"02 Jun 2026, 06:24:43",2
7212040003000200 - UB - 1,ARUTALA PATRA ENERGI,pt.arutalapatraenergi@gmail.com,opened,opened,"02 Jun 2026, 06:24:52",3
7202013009000200 - UB - 1,"RAMAI JAYA ABADI, PT",ramaijayaabadi18@gmail.com,opened,queued,"02 Jun 2026, 01:45:20",1
7202013009000200 - UB - 1,"RAMAI JAYA ABADI, PT",ramaijayaabadi18@gmail.com,opened,delivered,"02 Jun 2026, 01:45:24",2
7202013009000200 - UB - 1,"RAMAI JAYA ABADI, PT",ramaijayaabadi18@gmail.com,opened,opened,"02 Jun 2026, 09:24:33",3
7202011017000200 - UB - 1,JAYA MAKMUR ABADI,cvjayamakmurabadi8@gmail.com,delivered,queued,"02 Jun 2026, 03:05:14",1
7202011017000200 - UB - 1,JAYA MAKMUR ABADI,cvjayamakmurabadi8@gmail.com,delivered,delivered,"02 Jun 2026, 03:05:22",2
7212050009000200 - UB - 6,KHANSA PERMATA,cvkhansapermata120@gmail.com,delivered,queued,"02 Jun 2026, 07:10:42",1
7212050009000200 - UB - 6,KHANSA PERMATA,cvkhansapermata120@gmail.com,delivered,delivered,"02 Jun 2026, 07:10:45",2
7212050009000200 - UB - 16,PT Pertamina Patra Niaga Fuel Terminal Kolonodale,hse.tbbmkolonodale@gmail.com,delivered,queued,"02 Jun 2026, 11:55:06",1
7212050009000200 - UB - 16,PT Pertamina Patra Niaga Fuel Terminal Kolonodale,hse.tbbmkolonodale@gmail.com,delivered,delivered,"02 Jun 2026, 11:55:07",2
7212050009000302 - UB - 3,MIRNA KARYA KONSTRUKSINDO,mirnakaryakonstruksindocv@gmail.com,delivered,queued,"02 Jun 2026, 11:48:40",1
7212050009000302 - UB - 3,MIRNA KARYA KONSTRUKSINDO,mirnakaryakonstruksindocv@gmail.com,delivered,delivered,"02 Jun 2026, 11:48:40",2
7201040014000300 - UB - 1,BPR Syariah <Agus Supriadi>,avatarcrue@gmail.com,queued,bounced,"02 Jun 2026, 11:35:02",1
7201040014000300 - UB - 1,BPR Syariah <Agus Supriadi>,avatarcrue@gmail.com,queued,queued,"02 Jun 2026, 11:35:03",2
7212050008000100 - UB - 6,JOURNEY ADVENTURE INDONESIA,cv.journeyadventureindonesia@gmail.com,delivered,queued,"02 Jun 2026, 10:45:01",1
7212050008000100 - UB - 6,JOURNEY ADVENTURE INDONESIA,cv.journeyadventureindonesia@gmail.com,delivered,delivered,"02 Jun 2026, 10:45:02",2
7212050008000100 - UB - 7,BINA BANGGAI MEMBANGUN,pt.binabanggaimembangun@gmail.com,delivered,queued,"02 Jun 2026, 02:46:47",1
7212050008000100 - UB - 7,BINA BANGGAI MEMBANGUN,pt.binabanggaimembangun@gmail.com,delivered,delivered,"02 Jun 2026, 02:46:52",2
7212050008000400 - UB - 3,BERKAT ANUGRAH TAMBANG,ptberkatanugrahtambang@gmail.com,delivered,queued,"02 Jun 2026, 08:09:34",1
7212050008000400 - UB - 3,BERKAT ANUGRAH TAMBANG,ptberkatanugrahtambang@gmail.com,delivered,delivered,"02 Jun 2026, 08:09:41",2
7212050009000200 - UB - 13,MEDINA MINING CONSORTIUM,medinaminingconsortium@gmail.com,delivered,queued,"01 Jun 2026, 23:06:18",1
7212050009000200 - UB - 13,MEDINA MINING CONSORTIUM,medinaminingconsortium@gmail.com,delivered,delivered,"01 Jun 2026, 23:06:19",2
7212050010000500 - UB - 2,GUNUNG SAFHA MINERAL,ptgsm1977@gmail.com,delivered,queued,"02 Jun 2026, 01:40:01",1
7212050010000500 - UB - 2,GUNUNG SAFHA MINERAL,ptgsm1977@gmail.com,delivered,delivered,"02 Jun 2026, 01:40:01",2
7212080001000300 - UB - 2,SAMUDERA TOWI INDONESIA,samuderatowiindonesia@gmail.com,queued,delivered,"02 Jun 2026, 00:33:06",1
7212080001000300 - UB - 2,SAMUDERA TOWI INDONESIA,samuderatowiindonesia@gmail.com,queued,queued,"02 Jun 2026, 00:33:06",2
7212100003000400 - UB - 1,SAWIT PERMAI PRATAMA,permaipratamasawit@gmail.com,-,-,-,0
7271000000000000 - UB - 6,MINERAL SIUNA PERKASA,mineralsiunaperkasa@gmail.com,delivered,queued,"01 Jun 2026, 23:34:19",1
7271000000000000 - UB - 6,MINERAL SIUNA PERKASA,mineralsiunaperkasa@gmail.com,delivered,delivered,"01 Jun 2026, 23:34:23",2
7271000000000000 - UB - 14,LEMBO MINERAL PERKASA,lembomineralperkasa@gmail.com,delivered,queued,"02 Jun 2026, 02:38:44",1
7271000000000000 - UB - 14,LEMBO MINERAL PERKASA,lembomineralperkasa@gmail.com,delivered,delivered,"02 Jun 2026, 02:38:48",2
7271000000000000 - UB - 18,BUNTA MINERAL PERKASA,buntamineralperkasa@gmail.com,delivered,queued,"02 Jun 2026, 04:45:04",1
7271000000000000 - UB - 18,BUNTA MINERAL PERKASA,buntamineralperkasa@gmail.com,delivered,delivered,"02 Jun 2026, 04:45:08",2
7271000000000000 - UB - 29,BATU BUOL LESTARI,ptbatubuollestari@gmail.com,delivered,queued,"01 Jun 2026, 23:44:24",1
7271000000000000 - UB - 29,BATU BUOL LESTARI,ptbatubuollestari@gmail.com,delivered,delivered,"01 Jun 2026, 23:44:29",2
7271000000000000 - UB - 28,TOUNA MINERAL PERKASA,tounamineralperkasa@gmail.com,delivered,queued,"02 Jun 2026, 01:08:20",1
7271000000000000 - UB - 28,TOUNA MINERAL PERKASA,tounamineralperkasa@gmail.com,delivered,delivered,"02 Jun 2026, 01:08:24",2
7212080001000300 - UB - 3,MINERAL SAMUDERA PRATAMA,mineralsamuderapratama@gmail.com,delivered,queued,"02 Jun 2026, 06:02:58",1
7212080001000300 - UB - 3,MINERAL SAMUDERA PRATAMA,mineralsamuderapratama@gmail.com,delivered,delivered,"02 Jun 2026, 06:03:46",2
7202012010000200 - UB - 1,ABDULLAH JAYA MANDIRI,cv.abdullahjayamandiri@gmail.com,delivered,queued,"02 Jun 2026, 03:51:34",1
7202012010000200 - UB - 1,ABDULLAH JAYA MANDIRI,cv.abdullahjayamandiri@gmail.com,delivered,delivered,"02 Jun 2026, 03:51:37",2
7202030021000200 - UB - 2,BANK MANDIRI (PERSERO) TBK KCP BANGGAI BUNTA,cma@bankmandiri.co.id,delivered,queued,"02 Jun 2026, 06:35:57",1
7202030021000200 - UB - 2,BANK MANDIRI (PERSERO) TBK KCP BANGGAI BUNTA,cma@bankmandiri.co.id,delivered,delivered,"02 Jun 2026, 06:35:57",2
7212090007000500 - UB - 1,BUMITAMA AGRO NUSANTARA,bumitamaagronusantara01@gmail.com,delivered,queued,"02 Jun 2026, 08:45:28",1
7212090007000500 - UB - 1,BUMITAMA AGRO NUSANTARA,bumitamaagronusantara01@gmail.com,delivered,delivered,"02 Jun 2026, 08:45:29",2
7201040016000100 - UB - 2,BRI UNIT SALAKAN,n5164@corp.bri.com,bounced,queued,"02 Jun 2026, 09:36:44",1
7201040016000100 - UB - 2,BRI UNIT SALAKAN,n5164@corp.bri.com,bounced,bounced,"02 Jun 2026, 09:36:45",2
7212050009000302 - UB - 1,PUTRA NUSANTARA SEJATI,pn.sejati80@gmail.com,delivered,queued,"02 Jun 2026, 02:41:39",1
7212050009000302 - UB - 1,PUTRA NUSANTARA SEJATI,pn.sejati80@gmail.com,delivered,delivered,"02 Jun 2026, 02:41:43",2
7212050009000200 - UB - 2,Nasi Kuning Putriadi <PUTRIADI>,ptenamsembilankawasanindustri@gmail.com,delivered,queued,"02 Jun 2026, 09:22:10",1
7212050009000200 - UB - 2,Nasi Kuning Putriadi <PUTRIADI>,ptenamsembilankawasanindustri@gmail.com,delivered,delivered,"02 Jun 2026, 09:22:10",2
7212050009000200 - UB - 12,MULIA PACIFIC RESOURCES BHL,muliapacificresources@gmail.com,bounced,queued,"02 Jun 2026, 03:21:19",1
7212050009000200 - UB - 12,MULIA PACIFIC RESOURCES BHL,muliapacificresources@gmail.com,bounced,bounced,"02 Jun 2026, 03:21:19",2
7212040010000600 - UB - 1,Warung makan online rini <Rini>,tax.sei.site@gmail.com,delivered,queued,"02 Jun 2026, 02:39:39",1
7212040010000600 - UB - 1,Warung makan online rini <Rini>,tax.sei.site@gmail.com,delivered,delivered,"02 Jun 2026, 02:39:43",2
7212050009000301 - UB - 2,MANDORA MOIKO WATER,moikowater@gmail.com,delivered,queued,"02 Jun 2026, 02:21:05",1
7212050009000301 - UB - 2,MANDORA MOIKO WATER,moikowater@gmail.com,delivered,delivered,"02 Jun 2026, 02:21:08",2
7212050009000302 - UB - 2,IZZI TRI JAYA,ptizzytrijaya@gmail.com,delivered,queued,"02 Jun 2026, 08:37:16",1
7212050009000302 - UB - 2,IZZI TRI JAYA,ptizzytrijaya@gmail.com,delivered,delivered,"02 Jun 2026, 08:37:19",2
7212100005100100 - UB - 1,CAHAYA TIGA PUTRA,cahayatigaputra9191@gmail.com,delivered,queued,"02 Jun 2026, 02:53:41",1
7212100005100100 - UB - 1,CAHAYA TIGA PUTRA,cahayatigaputra9191@gmail.com,delivered,delivered,"02 Jun 2026, 02:53:45",2
7212020008100200 - UB - 4,CENTRAL CELEBES MINERALINDO,celebescentral82@gmail.com,delivered,queued,"02 Jun 2026, 00:50:06",1
7212020008100200 - UB - 4,CENTRAL CELEBES MINERALINDO,celebescentral82@gmail.com,delivered,delivered,"02 Jun 2026, 00:50:11",2
7212050009000302 - UB - 4,BOANERGES,rudolf.inosen@gmail.com,delivered,queued,"02 Jun 2026, 02:24:47",1
7212050009000302 - UB - 4,BOANERGES,rudolf.inosen@gmail.com,delivered,delivered,"02 Jun 2026, 02:24:51",2
7201040016000100 - UB - 1,BANK SULTENG,n7763078@gmail.com,delivered,queued,"02 Jun 2026, 10:18:07",1
7201040016000100 - UB - 1,BANK SULTENG,n7763078@gmail.com,delivered,delivered,"02 Jun 2026, 10:18:10",2
7212040011000400 - UB - 1,ARUNIKA BUMI MORUTA,ptarunikabumimoruta@gmail.com,delivered,queued,"02 Jun 2026, 09:17:53",1
7212040011000400 - UB - 1,ARUNIKA BUMI MORUTA,ptarunikabumimoruta@gmail.com,delivered,delivered,"02 Jun 2026, 09:17:56",2
7212040002000200 - UB - 1,DONGHUANG INTELLIGENT ENGINEERING,andri.lee.joy@gmail.com,queued,delivered,"02 Jun 2026, 05:25:23",1
7212040002000200 - UB - 1,DONGHUANG INTELLIGENT ENGINEERING,andri.lee.joy@gmail.com,queued,queued,"02 Jun 2026, 05:25:23",2
7212050002000400 - UB - 1,SULAWESI MINERAL UTAMA,haryadibahtiar1991@gmail.com,delivered,queued,"02 Jun 2026, 06:00:41",1
7212050002000400 - UB - 1,SULAWESI MINERAL UTAMA,haryadibahtiar1991@gmail.com,delivered,delivered,"02 Jun 2026, 06:01:03",2
7212040006000200 - UB - 4,PT. SUMBER PERMATA MINERAL,sumberpermatamineral176@gmail.com,delivered,queued,"02 Jun 2026, 11:38:20",1
7212040006000200 - UB - 4,PT. SUMBER PERMATA MINERAL,sumberpermatamineral176@gmail.com,delivered,delivered,"02 Jun 2026, 11:38:24",2
7212040009000200 - UB - 3,KEINZ VENTURA PT,keinzventura1205@gmail.com,bounced,queued,"02 Jun 2026, 07:01:30",1
7212040009000200 - UB - 3,KEINZ VENTURA PT,keinzventura1205@gmail.com,bounced,bounced,"02 Jun 2026, 07:01:31",2
7212050008000100 - UB - 3,PURNAMA LOGISTIK MORUT,ptpurnamalogistikmorut@gmail.com,delivered,queued,"02 Jun 2026, 00:23:15",1
7212050008000100 - UB - 3,PURNAMA LOGISTIK MORUT,ptpurnamalogistikmorut@gmail.com,delivered,delivered,"02 Jun 2026, 00:23:19",2
7212050003000700 - UB - 6,MAMALA JAYA MINERAL,mamalajayamineral@gmail.com,-,-,-,0
7202011014000102 - UB - 1,EP PT. Pertamania DONGGI MATINDOK FIELD,keuangandmt@gmail.com,delivered,queued,"02 Jun 2026, 08:27:15",1
7202011014000102 - UB - 1,EP PT. Pertamania DONGGI MATINDOK FIELD,keuangandmt@gmail.com,delivered,delivered,"02 Jun 2026, 08:27:19",2
7212050009000301 - UB - 1,PT. RABBANI PANCA SAMUDRA (RABBANI PANCA SAMUDRA),ptrabbanipancasamudra@gmail.com,delivered,queued,"02 Jun 2026, 04:27:59",1
7212050009000301 - UB - 1,PT. RABBANI PANCA SAMUDRA (RABBANI PANCA SAMUDRA),ptrabbanipancasamudra@gmail.com,delivered,delivered,"02 Jun 2026, 04:28:03",2
7212020014000500 - UB - 1,BAIXING MINING INVESEMENT,idrisnohon088@gmail.com,queued,delivered,"02 Jun 2026, 02:00:32",1
7212020014000500 - UB - 1,BAIXING MINING INVESEMENT,idrisnohon088@gmail.com,queued,queued,"02 Jun 2026, 02:00:32",2
7212050009000200 - UB - 15,BERKAH ENERGI INDO GROUP,berkahenergigroup@gmail.com,-,-,-,0
7212040009000200 - UB - 2,GARUDA PERKASA SULAWESI,garudaperkasasulawesi@gmail.com,-,-,-,0
7212040010000201 - UB - 1,NADESICO NICKEL INDUSTRY,office.nadesico@gmail.com,-,-,-,0
7202010026000400 - UB - 1,BANK PERKREDITAN RAKYAT MITRA NIAGA BANGGAI,toili@mailnesia.com,permanent_fail,permanent_fail,"02 Jun 2026, 02:11:11",1
7212040010300300 - UB - 3,DJAVA BERKAH MINERAL SITE MOROWALI UTARA,admin.hrga@dbm-mining.com,delivered,queued,"02 Jun 2026, 00:04:22",1
7212040010300300 - UB - 3,DJAVA BERKAH MINERAL SITE MOROWALI UTARA,admin.hrga@dbm-mining.com,delivered,delivered,"02 Jun 2026, 00:09:11",2
7212050006000100 - UB - 1,PT. TIPPULU SEJAHTERA BERSAUDARA (TIPPULU SEJAHTERA BERSAUDARA),pttippulusejahterabersaudara@gmail.com,delivered,queued,"02 Jun 2026, 10:32:02",1
7212050006000100 - UB - 1,PT. TIPPULU SEJAHTERA BERSAUDARA (TIPPULU SEJAHTERA BERSAUDARA),pttippulusejahterabersaudara@gmail.com,delivered,delivered,"02 Jun 2026, 10:32:05",2
7212050009000200 - UB - 11,SINAR NIKEL NOVEMBER,pt.sinarnikelnovember@gmail.com,delivered,queued,"02 Jun 2026, 02:14:10",1
7212050009000200 - UB - 11,SINAR NIKEL NOVEMBER,pt.sinarnikelnovember@gmail.com,delivered,delivered,"02 Jun 2026, 02:14:15",2
7212040012000502 - UB - 1,BUNGA SAWIT DESA BUNTA,bungasawitdesabunta@gmail.com,queued,delivered,"02 Jun 2026, 06:34:46",1
7212040012000502 - UB - 1,BUNGA SAWIT DESA BUNTA,bungasawitdesabunta@gmail.com,queued,queued,"02 Jun 2026, 06:34:47",2
7212050009000302 - UB - 5,PT GRACIA TOMORI ANUGRAH (GUDANG UTAMA OBAT),pt.graciatomorianugrah@gmail.com,delivered,queued,"02 Jun 2026, 04:37:08",1
7212050009000302 - UB - 5,PT GRACIA TOMORI ANUGRAH (GUDANG UTAMA OBAT),pt.graciatomorianugrah@gmail.com,delivered,delivered,"02 Jun 2026, 04:37:12",2
7212070003000300 - UB - 1,MAELO MOROWALI MANDIRI,cvmaelomorowalimandiri@gmail.com,delivered,queued,"02 Jun 2026, 00:41:32",1
7212070003000300 - UB - 1,MAELO MOROWALI MANDIRI,cvmaelomorowalimandiri@gmail.com,delivered,delivered,"02 Jun 2026, 00:41:35",2
7212050003000700 - UB - 4,CAHAYA RIZTMAL MINERAL,cahayariztmalmineral@gmail.com,delivered,queued,"02 Jun 2026, 03:29:42",1
7212050003000700 - UB - 4,CAHAYA RIZTMAL MINERAL,cahayariztmalmineral@gmail.com,delivered,delivered,"02 Jun 2026, 03:29:45",2
7212050009000200 - UB - 8,SRIKANDI MINING CELEBES,srikandiminingcelebes@gmail.com,delivered,queued,"02 Jun 2026, 09:32:10",1
7212050009000200 - UB - 8,SRIKANDI MINING CELEBES,srikandiminingcelebes@gmail.com,delivered,delivered,"02 Jun 2026, 09:32:11",2
7201040015000300 - UB - 1,BPR PALU LOKADANA CAB SALAKAN,bpr.381@lakadana.com,-,-,-,0
7202031003000200 - UB - 1,MANDIRI AMANAH BANGGAI,cvmandiriamanagbanggai@gmail.com,delivered,queued,"02 Jun 2026, 01:13:56",1
7202031003000200 - UB - 1,MANDIRI AMANAH BANGGAI,cvmandiriamanagbanggai@gmail.com,delivered,delivered,"02 Jun 2026, 01:13:56",2
7212080001200100 - UB - 2,CAHAYA MINA BAHARI,koperasicahayaminabahari@gmail.com,delivered,queued,"02 Jun 2026, 09:51:08",1
7212080001200100 - UB - 2,CAHAYA MINA BAHARI,koperasicahayaminabahari@gmail.com,delivered,delivered,"02 Jun 2026, 09:51:16",2
7212080001200100 - UB - 6,ZIMO INVESTASI INDONESIA,zimoinvestasiindonesia@gmail.com,delivered,queued,"01 Jun 2026, 23:07:44",1
7212080001200100 - UB - 6,ZIMO INVESTASI INDONESIA,zimoinvestasiindonesia@gmail.com,delivered,delivered,"01 Jun 2026, 23:07:45",2
7212050009000200 - UB - 1,BINTANG MINERAL SULAWESI PERKASA,bintangmineralsp@gmail.com,delivered,queued,"02 Jun 2026, 08:30:30",1
7212050009000200 - UB - 1,BINTANG MINERAL SULAWESI PERKASA,bintangmineralsp@gmail.com,delivered,delivered,"02 Jun 2026, 08:30:34",2
7212050009000200 - UB - 3,INSAN KREATIF MORUT,insankreatifmorut@gmail.com,delivered,queued,"01 Jun 2026, 23:52:45",1
7212050009000200 - UB - 3,INSAN KREATIF MORUT,insankreatifmorut@gmail.com,delivered,delivered,"01 Jun 2026, 23:52:50",2
7212050009000200 - UB - 10,XMINE CELEBES,celebesxmine@gmail.com,opened,queued,"02 Jun 2026, 10:42:27",1
7212050009000200 - UB - 10,XMINE CELEBES,celebesxmine@gmail.com,opened,delivered,"02 Jun 2026, 10:42:31",2
7212050009000200 - UB - 10,XMINE CELEBES,celebesxmine@gmail.com,opened,opened,"02 Jun 2026, 20:34:09",3
7212050009000200 - UB - 14,MOROWALI AGRO LESTARI,morowaliagrolestari@gmail.com,delivered,queued,"02 Jun 2026, 09:47:10",1
7212050009000200 - UB - 14,MOROWALI AGRO LESTARI,morowaliagrolestari@gmail.com,delivered,delivered,"02 Jun 2026, 09:47:15",2
7212080001200100 - UB - 3,HIQMAH MERONGA UTAMA,pthiqmahmeronga23@gmail.com,delivered,queued,"02 Jun 2026, 10:34:27",1
7212080001200100 - UB - 3,HIQMAH MERONGA UTAMA,pthiqmahmeronga23@gmail.com,delivered,delivered,"02 Jun 2026, 10:34:28",2
7212080001200100 - UB - 4,MOROWALI MINERAL JAYA,sulkarnainnatsirhse@gmail.com,delivered,queued,"02 Jun 2026, 02:10:03",1
7212080001200100 - UB - 4,MOROWALI MINERAL JAYA,sulkarnainnatsirhse@gmail.com,delivered,delivered,"02 Jun 2026, 02:10:07",2
7212100007000400 - UB - 1,PANCA MUTIARA BERKAH,pancamutiaraberkah@gmail.com,delivered,queued,"02 Jun 2026, 01:30:50",1
7212100007000400 - UB - 1,PANCA MUTIARA BERKAH,pancamutiaraberkah@gmail.com,delivered,delivered,"02 Jun 2026, 01:30:54",2
7212060008000300 - UB - 1,CAHAYA IPUL PERDANA,cvcahayaipulperdana0672@gmail.com,delivered,queued,"02 Jun 2026, 00:37:32",1
7212060008000300 - UB - 1,CAHAYA IPUL PERDANA,cvcahayaipulperdana0672@gmail.com,delivered,delivered,"02 Jun 2026, 00:37:37",2
7212080001000200 - UB - 1,PADANG SUMARA MINING,pt.padangsumaramining@gmail.com,delivered,queued,"01 Jun 2026, 23:00:51",1
7212080001000200 - UB - 1,PADANG SUMARA MINING,pt.padangsumaramining@gmail.com,delivered,delivered,"01 Jun 2026, 23:00:54",2
7212080001200100 - UB - 5,FIVE STAR INDONESIA - HOFFMEN,lidychayadi@gmail.com,bounced,queued,"01 Jun 2026, 23:00:04",1
7212080001200100 - UB - 5,FIVE STAR INDONESIA - HOFFMEN,lidychayadi@gmail.com,bounced,bounced,"01 Jun 2026, 23:00:08",2
7212050009000200 - UB - 5,MOROWALI MINERAL MINING,morowalimineralmining@gmail.com,delivered,queued,"01 Jun 2026, 23:01:55",1
7212050009000200 - UB - 5,MOROWALI MINERAL MINING,morowalimineralmining@gmail.com,delivered,delivered,"01 Jun 2026, 23:01:59",2
7212060002000200 - UB - 1,LBM JAYA ENERGI,lbmjayaenergi@gmail.com,delivered,queued,"02 Jun 2026, 05:06:57",1
7212060002000200 - UB - 1,LBM JAYA ENERGI,lbmjayaenergi@gmail.com,delivered,delivered,"02 Jun 2026, 05:07:01",2
7212050003000700 - UB - 7,MAJU ENERGI MORUT,pt.majuenergimorut@gmail.com,opened,queued,"02 Jun 2026, 06:00:22",1
7212050003000700 - UB - 7,MAJU ENERGI MORUT,pt.majuenergimorut@gmail.com,opened,delivered,"02 Jun 2026, 06:00:23",2
7212050003000700 - UB - 7,MAJU ENERGI MORUT,pt.majuenergimorut@gmail.com,opened,opened,"02 Jun 2026, 06:00:48",3
7201040014000700 - UB - 1,BANK MANDIRI (PERSERO),mmu.banggai-kepulauan@bankmandiri.co.id,delivered,queued,"02 Jun 2026, 01:50:58",1
7201040014000700 - UB - 1,BANK MANDIRI (PERSERO),mmu.banggai-kepulauan@bankmandiri.co.id,delivered,delivered,"02 Jun 2026, 01:50:58",2
7202010020000300 - UB - 1,BANK SULTENG,banksulteng.toili@yahoo.com,bounced,queued,"02 Jun 2026, 00:11:48",1
7202010020000300 - UB - 1,BANK SULTENG,banksulteng.toili@yahoo.com,bounced,bounced,"02 Jun 2026, 00:12:21",2
7212040010200200 - UB - 1,INTERNUSA MAJU PERKASA - BUKIT SMELTER INDONESIA,pt.internusamajuperkasa@gmail.com,queued,delivered,"02 Jun 2026, 00:47:51",1
7212040010200200 - UB - 1,INTERNUSA MAJU PERKASA - BUKIT SMELTER INDONESIA,pt.internusamajuperkasa@gmail.com,queued,queued,"02 Jun 2026, 00:47:47",2
7203030017000100 - UB - 1,PT. MOROWALI MEGASIAR,syauqinayah@gmail.com,delivered,queued,"02 Jun 2026, 00:35:42",1
7203030017000100 - UB - 1,PT. MOROWALI MEGASIAR,syauqinayah@gmail.com,delivered,delivered,"02 Jun 2026, 00:35:46",2
7203030025000300 - UB - 1,YINXIANG MOROWALI TRADING,yinxiangmorowalitrading@gmail.com,delivered,queued,"02 Jun 2026, 07:39:52",1
7203030025000300 - UB - 1,YINXIANG MOROWALI TRADING,yinxiangmorowalitrading@gmail.com,delivered,delivered,"02 Jun 2026, 07:39:56",2
7203031006000500 - UB - 1,"INDONESIA RUIPU NICKEL AND CROME ALLOY, PT",smaalkhairatkolono@yahoo.co.id,bounced,queued,"02 Jun 2026, 04:58:16",1
7203031006000500 - UB - 1,"INDONESIA RUIPU NICKEL AND CROME ALLOY, PT",smaalkhairatkolono@yahoo.co.id,bounced,bounced,"02 Jun 2026, 04:58:35",2
7271030004000502 - UB - 1,KPN KARYA BAKTI,kprikaryabhaktipalu@gmail.com,delivered,queued,"02 Jun 2026, 09:25:38",1
7271030004000502 - UB - 1,KPN KARYA BAKTI,kprikaryabhaktipalu@gmail.com,delivered,delivered,"02 Jun 2026, 09:25:41",2
7203021008000115 - UB - 1,BINTANG MAKMUR CHENXING,bintangmakmurchenxing@gmail.com,delivered,queued,"02 Jun 2026, 08:56:25",1
7203021008000115 - UB - 1,BINTANG MAKMUR CHENXING,bintangmakmurchenxing@gmail.com,delivered,delivered,"02 Jun 2026, 08:56:28",2
7203021005000405 - UB - 1,HUAQIANG MITRA INDONESIA KONSTRUKSI,pt.huaqiangmitraindonesiakons@gmail.com,delivered,queued,"02 Jun 2026, 01:25:42",1
7203021005000405 - UB - 1,HUAQIANG MITRA INDONESIA KONSTRUKSI,pt.huaqiangmitraindonesiakons@gmail.com,delivered,delivered,"02 Jun 2026, 01:25:42",2
7271030004000400 - UB - 2,BANK MANDIRI (PERSERO),mdrbns.palu_hsnudin@bankmandiri.co.id,delivered,queued,"02 Jun 2026, 02:31:26",1
7271030004000400 - UB - 2,BANK MANDIRI (PERSERO),mdrbns.palu_hsnudin@bankmandiri.co.id,delivered,delivered,"02 Jun 2026, 02:31:26",2
7271030004000800 - UB - 1,BANK MANDIRI TASPEN,ga.kc.palu@bankmantap.co.id,delivered,queued,"02 Jun 2026, 01:40:58",1
7271030004000800 - UB - 1,BANK MANDIRI TASPEN,ga.kc.palu@bankmantap.co.id,delivered,delivered,"02 Jun 2026, 01:40:58",2
7203031001100100 - UB - 2,PRIMA CAHAYA ENERGI INDONESIA,alfa@tloi-group.com,delivered,queued,"02 Jun 2026, 06:43:02",1
7203031001100100 - UB - 2,PRIMA CAHAYA ENERGI INDONESIA,alfa@tloi-group.com,delivered,delivered,"02 Jun 2026, 06:46:21",2
7271030004002000 - UB - 4,BANK BRI UNIT KARTINI,n5184@corp.bri.co.id,-,-,-,0
7271030004001700 - UB - 6,FITRAH ANUGERAH SEJAHTERA,scm.fitrahanugerahsejahtera@gmail.com,delivered,queued,"02 Jun 2026, 03:06:10",1
7271030004001700 - UB - 6,FITRAH ANUGERAH SEJAHTERA,scm.fitrahanugerahsejahtera@gmail.com,delivered,delivered,"02 Jun 2026, 03:06:13",2
7271030002000300 - UB - 4,BANK PERKREDITAN RAKYAT MODERN EXPRESS PALU,modernexpress24@gmail.com,delivered,queued,"02 Jun 2026, 00:09:47",1
7271030002000300 - UB - 4,BANK PERKREDITAN RAKYAT MODERN EXPRESS PALU,modernexpress24@gmail.com,delivered,delivered,"02 Jun 2026, 00:09:51",2
7271041003001102 - UB - 1,ARTAKINDO MULTI PERKASA,pt.artakindo.mp@gmail.com,delivered,queued,"02 Jun 2026, 00:17:50",1
7271041003001102 - UB - 1,ARTAKINDO MULTI PERKASA,pt.artakindo.mp@gmail.com,delivered,delivered,"02 Jun 2026, 00:17:54",2
7204031011000500 - UB - 1,PT SAWIT JAYA ABADI 2,sjas1@astra-agro.co.id,delivered,queued,"02 Jun 2026, 02:03:54",1
7204031011000500 - UB - 1,PT SAWIT JAYA ABADI 2,sjas1@astra-agro.co.id,delivered,delivered,"02 Jun 2026, 02:04:02",2
7271031006500200 - UB - 1,TROFI ANUGERAH MANDIRI,trofianugerahmandiri@gmail.com,delivered,queued,"02 Jun 2026, 02:27:18",1
7271031006500200 - UB - 1,TROFI ANUGERAH MANDIRI,trofianugerahmandiri@gmail.com,delivered,delivered,"02 Jun 2026, 02:27:22",2
7203031001100100 - UB - 1,FEILONG TRADING MOROWALI,pt.feilongtradingmorowali@gmail.com,delivered,queued,"02 Jun 2026, 05:03:04",1
7203031001100100 - UB - 1,FEILONG TRADING MOROWALI,pt.feilongtradingmorowali@gmail.com,delivered,delivered,"02 Jun 2026, 05:03:04",2
7271030004002000 - UB - 3,BANK SINARMAS PT,sulaemanarasyid@banksinarmas.com,clicked,queued,"02 Jun 2026, 10:09:50",1
7271030004002000 - UB - 3,BANK SINARMAS PT,sulaemanarasyid@banksinarmas.com,clicked,delivered,"02 Jun 2026, 10:09:50",2
7271030004002000 - UB - 3,BANK SINARMAS PT,sulaemanarasyid@banksinarmas.com,clicked,clicked,"02 Jun 2026, 10:09:58",3
7203042002000400 - UB - 1,BANK PERKREDITAN RAKYAT,supardinanangse@gmail.com,-,-,-,0
7271031002003200 - UB - 2,"BULOG, PERUM",sekumasbulogsulteng@gmail.com,opened,queued,"02 Jun 2026, 02:10:54",1
7271031002003200 - UB - 2,"BULOG, PERUM",sekumasbulogsulteng@gmail.com,opened,delivered,"02 Jun 2026, 02:10:58",2
7271031002003200 - UB - 2,"BULOG, PERUM",sekumasbulogsulteng@gmail.com,opened,opened,"02 Jun 2026, 07:51:39",3
7271031002001400 - UB - 1,"PT. KIMIA FARMA APOTEK, Kantor Cabang Palu",kimiafarmavetran93@gmail.com,bounced,queued,"02 Jun 2026, 00:59:01",1
7271031002001400 - UB - 1,"PT. KIMIA FARMA APOTEK, Kantor Cabang Palu",kimiafarmavetran93@gmail.com,bounced,bounced,"02 Jun 2026, 00:59:01",2
7204030005001801 - UB - 3,BANK MANDIRI KCF TENTENA,mmu.tentena@bankmandiri.co.id,delivered,queued,"02 Jun 2026, 06:35:14",1
7204030005001801 - UB - 3,BANK MANDIRI KCF TENTENA,mmu.tentena@bankmandiri.co.id,delivered,delivered,"02 Jun 2026, 06:35:15",2
7271031006000201 - UB - 1,BUNGKU MINERAL UTAMA,cv.bmubatuan@gmail.com,delivered,queued,"02 Jun 2026, 08:14:45",1
7271031006000201 - UB - 1,BUNGKU MINERAL UTAMA,cv.bmubatuan@gmail.com,delivered,delivered,"02 Jun 2026, 08:14:49",2
7271030005002800 - UB - 2,"INDOSAT OOREDOO, PT",ferdy@mitradm.com,bounced,queued,"02 Jun 2026, 01:44:10",1
7271030005002800 - UB - 2,"INDOSAT OOREDOO, PT",ferdy@mitradm.com,bounced,bounced,"02 Jun 2026, 01:44:11",2
7204030009000700 - UB - 2,JUAL BELI BIJI KAKAO <DEIV>,daveperuge@gmail.com,delivered,queued,"02 Jun 2026, 07:09:06",1
7204030009000700 - UB - 2,JUAL BELI BIJI KAKAO <DEIV>,daveperuge@gmail.com,delivered,delivered,"02 Jun 2026, 07:09:07",2
7271031001000500 - UB - 2,"MAYBANK INDONESIA TBK, PT",yanis@maybank.co.id,delivered,queued,"02 Jun 2026, 08:39:18",1
7271031001000500 - UB - 2,"MAYBANK INDONESIA TBK, PT",yanis@maybank.co.id,delivered,delivered,"02 Jun 2026, 08:39:18",2
7271031001002804 - UB - 1,REVIMA PROPERTINDO RAYA,revimapropertiindoraya@gmail.com,delivered,queued,"02 Jun 2026, 05:04:40",1
7271031001002804 - UB - 1,REVIMA PROPERTINDO RAYA,revimapropertiindoraya@gmail.com,delivered,delivered,"02 Jun 2026, 05:04:56",2
7203021006001205 - UB - 1,LAUTAN HARMONI INDONESIA,ptlautanharmoniindonesia@gmail.com,opened,queued,"02 Jun 2026, 04:27:15",1
7203021006001205 - UB - 1,LAUTAN HARMONI INDONESIA,ptlautanharmoniindonesia@gmail.com,opened,delivered,"02 Jun 2026, 04:27:15",2
7203021006001205 - UB - 1,LAUTAN HARMONI INDONESIA,ptlautanharmoniindonesia@gmail.com,opened,opened,"02 Jun 2026, 04:27:30",3
7203021006001205 - UB - 1,LAUTAN HARMONI INDONESIA,ptlautanharmoniindonesia@gmail.com,opened,opened,"02 Jun 2026, 08:01:17",4
7271030004001700 - UB - 1,SUKIMAN NURDIN,alila.manggis@outlook.com,delivered,queued,"02 Jun 2026, 03:38:27",1
7271030004001700 - UB - 1,SUKIMAN NURDIN,alila.manggis@outlook.com,delivered,delivered,"02 Jun 2026, 03:38:29",2
7271031001002301 - UB - 1,CIPTA RIMBA MALAQBI,pt.ciptarimbamalaqbi@gmail.com,delivered,queued,"02 Jun 2026, 03:31:30",1
7271031001002301 - UB - 1,CIPTA RIMBA MALAQBI,pt.ciptarimbamalaqbi@gmail.com,delivered,delivered,"02 Jun 2026, 03:31:32",2
7271031003000101 - UB - 1,BERKAH PASIR UTAMA,berkahpasirutama@gmail.com,delivered,queued,"02 Jun 2026, 02:30:52",1
7271031003000101 - UB - 1,BERKAH PASIR UTAMA,berkahpasirutama@gmail.com,delivered,delivered,"02 Jun 2026, 02:30:56",2
7204030009000700 - UB - 1,"SINAR SEJAHTERA, PT",sinarsejahtera66@gmail.com,delivered,queued,"02 Jun 2026, 06:02:46",1
7204030009000700 - UB - 1,"SINAR SEJAHTERA, PT",sinarsejahtera66@gmail.com,delivered,delivered,"02 Jun 2026, 06:02:50",2
7203021004200200 - UB - 5,INDONESIA HENGTIAN GROUP THL,ptindonesiahengtiangroup@gmail.com,delivered,queued,"02 Jun 2026, 07:31:23",1
7203021004200200 - UB - 5,INDONESIA HENGTIAN GROUP THL,ptindonesiahengtiangroup@gmail.com,delivered,delivered,"02 Jun 2026, 07:31:31",2
7271020009001901 - UB - 1,PATRIOT BHAKTI NUSANTARA,pt.patriotbhaktinusantara@gmail.com,bounced,queued,"02 Jun 2026, 00:39:34",1
7271020009001901 - UB - 1,PATRIOT BHAKTI NUSANTARA,pt.patriotbhaktinusantara@gmail.com,bounced,bounced,"02 Jun 2026, 00:39:39",2
7271020007003601 - UB - 1,PT BPR PALU ANUGERAH,bprpaluanugerah@gmail.com,opened,queued,"02 Jun 2026, 06:17:59",1
7271020007003601 - UB - 1,PT BPR PALU ANUGERAH,bprpaluanugerah@gmail.com,opened,delivered,"02 Jun 2026, 06:18:03",2
7271020007003601 - UB - 1,PT BPR PALU ANUGERAH,bprpaluanugerah@gmail.com,opened,opened,"02 Jun 2026, 13:54:39",3
7202053003000900 - UB - 1,INDO NIKEL KARYA PRATAMA,karyapratamaindonikel@gmail.com,delivered,queued,"02 Jun 2026, 09:00:26",1
7202053003000900 - UB - 1,INDO NIKEL KARYA PRATAMA,karyapratamaindonikel@gmail.com,delivered,delivered,"02 Jun 2026, 09:00:26",2
