uuid,kode_identitas,kabkot
a2b1b381-c29d-43af-862b-6766f4cb416a,"7201031004000200 - UMKM - 1",7201
b8cdfdbf-aba0-46a5-bc5a-884cf9b77f50,"7201031004100100 - UMKM - 1",7201
1dafa9dc-cdfb-41a5-a709-ee31dc6a740f,"7201031004100100 - UMKM - 2",7201
d918be3b-3f46-4b37-b480-8ad946ee2b24,"7201031004000300 - UMKM - 1",7201
8328c7e6-92cb-4921-a03f-afac998366f1,"7201071007000300 - UMKM - 1",7201
bbd3dcc1-9871-4261-8643-82a0f7694a68,"7201070019000200 - UMKM - 1",7201
e189582a-a698-4eba-a7de-77367bac352e,"7201040012000800 - UMKM - 1",7201
e80c1555-e520-41ad-8bf2-d54dc7af3b45,"7201040012000900 - UMKM - 1",7201
1f7de00c-a1c5-4004-bdc3-212e5c62344d,"7201040012100100 - UMKM - 2",7201
48ba4364-4c6d-48a3-a4cc-64ae2fecdfc2,"7201040012100100 - UMKM - 1",7201
0691e6ba-b027-4aec-a4b6-0326913032ed,"7201040012001000 - UMKM - 1",7201
0d3cd6d8-1b42-42df-9282-c29f01296224,"7201051001000100 - UMKM - 1",7201
13449115-cc16-4e7b-9063-e4536a899415,"7201061008000200 - UMKM - 1",7201
fa7f506f-cc90-4a3b-8055-df5511cf7947,"7201061008000100 - UMKM - 1",7201
5ab5a4b0-c73a-49e2-a964-47d3ed72be25,"7201061008000300 - UMKM - 1",7201
5147653d-6d14-4646-82dd-bbd3f66828a4,"7201030015000300 - UMKM - 1",7201
bcaa4608-f25d-4577-b4f2-06b9deb9183b,"7201070013000300 - UMKM - 2",7201
7a22c239-504f-471a-9795-ff49041e5a4f,"7201070013000300 - UMKM - 1",7201
010d08a2-4da2-44cb-b305-1edf08f94e70,"7201070013000100 - UMKM - 3",7201
c97cde9f-e5da-4d0b-8515-615ab6bbedc3,"7201070013000100 - UMKM - 1",7201
178adab3-4630-4e69-a62c-e8637c607bbb,"7201070013000100 - UMKM - 2",7201
5e68cb64-c287-4fda-a97d-ba1bd0d4196d,"7201070013000200 - UMKM - 1",7201
9c87ec0f-6b8d-4686-a2df-ec2633f7aa22,"7201042001000800 - UMKM - 2",7201
1b40bae0-c85f-4856-80e2-2ee735625fe8,"7201042001000800 - UMKM - 1",7201
4981d5b9-da73-4ab6-95ec-f4d275950e92,"7201042001000300 - UMKM - 1",7201
a3f88853-468f-4b41-96a2-c6d0260288e1,"7201042001000100 - UMKM - 1",7201
de44cd4d-e8a9-428a-ad73-7ff0e714a13e,"7201042001000700 - UMKM - 1",7201
cf1a29b4-fced-4b16-94f1-35fea89e50ca,"7201060010000300 - UMKM - 1",7201
5c2a0fe1-87db-452a-a9cb-cc5fbedfdb3f,"7201060010000200 - UMKM - 1",7201
5672c7d6-4755-4446-8c8f-b51a4ef8f00a,"7201060010000400 - UMKM - 1",7201
35d0ab23-c8c8-48a7-8874-c49902385d5f,"7201060010000100 - UMKM - 1",7201
f8f816d5-f34b-4792-9432-968dc087339a,"7201071002000400 - UMKM - 1",7201
ef7f6309-24e4-40df-b818-f0cfc89d4614,"7201031001000300 - UMKM - 1",7201
e43d5183-7ec9-4a56-9dac-e4c80abe6e79,"7201031001000100 - UMKM - 2",7201
ddfe3685-54b8-4219-8a0f-b8adce6e3551,"7201031001000100 - UMKM - 1",7201
667352a2-7f35-4074-bcc7-c83e379cd9c1,"7201031001000200 - UMKM - 1",7201
ccc38e8b-7ea8-4eee-8fa4-b0040a8d53df,"7201051005200100 - UMKM - 2",7201
26bf6f7f-4c70-4380-a0f7-efa87937a4bd,"7201051005200100 - UMKM - 1",7201
39983cef-affd-4a8d-853f-b492555acb9d,"7201051005000500 - UMKM - 1",7201
c6abcc92-7f07-45ac-8fdf-176f67767dc1,"7201051005000300 - UMKM - 1",7201
5fcbf0c4-98c0-46db-80d2-eea6eb78f47d,"7201051005000300 - UMKM - 2",7201
9c76c777-19fb-4973-8ad6-4666a4bfba28,"7201051005000400 - UMKM - 1",7201
9151cd0a-4785-47e7-993f-05ae8bd3fcea,"7201051005000400 - UMKM - 2",7201
1a152a09-64c4-4cfd-983c-2b90193c3c60,"7201051005000200 - UMKM - 1",7201
19d72124-ce32-435c-a64e-f91192895723,"7201051005000200 - UMKM - 3",7201
97855b06-a3dc-4428-94d3-9e9d4687ac53,"7201051005000200 - UMKM - 2",7201
7f989a18-e180-46a2-8135-4b31fd3f45bd,"7201051005000200 - UMKM - 4",7201
9fc5dac2-46fe-4b44-9f4d-82bdf2a9d913,"7201042005000200 - UMKM - 1",7201
38961ec9-4cbf-4917-a406-c2deaa7e01d6,"7201042005000600 - UMKM - 1",7201
43746d42-bfdf-41c3-b93f-7e1c450cb81e,"7201050006000500 - UMKM - 1",7201
cdb3907d-7107-4278-9be5-1d42ffe781fb,"7201050006000700 - UMKM - 1",7201
d31f9a1e-85c9-4cb4-b53b-03ba313b05f6,"7201050006000100 - UMKM - 1",7201
0d3d0f8d-36a8-429d-a364-593f36d2a8c6,"7201040010000900 - UMKM - 1",7201
9a62b348-3312-425b-869e-9ba6557337bf,"7201040010000200 - UMKM - 2",7201
4df033f1-1989-4ca3-bd88-df4058c303a8,"7201040010000200 - UMKM - 1",7201
b17ae2d7-3986-4194-aaab-869c85e7bcf3,"7201040010001100 - UMKM - 1",7201
72f09499-7add-4502-a061-98bd009318b0,"7201040010001000 - UMKM - 1",7201
9e17e3b6-1d57-4c72-af68-994734002138,"7201040010001000 - UMKM - 2",7201
35d1c7e1-4722-4b0e-be75-7872cc3e3630,"7201040010100100 - UMKM - 1",7201
61c59008-906d-46f3-a75d-3accf3bb9d3c,"7201040010001200 - UMKM - 1",7201
424f62ca-95db-4f1d-bdd9-9d5e0044da35,"7201042006000400 - UMKM - 1",7201
2e0d36aa-a73f-41f8-b226-364022b45e43,"7201042006000300 - UMKM - 1",7201
9fc7e0cb-ebfe-4f9d-a9d4-b2e0aa6f2db9,"7201051003000400 - UMKM - 1",7201
bfb21dfb-806d-41c4-ad8c-af4f7e0ac6e4,"7201051003000100 - UMKM - 2",7201
dd4795e6-18d4-4ca5-8b71-19b119ad3c6b,"7201051003000100 - UMKM - 1",7201
f4b48df5-09bb-44d0-88ac-8d9ec1eed4e6,"7201051003000200 - UMKM - 1",7201
e83096de-bb01-470d-8ab3-223f84678ed0,"7201070015000100 - UMKM - 1",7201
d5de26bb-0300-48bb-9d42-fb97c757faaf,"7201070015000100 - UMKM - 2",7201
f83eaab3-ef60-4bd5-9154-8d246d54d0c2,"7201050015000400 - UMKM - 1",7201
ec67794e-a0d4-4a60-987e-0d3b9c3bcafe,"7201061006000300 - UMKM - 1",7201
21182a99-bbdc-448e-a985-b2bfc7cfdd31,"7201061006000400 - UMKM - 1",7201
204fd435-5c39-463c-8e09-1ec0c1ecf807,"7201061006000700 - UMKM - 1",7201
df5ea40e-3f07-40c7-b97e-764e45ce7266,"7201060005000400 - UMKM - 1",7201
1e175f02-f2c1-4052-9177-376dc93d1a41,"7201060005000200 - UMKM - 1",7201
afc5960b-b4ff-4f53-b705-ff8b35e893c6,"7201062011000300 - UMKM - 1",7201
2dbf16fc-a079-435d-a101-27fdac0b9c97,"7201070017000200 - UMKM - 1",7201
1a8bc035-7e6a-4b1f-b1ca-e43b6d80a663,"7201070017000200 - UMKM - 3",7201
041b5d25-be0a-4bb9-82a2-05dc5b8abb33,"7201070017000200 - UMKM - 2",7201
ab9b1005-6aaa-4953-ab8c-503272196e70,"7201070017000400 - UMKM - 1",7201
794b5974-91c5-4896-b3dd-3d33b0f183ea,"7201070017000300 - UMKM - 1",7201
6ed4646f-e4ec-4d46-98cc-1580a7e59c57,"7201040009001100 - UMKM - 1",7201
82a679e0-7309-4e55-9d2a-f6549d76ce3e,"7201040009000700 - UMKM - 1",7201
2034fe67-7669-4f7b-9774-a214329a5569,"7201040009000500 - UMKM - 1",7201
b28e02e8-3c45-42a6-a52a-b501f8f550fe,"7201040009000900 - UMKM - 1",7201
3f715286-08d8-4291-909f-1b362f676961,"7201051004000400 - UMKM - 2",7201
e6946e91-6a0e-4830-a7ca-d14450c7bc40,"7201051004000400 - UMKM - 1",7201
7a141e30-2bc7-4443-a255-876244f45b84,"7201051004000500 - UMKM - 1",7201
3b4553ad-4501-4c89-aa44-4a1023325566,"7201051004000100 - UMKM - 2",7201
a55c3574-3ad6-49ee-936c-e2d02c56a5e9,"7201051004000100 - UMKM - 1",7201
a24b0f93-2ea2-40b6-a98c-5fae012c8158,"7201031002000300 - UMKM - 1",7201
b393eaa2-292c-4b76-ac5c-b9005bae94e4,"7201061001000400 - UMKM - 1",7201
c9315b24-c994-4f74-8e92-8246bc2425cc,"7201062005000500 - UMKM - 1",7201
7dc55471-01b0-459a-b8ee-7ff777d087a7,"7201042003000300 - UMKM - 1",7201
6cbab563-cbd0-47a9-9af8-e563910c6387,"7201042003000400 - UMKM - 1",7201
53156d86-73a9-4d05-b000-8dee200ae0f4,"7201042003001100 - UMKM - 1",7201
3f154551-35ed-4567-8b4e-c5ccce910146,"7201042003000200 - UMKM - 1",7201
5b3b0a30-7b8f-41c3-9ad7-23b64a197dfe,"7201042003001000 - UMKM - 1",7201
7fd9f28f-9a29-4072-b67f-afba78788b91,"7201061009000200 - UMKM - 1",7201
77849fe2-e6a3-40c1-b71d-a4c040d971e3,"7201041002000100 - UMKM - 1",7201
061c7b25-8292-48ad-bd43-cb70b1c6e517,"7201041002000300 - UMKM - 1",7201
09e0b74a-01c4-4afd-a248-2d5462104037,"7201041002000200 - UMKM - 2",7201
f5037d0b-ecff-490b-8643-04eed58d6efc,"7201041002000200 - UMKM - 1",7201
bed8bacd-c596-499b-8a87-1cdc6dc8b181,"7201050009000200 - UMKM - 1",7201
54474c4d-78dd-4b3c-abca-d10084bbb339,"7201050009000400 - UMKM - 1",7201
8fc5d54f-4144-4726-8489-5577588814dd,"7201070018000300 - UMKM - 1",7201
3e888627-580d-4cf6-99ba-3f905545104b,"7201070018200200 - UMKM - 1",7201
a98379ea-c91a-452d-b2b6-370b9ca3e51b,"7201070018000400 - UMKM - 3",7201
f30c081d-20f4-45cc-a722-d96485a22281,"7201070018000400 - UMKM - 2",7201
bd6f39ee-d401-4817-9a75-8d3590eecd05,"7201070018000400 - UMKM - 1",7201
d1ef37e7-526c-4970-8af9-1971be7da1be,"7201050011000201 - UMKM - 1",7201
650594ec-6d64-4545-92fd-ac7cefd48b0a,"7201050011000201 - UMKM - 2",7201
ae5d8f03-16cb-4662-b4b4-8721597504ac,"7201050011000100 - UMKM - 1",7201
4dc68374-7feb-4363-b106-d1c69d04bf92,"7201061014000400 - UMKM - 1",7201
9f301969-5f03-437c-94dc-ec3a8b34a098,"7201061014000100 - UMKM - 1",7201
a62ef7ac-2c61-4ef0-8acc-686420937855,"7201061014000200 - UMKM - 1",7201
20b85625-09ac-4971-a585-2cd6536d47e0,"7201061014000300 - UMKM - 1",7201
a5a08e78-38df-4342-bc91-11a0ea5e85b1,"7201061015000500 - UMKM - 1",7201
5c504670-6d6c-4a5a-b362-687e0626e0ae,"7201070011000800 - UMKM - 1",7201
d385b3ca-7e3f-4711-9c48-8291f12d1dcc,"7201070011000100 - UMKM - 1",7201
3fa2038c-62d1-4c24-babb-6096f06985d9,"7201031007000100 - UMKM - 1",7201
9f0f6fec-0949-4b07-8e9b-c282ed9197a2,"7201031007000200 - UMKM - 2",7201
2b33a337-aefe-4cd3-9b7a-205957ade943,"7201031007000200 - UMKM - 1",7201
69a72275-4f18-4525-a813-54e20f7f086a,"7201031007000400 - UMKM - 2",7201
6c35d9e6-d7a2-447b-ad83-89d73410f3bc,"7201031007000400 - UMKM - 1",7201
c05c3146-e5da-4d6f-ad96-2e59988c8416,"7201031007000400 - UMKM - 3",7201
1b26de1c-22da-4d74-bb17-f9e5d0971d53,"7201031007000600 - UMKM - 4",7201
9044003e-e511-4954-9e66-6dc0b996d063,"7201031007000600 - UMKM - 2",7201
f2282d2d-bed9-4ec8-b5b6-03184da4ffd4,"7201031007000600 - UMKM - 1",7201
8c734dd3-0ad7-473c-a0fe-8ac26a825b6e,"7201031007000600 - UMKM - 3",7201
11aae3e0-a41d-4800-a4ab-6a5e5263fc7c,"7201031007000600 - UMKM - 5",7201
de29f842-80ee-450d-a59c-dd257da0424c,"7201031007000600 - UMKM - 6",7201
0a1e42d3-450e-4668-88c1-37eced58a9f2,"7201031007000500 - UMKM - 2",7201
3de51115-be89-4cde-b007-26ec3c35f1da,"7201031007000500 - UMKM - 1",7201
c5f1759d-50b8-45f6-aeb1-c9461fab9082,"7201031007000500 - UMKM - 3",7201
d9157291-d4ab-4200-8997-6a5e02943fe7,"7201050014000200 - UMKM - 1",7201
54e65fdb-abd5-4191-bc04-b0f1071fa4bc,"7201050002000200 - UMKM - 1",7201
5435ecf0-00c6-493d-8c38-a5368799f435,"7201030008000200 - UMKM - 1",7201
fcee21d4-85c5-43eb-b49e-09b7c72a8161,"7201030008000200 - UMKM - 2",7201
561baa07-a475-4f46-aedd-856f694fdc75,"7201031006000300 - UMKM - 1",7201
3149a16e-a565-49ef-bc0c-3b4d68320722,"7201031006000100 - UMKM - 1",7201
b633387c-cf05-40f7-a08a-9401f24690dd,"7201030007000200 - UMKM - 1",7201
e249cb77-e1a0-417b-820f-d1a88d3ae9fc,"7201042002001300 - UMKM - 1",7201
6a59e4b7-a023-49f9-a391-46bc53e7669b,"7201042002000100 - UMKM - 1",7201
565e2cde-7aea-4e2e-bbea-d36ca0a87258,"7201042002000800 - UMKM - 1",7201
fbe12250-8cd6-4fd4-a6ac-236ba8ed59b7,"7201042002000600 - UMKM - 1",7201
c081fcbb-f953-47b7-b881-96e56b7c8428,"7201042002001501 - UMKM - 2",7201
42a0da90-c44c-40aa-8677-3bf29e88717c,"7201042002001501 - UMKM - 3",7201
6abacb03-1b00-4cfb-9cff-d6f34ebca93d,"7201042002001501 - UMKM - 1",7201
c97c192c-1c7b-4190-9be7-948efe8fd59c,"7201042002001000 - UMKM - 1",7201
fa55f991-72d5-4545-9534-47a96e61750f,"7201051010000300 - UMKM - 1",7201
c229367e-cf95-40b7-9266-cb473503cae1,"7201051010000300 - UMKM - 2",7201
4bfddf2f-d0df-4a7f-a803-dd0ce9012a59,"7201060001000400 - UMKM - 1",7201
fdf0f842-3536-4d71-9e36-ae26898dd0f9,"7201060001000400 - UMKM - 2",7201
6ac61942-a7c4-4652-bd28-e74328c0d51a,"7201041006000200 - UMKM - 1",7201
077ff9d7-d6a9-47aa-bc9d-0a92a7207dcc,"7201041006000100 - UMKM - 2",7201
e88a72a0-31ca-4f66-97c2-8b85fa675410,"7201041006000100 - UMKM - 1",7201
f54af12b-2fff-4887-8dab-bf078146c8b9,"7201041006000100 - UMKM - 3",7201
288f90e9-6245-419b-96c1-bc205539133e,"7201041006000400 - UMKM - 2",7201
83cd43cc-4fc7-4133-b5e1-134ee1a7c2bf,"7201041006000400 - UMKM - 1",7201
6da4d50f-f5d4-4ee8-b816-c08547fc14a5,"7201041006000400 - UMKM - 3",7201
38ce74a2-40e7-41f2-badd-4cef09c95609,"7201041006000300 - UMKM - 1",7201
842bc4df-5c8e-4333-8904-6056872c95a9,"7201041006000300 - UMKM - 2",7201
571b5ae7-98ba-410f-a7a7-9130cf37130a,"7201061003000300 - UMKM - 1",7201
d61f7529-44c6-4c9c-8245-198fc2dba8c0,"7201062008000200 - UMKM - 1",7201
555d57a6-4249-443e-b0d6-b907eca47a8f,"7201062008000100 - UMKM - 1",7201
d910f5a6-e461-4596-a8f8-9b9d095d45bd,"7201061012000200 - UMKM - 1",7201
71c910f1-070b-453b-a60b-24b2e0124612,"7201041004000100 - UMKM - 3",7201
9c43c79c-cd80-4c17-83b1-6f30530d43be,"7201041004000200 - UMKM - 1",7201
dad99395-0dc2-4943-ad40-8138358932ae,"7201041004000300 - UMKM - 1",7201
095a3348-6fbe-4974-a152-57bfbfb98199,"7201041004000200 - UMKM - 2",7201
0f3f9b7b-b798-4c1b-9c20-919c3999df0f,"7201041004000100 - UMKM - 2",7201
bf81c049-b7a3-4cd1-a7b2-1a7006eb4bcf,"7201041004000100 - UMKM - 1",7201
2f886254-c661-4eae-ab0f-ef486ecb1c52,"7201060012000900 - UMKM - 1",7201
a72d6fac-7cd2-4855-95f5-a2bcde1498e4,"7201060012001000 - UMKM - 1",7201
4cd94955-08b3-4f09-919a-4b86062abb5f,"7201060012000400 - UMKM - 1",7201
c477f0a2-8adb-476e-ba3d-6421522ae945,"7201060012000300 - UMKM - 1",7201
00831ae8-ae7c-4370-9f2d-8951e541358f,"7201062001000100 - UMKM - 2",7201
c095b225-3c31-423c-b34b-f2da48593c84,"7201062001000100 - UMKM - 1",7201
8c728f88-551b-4620-b078-2f78eea6f160,"7201061020000200 - UMKM - 1",7201
5e93f9db-7805-4146-8796-57e1133caefa,"7201061020000100 - UMKM - 1",7201
c8c2d61d-ddd6-4f84-aaa8-d75640bc5ff2,"7201061020000100 - UMKM - 2",7201
7ee58ffd-2c5f-4bf6-b946-cec873e3482b,"7201050020000600 - UMKM - 1",7201
2060b547-7968-4329-998c-3d134809eedd,"7201050020000600 - UMKM - 2",7201
83ae52b3-e605-4ebf-84aa-afeaa0879583,"7201050020000600 - UMKM - 3",7201
7ee4fbdb-0779-4d05-93af-f125b237b49d,"7201050020000100 - UMKM - 1",7201
320cf90a-2502-4ea9-a31a-ec1a5f9a127b,"7201041001000100 - UMKM - 1",7201
b81aa8f3-bd4b-4ece-bc3c-368c5897d1de,"7201041001000100 - UMKM - 2",7201
319c2682-b7f9-4cbd-bf10-b7beca27a8d6,"7201050016000100 - UMKM - 1",7201
400eb79c-8ed9-4ef7-8e5c-52260e3366b4,"7201051009000300 - UMKM - 1",7201
7b168709-1733-4bde-b921-51ce9af7fd07,"7201051002000200 - UMKM - 2",7201
c47b404a-f7b0-4c06-bd7c-1dbcf81f255a,"7201051002000200 - UMKM - 1",7201
f27cc55a-b4d5-45b4-b732-1a9c015e61fd,"7201051002000100 - UMKM - 1",7201
d6acb05a-a65b-47b2-9c97-ab6bedf3be3d,"7201061011000400 - UMKM - 1",7201
1299a394-8889-40d4-9cbe-5cf7ccc089c2,"7201061011000400 - UMKM - 2",7201
4b25e76f-0532-4edf-be41-67af8e33bc91,"7201061011000200 - UMKM - 2",7201
621e980f-d632-40a0-baa7-9886f14c3a26,"7201061011000200 - UMKM - 1",7201
6345d08a-c6a7-4a9a-b1bc-0ff26c29b86f,"7201061011000200 - UMKM - 3",7201
1afa64e1-19b1-4cbc-8304-2ddfb5e6e676,"7201050019000600 - UMKM - 1",7201
faf3e946-4c09-451d-819f-f8e495d32197,"7201050019000900 - UMKM - 1",7201
64d7be22-c548-4ca7-8c43-24cf60ef8dd6,"7201050019000800 - UMKM - 1",7201
930c4056-93ab-4a72-bdba-74ba7d3453fb,"7201071008000300 - UMKM - 1",7201
b0f1c1cc-35a0-47d1-912b-0b141c62bdd7,"7201070010000400 - UMKM - 1",7201
5e151fe9-6da9-4a61-a01e-1d80344bf0f6,"7201070010000500 - UMKM - 1",7201
d3d34099-a152-444b-a8d1-e9cd1d7d9d2a,"7201061007000400 - UMKM - 1",7201
1e5b15c9-a5f9-4678-b938-98f70865e234,"7201061007000100 - UMKM - 2",7201
e38aae4b-0996-48c8-bee5-f8aba19f3a92,"7201061007000100 - UMKM - 3",7201
6f9283bc-39fc-4785-9c7e-4fec50062d0b,"7201061007000100 - UMKM - 1",7201
aa265e09-0a35-4f28-ab19-89314981473b,"7201060009000200 - UMKM - 1",7201
78a91f4a-7f46-4649-83f4-1dca1fafa985,"7201060009000600 - UMKM - 1",7201
32da500c-06d5-4a17-bc88-71911cdb0dcb,"7201060009000400 - UMKM - 1",7201
f8e0495b-1eb9-4315-98b5-a869276332f9,"7201060009000400 - UMKM - 2",7201
f085bc29-bc60-4ac1-8e95-5b6df7525870,"7201030013000600 - UMKM - 1",7201
9ac76894-6290-449f-a0c4-981b1a7fec63,"7201030013000500 - UMKM - 1",7201
13abbf18-92b5-42b9-a67e-6b7a098e0f89,"7201070008000400 - UMKM - 1",7201
831cea87-baa0-40c9-b825-ffc20f7edc16,"7201070008000300 - UMKM - 1",7201
2e607316-386f-44f7-8258-0227f80e6794,"7201070008000900 - UMKM - 1",7201
ed6bb4e1-f151-4a49-a088-2ae36c506c29,"7201070008000600 - UMKM - 1",7201
c413b1cb-fe42-4900-a54e-535e7b02e5fa,"7201070008000600 - UMKM - 2",7201
ebc2b87c-b59f-4a32-aae5-f0a3804ceff3,"7201031003000700 - UMKM - 1",7201
444faf75-9ff4-4a4d-9244-f658651e19ea,"7201031003000800 - UMKM - 1",7201
1e13bfe2-489e-4d06-9f29-78dab91bd81c,"7201031003001100 - UMKM - 2",7201
55f285fc-8928-43e2-bfb3-a73c6424d0c7,"7201031003001100 - UMKM - 3",7201
bda7846a-a48e-4f72-849e-a38b11e3df3c,"7201031003001100 - UMKM - 1",7201
46dd3fd8-27c2-4eab-b606-ce2a915214f5,"7201031003000200 - UMKM - 1",7201
f1543ffe-4f30-427a-9b34-64d7eb019a37,"7201031003001200 - UMKM - 1",7201
1e21510e-df1b-4a0c-8a72-4a4c3cc1f4e4,"7201031003001200 - UMKM - 3",7201
87b14d5a-c49e-4e69-90c5-bcb7500b6724,"7201031003001200 - UMKM - 5",7201
bc593f79-b8bc-445d-8c6e-82126b26b4b8,"7201031003001200 - UMKM - 9",7201
0ea1e692-1567-49db-8669-aeb05a2be0ae,"7201031003001200 - UMKM - 7",7201
577b43e2-6406-49c3-ae15-3bedd5b21ef6,"7201031003001200 - UMKM - 6",7201
c687dee7-4416-49a6-a943-b428c633f2b4,"7201031003001200 - UMKM - 2",7201
d51dc2a2-b86e-4e09-9614-12262b5338c5,"7201031003001200 - UMKM - 8",7201
50f1a064-c535-45d6-800b-133b5efe5f83,"7201031003001200 - UMKM - 4",7201
2e85e4c3-ca1d-494b-a52b-34df34fa11a6,"7201031003000900 - UMKM - 1",7201
4956be25-0758-47ee-be86-cd90961dd5f7,"7201031003000900 - UMKM - 2",7201
34430191-8c80-4066-9832-c14415c6c659,"7201031003000100 - UMKM - 1",7201
e8a7af6a-67de-4cda-a8ea-440f60030c36,"7201031003000600 - UMKM - 1",7201
29ca48a6-fb39-4776-8260-9fca0867dd01,"7201031003001000 - UMKM - 1",7201
a885ce4e-f80b-4bf6-8b52-45c3f622cd7e,"7201040022000200 - UMKM - 1",7201
f4f7e9c8-9fd6-412e-bfd9-ee35fd76b445,"7201040022000400 - UMKM - 1",7201
eba2cb96-4f92-4071-8544-324e42e53ba0,"7201061004000400 - UMKM - 1",7201
dffa5d91-424d-43e5-962f-6624e6f4de16,"7201061004000400 - UMKM - 2",7201
629b1038-28af-4755-b594-12cf131df946,"7201070012000100 - UMKM - 2",7201
7c409593-c93b-41cc-939d-5ba7b53bfaa0,"7201070012000100 - UMKM - 1",7201
c7436f23-032f-4f0e-a953-6dcf8910fdb1,"7201040020001200 - UMKM - 3",7201
85462efe-0e8f-4015-97bc-8b6beb684210,"7201040020001200 - UMKM - 2",7201
370df3ff-12fa-419d-b5eb-c972c9e05f3d,"7201040020001200 - UMKM - 1",7201
66e8daa2-14eb-479c-a762-986d9a4410e3,"7201040020000400 - UMKM - 1",7201
009b0240-8272-4f99-8214-54656781df32,"7201071006000400 - UMKM - 1",7201
7b28ee8d-46b0-4e14-84bb-8ca4d72bf2de,"7201071006000200 - UMKM - 1",7201
e8ccf09b-5a65-46a1-b067-a4e3ae0c5a88,"7201071005000100 - UMKM - 1",7201
f44aceae-55f3-4b26-bbef-b61b773d5e5c,"7201071005000300 - UMKM - 1",7201
0bdaae9b-f8bb-4349-a06d-cde3341750da,"7201071005000300 - UMKM - 2",7201
96f04dc9-6346-4ef0-8e1c-236284e4476e,"7201041005000300 - UMKM - 1",7201
f0141b93-fa94-4ab2-b305-c29e974f8d28,"7201041005000300 - UMKM - 3",7201
fd860390-0203-41a2-9f66-e3c61a76f027,"7201041005000300 - UMKM - 2",7201
442f3165-edc7-4f38-bbc4-b5c65914d243,"7201041005000300 - UMKM - 4",7201
4096f663-0f70-4877-afc0-f509abce1c27,"7201061005000500 - UMKM - 1",7201
051fc369-6da4-48d7-b938-03a0c63b5164,"7201051007000800 - UMKM - 1",7201
7bb4feb7-c82c-4a63-a827-fbce6639fd72,"7201051007000300 - UMKM - 1",7201
697868f4-5ab1-4f7b-adf9-b94f66d1da41,"7201051007000500 - UMKM - 1",7201
6038e1fb-f641-471d-a15a-dee0a9647955,"7201051007000500 - UMKM - 3",7201
98891c26-38f6-4df4-85b9-7a11c04e4c7a,"7201051007000500 - UMKM - 2",7201
a0ee79bd-c23f-4faf-8b68-47643b2ab968,"7201051007000700 - UMKM - 1",7201
fab54a86-a19b-4ef5-8997-1dba2026ee8a,"7201070014000500 - UMKM - 1",7201
4620c4b8-9d2f-434a-b255-76d62745666d,"7201070014000400 - UMKM - 1",7201
26924e81-b0eb-4581-a9e4-d00a698a671f,"7201070014000100 - UMKM - 1",7201
cc126898-c006-4a90-bae7-841ac2455d9b,"7201050021000400 - UMKM - 1",7201
00c1ed70-5868-498c-8e89-d276af8a2857,"7201050021000400 - UMKM - 2",7201
6996d620-fb7b-494d-8966-c901eddba1d8,"7201060014100100 - UMKM - 1",7201
7a66512c-9c03-4c0c-89df-9d20420c31f6,"7201061017000400 - UMKM - 1",7201
860eb36a-2d52-431f-8df2-7dd4cd27a384,"7201061017000600 - UMKM - 1",7201
d7917d88-4f28-4106-a681-22d8f5b6040f,"7201041003000100 - UMKM - 1",7201
41ed93dc-53cd-4031-81ca-c2b36523863b,"7201051008000200 - UMKM - 1",7201
ebc49f44-6cac-4c0b-a29c-dcbf4a1c0fba,"7201051008000100 - UMKM - 1",7201
65bf5565-f476-4bc5-bb8f-5fe62937fe48,"7201051008000100 - UMKM - 2",7201
d8d3b77f-6762-418e-bccf-74cbe9d6aa0b,"7201030014000300 - UMKM - 1",7201
16061272-910d-474d-b1b9-8385bd221d35,"7201030014000500 - UMKM - 1",7201
3cc65682-f8e4-44f4-8d6d-8e5f2f1924dd,"7201030014000500 - UMKM - 2",7201
110cf858-718c-43f5-9a7b-195e7a09b4ba,"7201030014000400 - UMKM - 1",7201
fabced5d-d308-45b2-9218-e8456ef4f374,"7201070020000100 - UMKM - 1",7201
93e335bc-c8c0-464b-a843-ebf67816440e,"7201062003001500 - UMKM - 1",7201
21451857-8614-4c69-b11e-790c1abc06a1,"7201062003001600 - UMKM - 2",7201
b5236e11-2722-4527-b03d-0f629ff47e82,"7201062003001600 - UMKM - 1",7201
cb422700-490a-4b92-937d-d0b2867a3820,"7201040015000200 - UMKM - 1",7201
0d5ea470-0fa4-423c-ac6e-98bb28482591,"7201040015001200 - UMKM - 1",7201
ab4b847e-1c24-40ff-a71d-48095c376d84,"7201040015001200 - UMKM - 5",7201
e0a89ee1-55fe-46a2-b272-3828c3149f6e,"7201040015001200 - UMKM - 2",7201
41c94507-f03a-469c-bf5a-2323cee5bc1f,"7201040015001200 - UMKM - 4",7201
3a2e689c-c2b4-49c7-8f0b-d44ae617c594,"7201040015001200 - UMKM - 3",7201
433c46d0-3b32-4e28-80cc-0e1b71d626dd,"7201040015000102 - UMKM - 1",7201
4bcbd1e2-f728-46ff-b089-97a7b53e3fca,"7201040015000300 - UMKM - 1",7201
2aba99a0-945d-4090-9e86-f5d1601b4eca,"7201040015001000 - UMKM - 1",7201
4b548d9d-9552-47d1-8db3-34bec58a78b7,"7201040015000800 - UMKM - 1",7201
73108c04-9b72-42c2-b3cd-254f8ba688f2,"7201040015000500 - UMKM - 4",7201
d60570aa-0743-49a3-ae1b-8ccafbf1ff50,"7201040015000500 - UMKM - 2",7201
93b50a1e-d966-4d8d-b62e-701fdb73ff85,"7201040015000500 - UMKM - 1",7201
9fac5db6-2ef1-4b73-9458-28b1d12fa225,"7201040015000500 - UMKM - 3",7201
e9fd8081-7859-4f7f-9070-0970a8824d67,"7201040016000400 - UMKM - 2",7201
58a9b5dd-73c9-440e-8ddb-3d0fd726a2ff,"7201040016000400 - UMKM - 3",7201
e79143cc-d62a-46b2-a5e5-3a8ac05f6db1,"7201040016000400 - UMKM - 1",7201
d07fae77-69c5-470a-86d3-bac5a94892aa,"7201040016000400 - UMKM - 4",7201
43bc52da-f0a7-4d74-8e47-5626b6d2944f,"7201040016000400 - UMKM - 5",7201
2ff18d92-1ffe-422b-878a-0b46f0075b5f,"7201040016000100 - UMKM - 6",7201
1362effd-184f-4928-973c-8b6eb29a374e,"7201040016000100 - UMKM - 5",7201
f461b07d-36b9-43cb-ac11-c4f4d14f3341,"7201040016000100 - UMKM - 12",7201
276bd71a-702d-44f3-a920-bcb74a2c2be4,"7201040016000100 - UMKM - 4",7201
d5b84e42-3eae-4bb0-897d-cc3d6e0db118,"7201040016000100 - UMKM - 10",7201
eb0585ad-e346-4747-91a1-770e7e6e4aa8,"7201040016000100 - UMKM - 9",7201
6c901c8d-8b04-4b4b-9995-e0a69d2ed1a7,"7201040016000100 - UMKM - 11",7201
07daf1f3-041e-4126-82ee-571ced6595df,"7201040016000100 - UMKM - 2",7201
3d149d75-3a69-4f1b-81fe-7c5ee4658469,"7201040016000100 - UMKM - 8",7201
645f5f7d-25e6-4c4b-986a-4de4249f97be,"7201040016000100 - UMKM - 7",7201
99bc74f1-509c-4948-aeae-3134bf5adeb3,"7201040016000100 - UMKM - 1",7201
f362bb6c-30c0-4d5e-80f0-c46eaf3557b1,"7201040016000100 - UMKM - 3",7201
8766eb21-4dfa-4547-9b7c-10bcd30beb4c,"7201040016000600 - UMKM - 1",7201
c5e3ea16-4fcf-4bf6-882d-77ae5e88515e,"7201040021001700 - UMKM - 1",7201
25476dfc-9b46-43ba-8dab-c84ed57709d9,"7201040021001300 - UMKM - 1",7201
984a7c36-5cf9-42fc-a91c-c927a5d94fd6,"7201040021001300 - UMKM - 2",7201
f66120ee-fcaf-4432-a09e-4a9b5c699a25,"7201040021001400 - UMKM - 2",7201
9aa93b1b-25c6-4429-af89-9ba5eb741daa,"7201040021001400 - UMKM - 1",7201
f7f9368d-8e62-43c6-b5b0-a123ef556576,"7201040021001800 - UMKM - 1",7201
1c6a1831-71d2-4417-9ea9-0bcc57dd6b0c,"7201040021001600 - UMKM - 1",7201
d9f96d41-0d96-48de-96a0-a581b4d1e145,"7201040021001600 - UMKM - 2",7201
59490c1d-89b6-430f-aaf6-ea01f0d7ea24,"7201050012000100 - UMKM - 2",7201
c3cd89d8-fa7b-4145-9da5-b370595e3a5c,"7201050012000100 - UMKM - 1",7201
76ee952d-c393-462b-a0bf-dafc00aee5d3,"7201050012000200 - UMKM - 2",7201
6cc1a4c0-862f-4d8a-afba-a4a380f70089,"7201050012000200 - UMKM - 1",7201
0b5e5a58-2a03-4cc3-af15-8801916c6e88,"7201060004000200 - UMKM - 1",7201
9310d76f-eb47-486f-80c1-ae3629d57b44,"7201062012000100 - UMKM - 1",7201
143bd0d5-dd86-4e89-8cea-f66457d002d1,"7201062012000100 - UMKM - 2",7201
5c6939e8-6c4c-4ecc-8dbd-e977a2e50e86,"7201062012000200 - UMKM - 1",7201
4fb5edbd-1289-4deb-9762-e9778290c3b4,"7201071010000100 - UMKM - 2",7201
11d55221-7b85-4729-a9ea-da71fc427357,"7201071010000100 - UMKM - 1",7201
57b74102-0ee2-4cab-b079-96c8c8ac178e,"7201071010000200 - UMKM - 1",7201
34e3d9d9-946c-4fa7-8840-1effe4a226b4,"7201071010000400 - UMKM - 3",7201
89197364-d504-4171-9c98-a81704a7a9fb,"7201071010000400 - UMKM - 2",7201
ba1032e2-65ae-4598-9427-6b0d267e1ccd,"7201071010000400 - UMKM - 4",7201
b8753b7e-b384-4f99-aacc-71ffa70d5658,"7201071010000400 - UMKM - 1",7201
4c950fae-b032-4949-a096-f5a44f7b8228,"7201030011000100 - UMKM - 1",7201
2ad8830a-98f9-47b9-b4ba-1fe1581254a8,"7201030011000100 - UMKM - 2",7201
09907755-6f97-4370-ab34-fc59cc9f03b4,"7201041007000100 - UMKM - 1",7201
df6ffc5c-4ff7-42eb-bf7d-ae6fa3a9cb31,"7201041007000200 - UMKM - 1",7201
8a2ff508-2e81-47f3-b704-af1ee2fb3626,"7201030017000600 - UMKM - 2",7201
bba48819-779f-49d0-a278-071b321493a6,"7201030017000600 - UMKM - 3",7201
da6eb8b6-ae6d-40a8-9bc4-9e59c53c38d6,"7201030017000600 - UMKM - 1",7201
ad983050-f8f6-4755-af32-9f9da26ff476,"7201030017001800 - UMKM - 1",7201
1ba6e6f7-a79f-4e25-8386-4e7772b7787e,"7201030017001800 - UMKM - 2",7201
dd4cada3-d019-420e-97ae-29188350a245,"7201030017002600 - UMKM - 2",7201
2a76683b-d0b1-4fd1-b749-9351aa74d030,"7201030017002600 - UMKM - 1",7201
3937e14d-0673-4431-9a1f-8548f70bc394,"7201030017001000 - UMKM - 1",7201
b090d5be-f156-4d56-9708-d9f36a28e69f,"7201030017001000 - UMKM - 2",7201
39154712-625f-479a-ac16-86e6ca6b456a,"7201030017000500 - UMKM - 5",7201
30400dd5-499a-47b9-a18a-da590417d2a3,"7201030017000500 - UMKM - 2",7201
787741e8-9184-4786-a876-a8ba9cd9439f,"7201030017000500 - UMKM - 3",7201
15cf6d13-1149-4b73-b21f-db9673285eb0,"7201030017000500 - UMKM - 1",7201
f27e7ff9-1228-4850-b5dd-6312ece556c3,"7201030017000500 - UMKM - 4",7201
ac526ee5-afc4-4ec1-8fec-132295ceebfb,"7201070009000200 - UMKM - 3",7201
4702fe9b-f108-484d-9a91-9d0b795b8636,"7201070009000200 - UMKM - 2",7201
093d90ae-12d2-407c-8a8f-a425b6bfd829,"7201070009000400 - UMKM - 1",7201
f49f6998-6ada-4336-9279-db4b9e86b520,"7201070009000600 - UMKM - 1",7201
174a82da-a5de-44da-91b8-b0c9eb9e928b,"7201070009000200 - UMKM - 1",7201
2edcdfaf-ddd8-425d-b90d-412a46b44266,"7201070009000500 - UMKM - 1",7201
41f6a25d-ec00-444d-ac58-4c878a914dc7,"7201030012000600 - UMKM - 2",7201
c27983e8-96a4-4712-8b26-47ee3755870d,"7201030012000800 - UMKM - 1",7201
3a01ae92-7b5a-47b7-b90a-31dab7820629,"7201030012000600 - UMKM - 1",7201
e582f6b5-bf06-4b74-987d-8d44e5349293,"7201050003000300 - UMKM - 1",7201
f1a1768e-cfae-4544-a321-b26ff6357d8b,"7201050003000300 - UMKM - 2",7201
e0470290-1174-44b2-9b89-844cc0bb386b,"7201061019000300 - UMKM - 1",7201
ac50a085-da53-4975-8b2c-22bedfb9d3be,"7201061019000400 - UMKM - 1",7201
9f83e46d-8851-4b57-9e21-b61f0f994991,"7201042004100200 - UMKM - 1",7201
4e520917-abf5-4e8c-baec-93d46c4e963c,"7201042004001000 - UMKM - 1",7201
a25206bf-60a0-4a7d-bf1e-621d81c9d9fe,"7201042004001000 - UMKM - 2",7201
8878e425-b512-46ca-9063-7b425a6fa8d5,"7201060006000100 - UMKM - 1",7201
95e0b61b-25d7-4c79-ab6e-4de6f27ea8fb,"7201040011100100 - UMKM - 1",7201
fc56e815-487e-4f54-9476-eb12d349816a,"7201040023000300 - UMKM - 1",7201
680ccd7d-708e-4775-b0a5-03158330c312,"7201040023000100 - UMKM - 1",7201
b1f43673-b0d2-4e96-901c-29e7b79171c3,"7201040023000100 - UMKM - 2",7201
3c8b1da8-bf71-4b28-8db7-335e2a491bf3,"7201040023000900 - UMKM - 1",7201
3ffde9a0-c7f1-4dba-9f75-574853fcb589,"7201040023000800 - UMKM - 1",7201
e40bcd33-8d29-457d-90b0-96b028940d46,"7201051006000700 - UMKM - 1",7201
8ab32320-bef0-4817-bc87-4767566d026f,"7201051006000900 - UMKM - 1",7201
bfe20f1b-a1a4-4152-99f8-dda470b1a257,"7201031005002100 - UMKM - 1",7201
534bc9cf-bc88-4d85-992a-e2722ec62470,"7201031005000300 - UMKM - 1",7201
5fd59297-105d-47d3-bcf2-5ec7f69c53ad,"7201031005002400 - UMKM - 1",7201
20b00b72-e4ca-4eef-ac49-38c4f20ae3f3,"7201031005002400 - UMKM - 2",7201
893fce23-0086-4e6e-a50e-bb6b0f276510,"7201031005001700 - UMKM - 1",7201
da12753b-8819-451b-86ab-04da4b423610,"7201031005000500 - UMKM - 1",7201
ba7cb29f-41cd-48ad-bc4c-b60f8ed37d33,"7201031005000500 - UMKM - 2",7201
5847d330-e957-426f-b66d-822c9e61cba8,"7201031005000200 - UMKM - 1",7201
52fe30e6-1096-408a-a14b-5fea6ba5aa9b,"7201031005002300 - UMKM - 2",7201
61bedf9d-ac8e-4933-b9e3-9724dd468498,"7201031005002300 - UMKM - 1",7201
c08ada0f-1e28-400a-9b25-890b13c7267d,"7201031005000600 - UMKM - 1",7201
19d7f910-f3ee-48c8-b717-f80752eb249c,"7201031005000600 - UMKM - 2",7201
63e9b5cf-9bd8-4ebb-bcf4-00686452174c,"7201040014000400 - UMKM - 1",7201
78213254-0969-45e1-a79c-5e2dacf8122e,"7201040014000700 - UMKM - 2",7201
633d44ef-6150-45ce-8957-19d82d04abd6,"7201040014000700 - UMKM - 1",7201
eb29ae97-9ba2-4bfa-a4b7-751a59fe19c1,"7201040014000900 - UMKM - 1",7201
97f259f8-d1fa-481b-86ec-7724cc351eca,"7201040014000900 - UMKM - 2",7201
45e2aa6b-2cf1-457b-bf27-557f8b245a71,"7201040014000800 - UMKM - 1",7201
8ef61ccb-d980-496e-93b2-e1a87bc8b2e8,"7201040014001300 - UMKM - 3",7201
6d1e601c-9b5c-4c6c-a56b-072d599433df,"7201040014001300 - UMKM - 2",7201
009c0e36-c524-4657-98f3-b43dfb9d24c5,"7201040014001300 - UMKM - 1",7201
b64e25c5-4593-4b98-b2bb-b1b5e2b7e959,"7201040014001500 - UMKM - 1",7201
5ebba098-979b-42b7-a4fb-7eb2dce41366,"7201040014001400 - UMKM - 2",7201
a899ec80-0476-43c8-a55b-99d2dedb95dd,"7201040014001400 - UMKM - 1",7201
e17e4be0-1118-4097-afd6-df7f871c1fd6,"7201040014000600 - UMKM - 2",7201
38158c8e-1f99-4b48-953f-944b867d3f47,"7201040014000600 - UMKM - 3",7201
6bb9b153-a28c-439e-a4fe-7ac157874363,"7201040014000600 - UMKM - 4",7201
6be1a006-35a7-4795-88fb-b9502d237bc0,"7201040014000600 - UMKM - 1",7201
e4b7a3ac-ead8-4c80-abce-eab1cc242be7,"7206010006000300 - UMKM - 2",7206
53591b47-61df-400c-8602-f6062477a50d,"7206010006000300 - UMKM - 1",7206
542e52e6-dda3-4a7a-a2da-c256b63a3d73,"7206041006000700 - UMKM - 1",7206
cf36f69f-c417-4b57-9fa3-c59de58a4275,"7206041006000300 - UMKM - 1",7206
97f87b21-a18e-4001-b43d-d13eb0793180,"7206030006000400 - UMKM - 2",7206
592856f8-eb84-40ee-9ba5-0e64cba6bb61,"7206030006000400 - UMKM - 1",7206
1128021b-1391-4a29-a75c-2cbb886fc623,"7206030006000400 - UMKM - 3",7206
6396d08d-0205-4692-9d7a-27edc824c16e,"7206030006000400 - UMKM - 4",7206
1ac8d4c6-62df-4ffe-a146-e22aa93cde8e,"7206030006000300 - UMKM - 1",7206
0913dcc4-e4ef-464e-a98d-4173e7fa2df4,"7206030006000100 - UMKM - 1",7206
d5dc3cb8-5fd0-4a31-ac5b-3a0b02c007f9,"7206030006000100 - UMKM - 2",7206
146f7dd1-c2b8-4d13-adf3-cf78525df046,"7206030001000500 - UMKM - 2",7206
b0c9309f-2698-48ad-94b3-4321a4d31dca,"7206030001000500 - UMKM - 1",7206
105c5e9d-6315-4e5e-8983-fe2fdcac3482,"7206030001000600 - UMKM - 1",7206
8e36e4cd-f07f-4ec6-a9e9-e411b4932141,"7206030001000600 - UMKM - 2",7206
3d0ea7b3-a08c-4c0a-bff7-caa21ba131fe,"7206040021000600 - UMKM - 1",7206
b1c0edc9-8cdd-4ce9-920e-3e4605ea87e6,"7206040021000600 - UMKM - 3",7206
40afe5d1-75d4-4fa3-b522-5d9b002bcb31,"7206040021000600 - UMKM - 4",7206
6ada1d1e-a983-4b20-b9b1-b36f7502f12e,"7206040021000600 - UMKM - 2",7206
dde842ef-611a-4958-968b-a38a42f66724,"7206040021000500 - UMKM - 1",7206
c7b990ee-cd9e-4d72-b227-b84384f72287,"7206040021000500 - UMKM - 2",7206
d6d6b425-b1fd-46f6-a57e-c21476357ae7,"7206040021000100 - UMKM - 1",7206
d39e0393-4e81-4919-8baf-0b1d50115959,"7206040021000100 - UMKM - 2",7206
40afc14f-204d-4def-afcd-621a953a3780,"7206040021000200 - UMKM - 2",7206
f03f938b-38c8-4afd-b924-b06a961d061a,"7206040021000200 - UMKM - 1",7206
92b3a19d-d216-498b-988e-b3eb8bf8c450,"7206050002000200 - UMKM - 2",7206
9751e0cd-662d-4ac2-8378-017aa15a726c,"7206050002000300 - UMKM - 1",7206
75e1b383-dfdb-4903-bd8b-660484361f9e,"7206050002000300 - UMKM - 2",7206
b01d643f-74a7-4a42-8bc3-eb4b6022af2a,"7206050002000300 - UMKM - 3",7206
34790898-e92d-465f-afe4-da250d00f266,"7206050002000100 - UMKM - 1",7206
4ce075bc-aefd-4336-8aeb-009414ee54e9,"7206050002000100 - UMKM - 2",7206
e632bed9-b8c6-4b96-b8f6-b774491ec1d5,"7206050002000402 - UMKM - 2",7206
33ebf496-30d3-47ea-8509-41d1bfcc7b67,"7206050002000402 - UMKM - 1",7206
c11df65e-4171-4826-b82b-d04a154141b2,"7206050002000200 - UMKM - 3",7206
72b3aa89-c87b-4110-acbf-517d384c96b6,"7206050002000200 - UMKM - 4",7206
6483b93a-2ecb-4683-b0fc-499c98a34730,"7206050002000200 - UMKM - 8",7206
d5a35bd9-2603-4e0d-8725-7bc1bd0931a6,"7206050002000200 - UMKM - 1",7206
6aac94c2-1882-499c-9a1a-f432a3c1bdcf,"7206050002000200 - UMKM - 6",7206
a8e692e4-b7f8-4c8d-bace-33d027e8d28e,"7206050002000200 - UMKM - 5",7206
9dbb9534-25da-4e94-a1ee-21961b9a9e2f,"7206050002000200 - UMKM - 7",7206
c4085087-aafc-40dd-bec7-0ec381c345c0,"7206050002000401 - UMKM - 2",7206
3802d6c3-445c-4c51-b705-90a1b49970ee,"7206050002000401 - UMKM - 1",7206
28c15b23-1b7f-44d0-bdf3-c02c54e7e87e,"7206030005000100 - UMKM - 1",7206
0c555de2-c5f0-47bf-ba0a-fd3b3e10dd23,"7206060005000400 - UMKM - 1",7206
d96b8025-4788-4d1b-b56b-d8d85292a4af,"7206032003001400 - UMKM - 1",7206
d5c61e45-fa71-462b-bdf3-edb644c28c4b,"7206032003000200 - UMKM - 1",7206
b6e0a4ab-a796-42ad-9f86-0fb049cd8f02,"7206032003001200 - UMKM - 1",7206
eaec4482-5890-438e-8aca-714be4172705,"7206031002000100 - UMKM - 1",7206
d094e241-3aae-4324-8cc8-0dc2b1990220,"7206050009000200 - UMKM - 2",7206
2c18d3fb-23cf-41ba-b8dd-a875c2b716aa,"7206050009000200 - UMKM - 1",7206
25d9e5c0-35d3-4f4e-983e-50c07856ac8c,"7206050009000300 - UMKM - 1",7206
6f5b4452-6a40-40f3-be02-29e00f20de86,"7206050009000500 - UMKM - 2",7206
a10f5ec5-1e6e-4e4b-b431-1f6ef465092c,"7206050009000500 - UMKM - 1",7206
ee1c0810-55e6-44ce-8b40-f4a1c851a2fe,"7206050009000600 - UMKM - 1",7206
790ca60f-d61f-4aae-bd07-1041e0c8a295,"7206040020000700 - UMKM - 1",7206
44972fea-5448-4f99-8dcc-774e43e4649c,"7206040020000400 - UMKM - 1",7206
3142f918-5bb6-4f80-bc2c-5c8ab28a1bc1,"7206040020000400 - UMKM - 3",7206
415253e3-e417-47b9-bbdb-f32b9b923b3b,"7206040020000400 - UMKM - 2",7206
26b51f5e-5ce3-49b7-af28-dda7802957bc,"7206040020000400 - UMKM - 4",7206
4ab25316-f80c-441f-aaa8-231a21c0fc08,"7206040020000300 - UMKM - 1",7206
1c951b26-c6f7-494c-ade7-a6f2795bf857,"7206020006000600 - UMKM - 1",7206
96b74efc-8b4c-4a77-8438-228506051264,"7206020006000700 - UMKM - 1",7206
e75780f6-d9af-4e60-b803-d1199ea84528,"7206020006000400 - UMKM - 1",7206
bf509a07-5737-4023-8d55-6dfe2569125a,"7206020006000400 - UMKM - 2",7206
722026b1-d75f-4b4d-9ec1-c59b21a938d0,"7206031007001200 - UMKM - 2",7206
418122b5-e8bc-42df-bfb2-c3349d080d2f,"7206031007001200 - UMKM - 1",7206
1b350127-06f9-4ac9-931d-7a792bb9d885,"7206031007000100 - UMKM - 2",7206
e9f03adb-f276-4c24-af85-12620b3f0024,"7206031007000100 - UMKM - 1",7206
6e634aa1-a188-490d-931c-9e9d60b6a7b7,"7206031007000100 - UMKM - 3",7206
16e9038c-072f-4465-89f3-09834829f54c,"7206032004000900 - UMKM - 1",7206
71aab558-147d-4608-bde9-c5f2179b2913,"7206010009000600 - UMKM - 1",7206
4822aef7-ac62-4bfb-93a1-8a7f03c40af8,"7206010009000500 - UMKM - 1",7206
5e9c22c0-7899-4881-9da8-a07ff41a7fa3,"7206010009000400 - UMKM - 2",7206
6e8315d9-e040-486f-8e11-f537c364cdb9,"7206010009000400 - UMKM - 1",7206
3dbfcbf5-0ff8-44f1-af3a-55994b84e1ac,"7206010009000100 - UMKM - 1",7206
9f49fbac-e25a-40ca-acb6-198f33bce257,"7206010009000201 - UMKM - 1",7206
8762109d-d17d-4e82-9eb4-f454f3dab5cc,"7206010009000201 - UMKM - 2",7206
d2c7890e-f760-49a8-a816-9e5ef39e534f,"7206010009000300 - UMKM - 1",7206
aeda3700-9988-44a6-924a-08296bb926e7,"7206010009000700 - UMKM - 2",7206
1cf7ec2b-173b-4e15-9fa4-335e039a57ba,"7206010009000700 - UMKM - 1",7206
c6937d40-2ac5-4439-8916-bbb3fbe9c4f7,"7206010009000700 - UMKM - 3",7206
3e4fdc7e-5279-47be-a442-56d6a5373ea8,"7206060009000800 - UMKM - 1",7206
2396e53d-5e6d-4164-b747-60026f935b37,"7206060009000700 - UMKM - 1",7206
e053ad64-d21a-47dd-8635-a4351508525a,"7206060009001500 - UMKM - 1",7206
6bfa9661-fe26-431a-b520-0d435cc78680,"7206060009001700 - UMKM - 1",7206
8f072b56-e2d2-4b09-ac9f-be25c019602d,"7206060009001300 - UMKM - 1",7206
e3a1530f-1f6d-4565-bc71-6072d8c1ade2,"7206060009001600 - UMKM - 1",7206
262eb8e3-0d43-43eb-9ec7-7570c6f7e8bd,"7206060009000400 - UMKM - 1",7206
f143e0c7-0726-49a3-a28a-12cd022d1022,"7206060009001200 - UMKM - 1",7206
3f84414a-fe84-4d13-a5a7-b8eafbeb3c1e,"7206060009000500 - UMKM - 1",7206
63503050-7644-443a-9e0f-9a9e8a998ab0,"7206030004000200 - UMKM - 1",7206
67a149f4-2eeb-43bd-b039-d4648deb9c3b,"7206041001000300 - UMKM - 2",7206
8c077082-323e-4858-bf80-1db478e59b7c,"7206041001000300 - UMKM - 1",7206
275b84db-5143-425c-87df-ca670f296d9c,"7206041001000100 - UMKM - 1",7206
d6d1c8ed-8012-4e88-8851-3facb9e731d5,"7206032009000400 - UMKM - 1",7206
a55bd1e7-f780-4a0b-bab3-48507f1cf4da,"7206041002000300 - UMKM - 1",7206
4e9ce097-a16f-433d-a8f2-334ead8194bd,"7206060014000500 - UMKM - 1",7206
df747ff4-0973-4d7c-9220-4109a83ea4a3,"7206060014000400 - UMKM - 1",7206
211221dc-7d2d-4179-8a49-e09dee56c37b,"7206030011000100 - UMKM - 1",7206
d3a17ad1-b1f9-4576-93a1-96409ff2472c,"7206030011000700 - UMKM - 2",7206
7be99492-022e-4b9f-858e-3595d8ad12b2,"7206030011000700 - UMKM - 1",7206
cc67ea15-ae29-4f61-b21f-f469c7107859,"7206030011000600 - UMKM - 1",7206
a0dd9d68-be98-4542-9fa3-16c8d1a16d96,"7206030017000300 - UMKM - 1",7206
039de5b9-85f7-4b17-9847-e0359626ba7b,"7206032006000200 - UMKM - 1",7206
e04d12de-703d-4367-b413-c7113dc9c8aa,"7206032006000200 - UMKM - 2",7206
ee9034c1-22ee-4859-bfbb-a85ec522eebe,"7206032006000200 - UMKM - 3",7206
5d56e201-f5d2-4168-898f-545f53b34124,"7206032006000100 - UMKM - 1",7206
4d8792d2-dc37-4d6e-af66-0e65da2cad3c,"7206032006000500 - UMKM - 1",7206
2a0fd3e3-2d13-47aa-a2bd-c3f1d5de4bf0,"7206032006000400 - UMKM - 1",7206
ab27a0c4-0494-4df2-846f-5e024a4e31a3,"7206060008000800 - UMKM - 1",7206
b7e3f608-dbb1-45cd-b67c-fc03fe6539eb,"7206060008000900 - UMKM - 1",7206
e4a3983c-ed1d-4241-b7dd-5a5401bc94a6,"7206060008000100 - UMKM - 1",7206
e337ed9b-687c-48a2-a91d-05219eabbb97,"7206060008000300 - UMKM - 1",7206
411db94e-54fe-4204-8727-e15e94b6dce9,"7206060008000200 - UMKM - 1",7206
8c4fc3c2-f7f0-436e-af02-5dc3f456b54c,"7206060008000600 - UMKM - 1",7206
7fc03e50-7d01-4b92-a922-7d3f874640c7,"7206010013000600 - UMKM - 1",7206
e3c98f31-c1e0-4779-a761-9f69a7bb2a20,"7206010013200100 - UMKM - 1",7206
03846222-a762-4325-a3fc-98e99eb95491,"7206031006000700 - UMKM - 1",7206
f3679566-818c-4a55-aa31-d603b51a2c11,"7206031006000500 - UMKM - 2",7206
0a4f3098-a2be-46dd-ac47-93327d8c7492,"7206031006000500 - UMKM - 1",7206
cb02f30a-5c17-4458-bb86-c898db3ccb43,"7206031006000600 - UMKM - 2",7206
da231e49-4254-426d-99ca-c88647c3a0df,"7206031006000600 - UMKM - 1",7206
d9f15aaf-5359-438c-bda2-a0c0dfed761b,"7206050014000400 - UMKM - 1",7206
eaf2566a-1e00-49e4-91a2-6cd5d263b887,"7206020003001000 - UMKM - 1",7206
ca9be108-9f72-4632-85de-b738ec5b6841,"7206020003000700 - UMKM - 1",7206
36204952-6342-4e71-9cdd-eac87f1769b7,"7206020003001200 - UMKM - 1",7206
a6495510-22eb-484a-9ed7-b14a9debb4d4,"7206020003001200 - UMKM - 2",7206
2b0ef8ce-a6ef-466d-8ffa-df3732ac7c74,"7206020003000300 - UMKM - 4",7206
1a94a519-5a60-4366-a31b-c56f87af23b7,"7206020003001300 - UMKM - 1",7206
a00173ac-95fb-4acb-99f4-49d308639559,"7206020003000900 - UMKM - 1",7206
04b763cb-ca1a-4876-b686-7ac96d9a5c88,"7206020003000900 - UMKM - 2",7206
b15bb5d8-4390-4811-a065-c5c7b3c19c06,"7206020003000900 - UMKM - 3",7206
ae420d23-ed30-47e7-a9fe-ac200b5fce5a,"7206020003000800 - UMKM - 1",7206
b90c8d9b-b515-438f-bb33-c8d7c3308f46,"7206020003000400 - UMKM - 1",7206
a9cdf9f0-5645-4eaf-a7ff-243905506ab4,"7206020003000400 - UMKM - 3",7206
366d4b6e-6522-46b4-a835-6c5a74e26fd1,"7206020003000400 - UMKM - 2",7206
f903386d-f7bb-412b-9141-c407742929cb,"7206020003000500 - UMKM - 2",7206
d1f926bd-d3e4-41e3-9fc1-3af73e8dafe7,"7206020003000500 - UMKM - 3",7206
9651f052-be0c-4bbb-9222-504a86d7fb47,"7206020003000500 - UMKM - 1",7206
2558d3d8-09ac-49ea-8bce-501950885eaf,"7206020003000300 - UMKM - 3",7206
8d98f8da-737f-4092-88c5-4a4e16d45fb7,"7206020003000300 - UMKM - 1",7206
48cf8e51-813b-4cdd-becd-5173ac3270a7,"7206020003000300 - UMKM - 2",7206
16f9aed6-b4a7-4858-8bc9-a1ae6a30f3fd,"7206020003000600 - UMKM - 1",7206
40329729-33a0-4405-951a-c8afdeb567d1,"7206031010000600 - UMKM - 1",7206
f4c95b0e-9cde-4c7a-8179-cad51ce28a11,"7206060013000100 - UMKM - 1",7206
2b0c62c8-5ad3-4a29-bd78-d065e503cf7b,"7206060013001400 - UMKM - 1",7206
92320493-ccf6-46f5-b5df-3ceea2932995,"7206060013001400 - UMKM - 2",7206
f45ec0c0-73f6-43dd-baab-152cb7494e56,"7206031001000200 - UMKM - 1",7206
dd497c09-932f-4bb4-8042-80c16c9c93ed,"7206031001000500 - UMKM - 1",7206
2d3bb10d-5ca3-405f-9096-051f59aca570,"7206032001000800 - UMKM - 1",7206
866351dc-b592-445b-85ca-541abea0445c,"7206032001000500 - UMKM - 1",7206
b22f3c80-a099-4621-b41f-815d3cd83a53,"7206032001000200 - UMKM - 1",7206
bcf3d7d0-b871-4aaf-be3f-5b224fc1a683,"7206032001000300 - UMKM - 1",7206
41a84e74-5558-429f-b164-57e007b3a28f,"7206032010000300 - UMKM - 1",7206
fcfb6cf5-d34b-4023-9451-7bc0abb301eb,"7206032010000600 - UMKM - 1",7206
c6bb5dc0-3f94-41b6-af9c-91ee738e6281,"7206010005000300 - UMKM - 3",7206
1e0926b8-9209-4431-8e5f-49e6293cba8f,"7206010005000300 - UMKM - 2",7206
426ae572-a612-40a8-a2cf-107d10dc522f,"7206010005000300 - UMKM - 4",7206
f5362ab3-d61c-43cf-aa6b-f894ec7431b6,"7206010005000300 - UMKM - 1",7206
2e7898a7-ab1e-4b39-ab1c-d4a15cf1d4fe,"7206010005000300 - UMKM - 5",7206
43c92d61-1b60-4769-9433-04f537ffdb99,"7206010005000202 - UMKM - 1",7206
c1eb1a45-051b-4896-a840-3a29d16ce87c,"7206010005000201 - UMKM - 2",7206
164203b6-5caf-4912-81e1-f280df39e222,"7206010005000201 - UMKM - 1",7206
81caf58c-8cf8-4dd2-85b2-4fa5611f07bb,"7206010005000201 - UMKM - 3",7206
b51fc81b-ad15-4bb6-9b7c-7adf6d5a6276,"7206031004001500 - UMKM - 1",7206
543f04ef-987e-467d-8a0b-3f909891bca3,"7206031004000600 - UMKM - 1",7206
996956d7-729d-4d31-9f89-f5aa3ee09a1f,"7206031004001400 - UMKM - 1",7206
a91a0222-2541-4781-b8d7-c536191d8fc0,"7206031004000100 - UMKM - 1",7206
ab101fc8-8682-40d9-b9b9-8af35ce87a07,"7206031004001800 - UMKM - 1",7206
be38ee8e-9ef1-41ba-a81e-bbe6ed099566,"7206020004000500 - UMKM - 2",7206
125f8c82-2b17-4870-91d0-6a5edddc5759,"7206020004000500 - UMKM - 1",7206
a8bfba13-6eb1-4424-8ca7-68d8f96653bd,"7206020004000100 - UMKM - 1",7206
b16a107c-266d-45db-9584-8c832fbd91d0,"7206020001000200 - UMKM - 1",7206
4d121233-e672-4920-87bc-dedd14798a9c,"7206020001000300 - UMKM - 2",7206
ca04ab07-723d-4e7c-b004-b871e07fe090,"7206020001000300 - UMKM - 4",7206
c8ad6fb2-394b-4182-8eef-00bac26d5759,"7206020001000300 - UMKM - 1",7206
6d656ebf-10ae-4f81-acbe-8ba938b94b09,"7206020001000300 - UMKM - 3",7206
f316b6ce-4825-4f74-9f96-9d515b203e52,"7206020001000500 - UMKM - 1",7206
037b9633-bcd3-4ecc-8110-6b4296a1e363,"7206050007000200 - UMKM - 1",7206
92aeae87-83bb-4554-b683-cfbfeb96fec7,"7206050007000900 - UMKM - 1",7206
aa521287-c829-4732-bc5b-7767731bd7ce,"7206050007000700 - UMKM - 2",7206
edb2c6cf-c7c9-4859-8180-33ef75d3a37e,"7206050007000700 - UMKM - 1",7206
8746daca-86e3-4328-a387-51fcdb756fe3,"7206020010000100 - UMKM - 3",7206
c93e97b6-69af-40a4-ae26-183adfc0d3c8,"7206020010000100 - UMKM - 1",7206
b9307b78-1695-4510-83c3-72957a2c8783,"7206020010000100 - UMKM - 2",7206
57a42f95-07b3-4911-9f55-8c3ea75941ad,"7206020010000200 - UMKM - 3",7206
cc3395ea-a7a7-4590-829f-1662d424be57,"7206020010000200 - UMKM - 1",7206
26cd69c6-4f6a-4e83-bfa5-7818d25dfdbf,"7206020010000200 - UMKM - 2",7206
20969363-fe10-496d-a145-2d7ccfec891e,"7206010002000300 - UMKM - 2",7206
c0450b79-b0be-46ad-b1dd-f4f842071a57,"7206010002000300 - UMKM - 3",7206
3a8ba431-b7aa-46c3-88ce-3852b07f2b44,"7206010002000201 - UMKM - 1",7206
7c7033ef-bfd6-456b-b7a6-b419ee5828d4,"7206010002000201 - UMKM - 2",7206
a2c0d4b0-d219-4f4a-8e27-07da90f01aed,"7206010002000400 - UMKM - 1",7206
816f6b17-586c-4a60-93dc-d1d0c47fbd70,"7206010002000300 - UMKM - 4",7206
d15f887a-ed8e-499f-8c79-8f1cd86726d4,"7206010002000300 - UMKM - 1",7206
c68b6d88-ea4b-4ee3-9295-636a7661f5a5,"7206010002000100 - UMKM - 1",7206
4f870867-5c72-481f-9ce9-d03d13078e8f,"7206010002000100 - UMKM - 2",7206
5ea98ea6-6c9c-4206-9b50-578dec7361c5,"7206060011000700 - UMKM - 1",7206
36577199-568f-408b-8349-d5a351a1bd1f,"7206060011000100 - UMKM - 1",7206
631e9a44-3507-4816-bc1f-f9fa43334f6d,"7206060011000600 - UMKM - 1",7206
226aa3be-ed44-4cc5-8d45-914044947361,"7206060011000500 - UMKM - 1",7206
d3468949-fb9e-46fb-99d5-68999ef5f51e,"7206060011000300 - UMKM - 1",7206
ab2c6b24-ba20-4c90-a104-7f8330591d4b,"7206060011000400 - UMKM - 1",7206
85f9aef7-d040-4b55-80ff-46896eabc722,"7206030013000200 - UMKM - 1",7206
49d3e6f6-4b62-4e0e-b303-0c3e6299f278,"7206030013000100 - UMKM - 1",7206
2a383834-47d5-45ae-b5bb-b7f0aa60ad40,"7206030013000300 - UMKM - 1",7206
4d4c71dc-40b0-43f5-bbd4-b8fdabfd4fda,"7206030013000400 - UMKM - 1",7206
fb4c8c9f-b9df-4937-acef-0c9fdf71435e,"7206010010000400 - UMKM - 1",7206
5e1547b8-dad4-4949-a38e-43ae42d70cd3,"7206010010000600 - UMKM - 1",7206
9dd481d7-3b28-4526-991b-c02355c819d3,"7206010010000600 - UMKM - 3",7206
c916f8be-ba09-4899-824f-c66ed468c50b,"7206010010000600 - UMKM - 2",7206
53fe430f-d4ca-4dbd-b577-e5f8399125d6,"7206010010000300 - UMKM - 1",7206
846fccda-9b09-47bf-a4e1-3ffb16098819,"7206050010000600 - UMKM - 1",7206
b92fea2d-802d-4e29-90ca-1163d43925ab,"7206050010000800 - UMKM - 1",7206
24b69342-6188-4ac1-8627-124b898bcbcc,"7206020009000500 - UMKM - 2",7206
fec3a47b-3a3b-4a70-9a64-5bd3620ece52,"7206020009000500 - UMKM - 1",7206
187ef35e-57fa-4c37-a572-8dd960e44268,"7206020009000300 - UMKM - 2",7206
e2947d93-3a8a-47d6-ae36-81e646b29ad0,"7206020009000300 - UMKM - 1",7206
49955a12-09ed-4e93-902f-23ac0806e949,"7206041007000500 - UMKM - 1",7206
774e1969-851f-4da3-8ffd-4c7526c9541d,"7206041007000600 - UMKM - 1",7206
c6741c28-e055-4da6-a350-1b232198a3f4,"7206041007002900 - UMKM - 1",7206
10fb96f6-d65e-4e81-9ffe-cf8840d0ddd6,"7206041007000800 - UMKM - 1",7206
6e4df518-05c8-4a95-affa-5c63f53c5eb3,"7206041003000800 - UMKM - 1",7206
8b11d6b3-8a00-4074-83ad-f46dffa10342,"7206041003001500 - UMKM - 2",7206
ac814b90-a48e-4fb6-b017-09f2b4e45c1a,"7206041003001500 - UMKM - 1",7206
70064edd-13f5-4bea-80b7-352fa67883c6,"7206041003001900 - UMKM - 1",7206
94656a94-0426-4d59-8045-95727e44e163,"7206041003001900 - UMKM - 2",7206
da8e9dc2-d7ba-4bac-bc02-1d23de58b993,"7206041003000100 - UMKM - 1",7206
b6570d6b-b8d0-46b5-8975-c003c8118120,"7206060010000700 - UMKM - 1",7206
752a32ea-20b6-496f-a7cb-f2c4d330fba1,"7206060010000200 - UMKM - 2",7206
d043b2c0-d927-4280-8c3a-1e632977e38a,"7206060010000200 - UMKM - 3",7206
83e21782-28c1-4387-9397-a5fbdf36780b,"7206060010000200 - UMKM - 1",7206
f978ac29-bbd4-448a-a0b2-87975e63e134,"7206060010000800 - UMKM - 1",7206
e2408c4c-043d-48e9-bfa6-9c0d71c3c301,"7206060010001000 - UMKM - 1",7206
1f6ab448-898e-4070-ac35-08712e5756fc,"7206060010001000 - UMKM - 2",7206
d4adcc37-bebf-4fa0-8f67-7c23feceef54,"7206031005000100 - UMKM - 2",7206
7e5b8560-9a53-4848-8cf0-887742d2da72,"7206031005001100 - UMKM - 3",7206
11eaafd0-f672-44f3-807e-298387863fe2,"7206031005001100 - UMKM - 1",7206
ad54a39e-e1ef-4841-aad1-9988d432186e,"7206031005001100 - UMKM - 4",7206
e109c638-1cd9-4e84-8700-bdc9654aa043,"7206031005001100 - UMKM - 2",7206
ae0f0448-ef14-4e19-9c33-b08f060cfe2e,"7206031005000100 - UMKM - 1",7206
6fba9874-0611-4bf4-b536-e0bcd75a8f4c,"7206050013000100 - UMKM - 1",7206
de7af5e9-0e9a-4a40-aa4d-34216ef6d030,"7206041004000300 - UMKM - 1",7206
84db0ce7-3eaf-4c8c-92b1-b2c6fd6086f7,"7206030014000700 - UMKM - 1",7206
e65f9a02-acd6-4501-9fea-e54f9a8fce05,"7206020007000100 - UMKM - 1",7206
6b4cbbe8-6782-4663-a06a-87a304e96a3e,"7206020007000300 - UMKM - 2",7206
1a429cf8-0523-4d61-ad68-7323c4567fd2,"7206020007000300 - UMKM - 1",7206
6990f0d4-0606-4d9a-a75d-cf929e653fea,"7206010011000400 - UMKM - 3",7206
38be6708-092d-4992-a1d7-8df0b9faf03e,"7206010011000400 - UMKM - 2",7206
f2bbb317-4769-487f-b5e6-6582b203e9f5,"7206010011000400 - UMKM - 1",7206
cc361b82-bdd1-41ff-a9db-5b03848ae8a4,"7206010011000400 - UMKM - 4",7206
78701b1f-9a30-4ee9-bf7c-f6c62ef41903,"7206010011000300 - UMKM - 1",7206
7b927650-6b4c-49d7-af7a-451dc41e71a2,"7206010011000300 - UMKM - 2",7206
6004ed04-bfaa-42d7-9280-00de43fa39a0,"7206010011000100 - UMKM - 2",7206
1f58881d-69ae-41b9-9889-780884754b84,"7206010011000100 - UMKM - 1",7206
de62cc43-caf1-4317-b267-f0fd91e97b63,"7206010011000100 - UMKM - 3",7206
96cf190f-b241-4d2b-ba29-a986c07b84c1,"7206020012000100 - UMKM - 2",7206
84421ba3-96d7-43cb-8ccc-65e27db9e202,"7206020012000100 - UMKM - 1",7206
a53108fb-c02a-4474-9816-8ecccc2b16a3,"7206020012000300 - UMKM - 1",7206
8f9ada85-7a80-43fa-a344-7f49df942c3d,"7206031009000300 - UMKM - 2",7206
4f2f5141-1376-479c-9d1d-2f5957c76865,"7206031009000300 - UMKM - 3",7206
c1f03cd7-5dc3-4a13-9023-bea1e4a91f92,"7206031009000300 - UMKM - 1",7206
9390f828-5a53-4678-bc13-5c5dad3a2c37,"7206031009000100 - UMKM - 3",7206
d826238e-5a11-408d-8599-8faaf9f8e0bb,"7206031009000100 - UMKM - 1",7206
90343087-85aa-4348-9cbf-4cb4d5dc479f,"7206031009000100 - UMKM - 2",7206
1da863a3-8da3-497a-8927-def6f29d327b,"7206031009000200 - UMKM - 1",7206
36db239d-3774-4ceb-beb9-e8ecd11cb9f1,"7206031009000200 - UMKM - 3",7206
05da14a0-d25f-4fb1-82f6-2f7d7295bf0d,"7206031009000200 - UMKM - 2",7206
d19f5597-d0c3-4549-945a-0c406bbd62aa,"7206010007000200 - UMKM - 1",7206
e4a0dd02-35ab-42d1-a595-0d57b6b72925,"7206010007000200 - UMKM - 2",7206
1189ca42-fc99-493a-a2b9-6ad43345f17a,"7206030003000600 - UMKM - 1",7206
a06da5d7-54ee-49f2-8dcd-c3059c179c57,"7206030003000500 - UMKM - 1",7206
0169e062-9661-43bb-92d6-d557fe213b74,"7206030003000400 - UMKM - 3",7206
be3a4471-4732-4c29-b685-73d53ef14d93,"7206030003000400 - UMKM - 2",7206
3524f988-64fa-4375-bb15-63932535e71c,"7206030003000400 - UMKM - 1",7206
7f636a90-6e5b-4ca7-8e62-3174306007ce,"7206031011000400 - UMKM - 1",7206
0e184041-b2d6-45b7-881e-2aa3dddea744,"7206031011000300 - UMKM - 1",7206
4238fa93-0b80-4af9-83fc-5da380df7430,"7206031011000300 - UMKM - 5",7206
e8aae152-9412-4d11-8d22-3a06289e98f9,"7206031011000300 - UMKM - 4",7206
3da02a10-179a-4f5a-af8e-53309ea6d7a3,"7206031011000300 - UMKM - 6",7206
d977c051-78bd-4c03-90b0-aa1d69435ccc,"7206031011000300 - UMKM - 3",7206
cbfb082f-881f-4940-a830-9301bcb8e19e,"7206031011000300 - UMKM - 2",7206
0bd5cfe7-2c03-4a8a-9ee3-79924b63b93f,"7206030016000800 - UMKM - 1",7206
6e5ec9f9-c02b-41d4-b64e-14a8a518b231,"7206030016000300 - UMKM - 1",7206
81ac55dd-bf6a-43a7-bce1-049a40611481,"7206041005001500 - UMKM - 1",7206
1e1afc75-8c69-400b-bd28-97e7a177ccee,"7206041005000600 - UMKM - 1",7206
2d3249d8-131b-4ecc-8dec-564bbb78d46f,"7206041008001500 - UMKM - 1",7206
d12d39bd-d900-45b0-8342-d13a876fbd6f,"7206041008001500 - UMKM - 2",7206
96bde9ce-a91b-4334-b936-753f9bafbf94,"7206041008000400 - UMKM - 1",7206
4817e7db-3b82-413b-9f25-903dddb458f0,"7206041008000100 - UMKM - 1",7206
12fe6eef-592a-4ea5-93da-551456241a85,"7206010008000800 - UMKM - 3",7206
35c8f06d-c88e-459c-bc9e-62d3e5332559,"7206010008000800 - UMKM - 1",7206
05054385-b7fe-48c8-b50f-11a4c4e909f6,"7206010008000800 - UMKM - 2",7206
194f0490-1ebb-4cce-a4c8-2154eb0be827,"7206010008000900 - UMKM - 1",7206
2e907bb1-bb6b-4f1d-9e3e-e7c2741e7bcf,"7206050004000300 - UMKM - 1",7206
46312204-a900-4ea4-a370-a9cf3d823d11,"7206050004000400 - UMKM - 1",7206
713e0dcc-4440-44ae-a77d-40771f4db9f0,"7206060012000600 - UMKM - 1",7206
860f5794-a7a0-4319-9148-044746c29316,"7206060012000300 - UMKM - 1",7206
90815812-419e-471e-9b17-10f2a04a8515,"7206060012000500 - UMKM - 1",7206
d45f2c23-bac9-46dd-875f-4e003e1163b2,"7206061002001000 - UMKM - 2",7206
129254b0-86c3-460a-8415-c0759b1260ed,"7206061002001000 - UMKM - 1",7206
84851d8a-79a8-4c2e-b00e-3330e30eb7ac,"7206061002000700 - UMKM - 1",7206
d7dda89a-48e5-4b86-ade3-6e58b398b558,"7206061002001000 - UMKM - 3",7206
e71f2043-62e1-4213-adf7-7270ab3c0911,"7206061002000800 - UMKM - 1",7206
7817a938-c665-46af-835d-18ca5fc73ddd,"7206040018000700 - UMKM - 1",7206
c274fadc-55db-46a8-8858-28feb46fc81e,"7206040018001400 - UMKM - 1",7206
fdb2f69b-b839-4fda-b76f-eb155ac31c15,"7206040018000500 - UMKM - 2",7206
e9c05145-f389-4981-b74a-f464e36a7bf5,"7206040018000500 - UMKM - 1",7206
460dd923-1baf-4701-8b66-953924f162ea,"7206040018000800 - UMKM - 1",7206
c823a731-2057-4652-9fcf-1a4fa3f3d98b,"7206040018000400 - UMKM - 1",7206
ddd4e246-a45a-4385-aa75-859f0646c566,"7206040018000400 - UMKM - 2",7206
260dfd87-a6a3-4375-9a8e-800938f72850,"7206040018001000 - UMKM - 3",7206
b2ae34e8-461a-465f-a278-c6df40b0c381,"7206040018001000 - UMKM - 2",7206
fd3d2229-5d22-43e2-b609-b7e9017d7c2e,"7206040018001000 - UMKM - 1",7206
1e51138b-eedf-4672-afc0-18b277b68817,"7206040018001300 - UMKM - 1",7206
7f2bb408-d726-40fe-8440-a1c17f8f423c,"7206040018000300 - UMKM - 1",7206
4a987ce7-9df8-48d9-87bd-0f27a4c67a2b,"7206040018000900 - UMKM - 7",7206
779925ba-3f34-473a-8dd2-2ee1c4ab572d,"7206040018000900 - UMKM - 2",7206
102def26-54dc-45eb-ac38-85efea05ba2b,"7206040018000900 - UMKM - 5",7206
0321daa0-767f-4c6d-b59c-5d8ee38c49ce,"7206040018000900 - UMKM - 4",7206
2cfa665d-b5a6-4c30-9084-8c09a73cade8,"7206040018000900 - UMKM - 1",7206
c5fcc390-a68b-4850-bca1-471ce0f1e311,"7206040018000900 - UMKM - 6",7206
d6abea9d-3c15-404f-aad3-8899ed2705d2,"7206040018000900 - UMKM - 3",7206
bb9a169f-26cb-4198-9803-cd0a5155b5c5,"7206040018001200 - UMKM - 1",7206
3e7056dd-c2ce-4783-958f-55fb1093e7d9,"7206040018001200 - UMKM - 2",7206
dc4901f0-f7a4-4622-ba8c-bf60d9401f8c,"7206040018000600 - UMKM - 1",7206
d4c4c82d-8e93-44c2-9f6f-4e9dc9e2da9e,"7206040018000100 - UMKM - 3",7206
692708d6-8428-49e8-b63c-a64a870f721b,"7206040018000100 - UMKM - 1",7206
62374ed1-bfd8-4124-97bd-a7e02b973286,"7206040018000100 - UMKM - 2",7206
97519d46-346d-4fe5-af73-33dfd4aeb629,"7206040018001100 - UMKM - 1",7206
effd3232-a78f-4ea3-9777-128ac5afd84c,"7206040018000200 - UMKM - 1",7206
0898e555-3837-4d72-9336-ef7eadbc4e26,"7206061001000400 - UMKM - 1",7206
8261dc35-dc70-46e7-b0d5-7cff7d64621b,"7206061001001800 - UMKM - 1",7206
de51fb19-e229-47f6-bc38-79d4e6af51d4,"7206061001001400 - UMKM - 1",7206
9f456397-9ed2-4310-8b74-d68c4f2e27fd,"7206061001001200 - UMKM - 1",7206
241c3fe7-1b0c-4f84-9ec5-c223a4fb566d,"7206061001000600 - UMKM - 1",7206
3feab5a3-ff76-466f-a51f-93e780cb27c4,"7206010003000100 - UMKM - 1",7206
6ad10233-c88a-413d-a7cc-ffd93852113c,"7206010003000800 - UMKM - 2",7206
ae47b0c9-1f61-473e-a2e7-8991e7af6049,"7206010003000800 - UMKM - 1",7206
7aceb08d-263f-45c5-9587-5e8b8c34bc34,"7206010003000500 - UMKM - 2",7206
c6bc495f-440e-45d7-81f6-a100470fe659,"7206010003000500 - UMKM - 1",7206
051cc5f7-bcd2-4aa7-b7e7-96a1bc738b1b,"7206010003000700 - UMKM - 6",7206
822cb96c-3057-4529-900e-a005fbfbb57f,"7206010003000700 - UMKM - 4",7206
14f61603-04d9-4e8e-ae31-c1d4124a6357,"7206010003000700 - UMKM - 2",7206
f0acdf0b-0343-4ac2-b857-dd427795e8a9,"7206010003000700 - UMKM - 5",7206
a15ec2db-0ca1-41b1-a318-04347be21fcf,"7206010003000700 - UMKM - 3",7206
6d565146-2884-4a9a-9954-4061ec16ddf2,"7206010003000700 - UMKM - 1",7206
b75c3097-81d3-4a13-9e92-1057693d2685,"7206040015001900 - UMKM - 1",7206
4edcebaf-ce1a-4eac-b3ae-963e9ea02a00,"7206040015002801 - UMKM - 3",7206
44587c37-d0e1-44fb-a855-17680f6f9a0a,"7206040015002801 - UMKM - 5",7206
29f4e938-b3b6-4b9e-ba83-f0ac5bb8f325,"7206040015002801 - UMKM - 4",7206
d295f364-6f2a-44b8-9dbb-bba275414468,"7206040015002801 - UMKM - 1",7206
e8b23b15-cab3-42d2-8ea6-e95911b4cd92,"7206040015002801 - UMKM - 2",7206
2be0e53b-172f-4214-8097-64f08172428b,"7206040015002600 - UMKM - 3",7206
d44cf7b7-e5b0-4c1f-a325-d0458086cbb2,"7206040015002600 - UMKM - 2",7206
c273c493-e884-4470-b14e-5c5b3a0dc5fc,"7206040015002600 - UMKM - 1",7206
c5cd6fe8-e98e-43b8-916e-984990b776a1,"7206040015002200 - UMKM - 1",7206
e89addc9-9499-4b75-bb44-6b9666f1a2ce,"7206040015002700 - UMKM - 1",7206
78d66833-a214-4ffe-b3c6-9df70710f176,"7206040015003000 - UMKM - 1",7206
7a2dedf5-e69d-499b-b9ca-e202161e7ebc,"7206040015001600 - UMKM - 1",7206
da771b5f-59e5-4124-a257-ae761f7d7585,"7206040015002000 - UMKM - 1",7206
8e0e7000-9bba-4e48-9814-8925d2c78a34,"7206040015002500 - UMKM - 1",7206
faa4839b-018d-4432-819e-4d793aa7c799,"7206040015002500 - UMKM - 2",7206
4be84360-25d5-4503-9db7-588b42dd55d4,"7206061004000101 - UMKM - 1",7206
502b76f9-c0da-4789-8657-418eca7399f7,"7206061004001000 - UMKM - 1",7206
cdfb89fa-dae3-4bb5-8181-ae372a745e05,"7206061004000500 - UMKM - 1",7206
d10595e8-e326-4646-8056-dd708eb7ea71,"7206061004000702 - UMKM - 2",7206
6f1547bf-887d-4b97-b55c-0140ec9082aa,"7206061004000702 - UMKM - 1",7206
94ea0f13-dcee-44b3-9827-e01ed31c38d8,"7206061004000701 - UMKM - 1",7206
91c445e4-10c0-4d42-8085-d1695cf29048,"7206061004000300 - UMKM - 1",7206
fd091473-3813-4a5c-abc4-02bf469a0180,"7206040017003000 - UMKM - 1",7206
d706e62a-48cf-4c11-abc4-951c2fe98470,"7206040017002900 - UMKM - 1",7206
405c258f-9a0b-478a-b9cb-c2d8acae9a9c,"7206040017001500 - UMKM - 1",7206
6612b285-aad1-40cf-a945-aa6a47f54acc,"7206040017002600 - UMKM - 2",7206
d1449f0f-d604-48b1-91bc-a5fa74fcacd9,"7206040017002600 - UMKM - 1",7206
535ad98b-ea48-4b46-ada6-8ca84cbad0a1,"7206040017002800 - UMKM - 1",7206
50dc627c-9489-48f0-a988-37b1d5b8e4d0,"7206040017001900 - UMKM - 2",7206
e13a615f-282a-4034-97a0-1905b344c7ba,"7206040017001900 - UMKM - 1",7206
c0220308-1189-47ed-a176-190249bb0bfc,"7206040017001900 - UMKM - 3",7206
eea1ffba-c26d-48e7-b5b3-6f4310e07c22,"7206040017002400 - UMKM - 1",7206
7780ea7c-4d72-4d0c-af17-4a4895da2450,"7206040017000200 - UMKM - 2",7206
4e4b9b17-6594-4f83-9085-c155cc9b3ee4,"7206040017000200 - UMKM - 1",7206
6a5129e1-f636-428a-9b37-e6de369cb787,"7206040017001100 - UMKM - 1",7206
177fbe3d-def9-49ab-83e2-04963e2adbbd,"7206040017001000 - UMKM - 1",7206
e2551048-d3ff-46f0-bb39-a7608d801e3d,"7206040017000800 - UMKM - 1",7206
89fa8f77-3f10-4ed0-b9df-b139d61e7d78,"7206040017003101 - UMKM - 3",7206
4eaf518b-bebf-40f9-8d45-43f5638dc7e2,"7206040017003101 - UMKM - 2",7206
93434e42-9793-475f-9553-e5227433694b,"7206040017003101 - UMKM - 1",7206
11c58ed1-3892-497c-9b99-6f255ca07945,"7206040017003102 - UMKM - 3",7206
e808a8e1-abba-4017-973f-48b1164dff95,"7206040017003102 - UMKM - 2",7206
624ab37a-0459-4b14-b771-e9f7248fcf8c,"7206040017003102 - UMKM - 1",7206
ede5d484-2065-441f-890a-db36ccb66319,"7206040017002100 - UMKM - 1",7206
c00856e4-5b6f-4c91-9ef5-76a0b8ed3312,"7206040017003300 - UMKM - 1",7206
4e8239ff-de01-4f60-a288-da5985e71f8c,"7206040017003300 - UMKM - 2",7206
0cdd7ce8-2c46-4bfa-909e-85c3173397dc,"7206040017002500 - UMKM - 3",7206
489f52c9-bd14-4424-b50b-9e77ee3bc06c,"7206040017002500 - UMKM - 1",7206
8d392099-885a-4035-a6be-864ba865e1ab,"7206040017002500 - UMKM - 2",7206
32c111bb-4286-4755-9f8a-a86c9b509fbb,"7206040017003500 - UMKM - 1",7206
1c24b520-4198-4cda-b273-a77228a7522a,"7206040017003500 - UMKM - 3",7206
42f41838-65eb-4046-a6ed-58cf7f9654c2,"7206040017003500 - UMKM - 2",7206
4ca1464a-3b4c-4a77-9573-59a92904a28b,"7206040017001700 - UMKM - 1",7206
4de79a0b-906a-4e44-8c6e-c6bb9f7994b5,"7206040017003802 - UMKM - 1",7206
7fb2b142-46b7-448c-9a62-b0824cffb069,"7206040017003802 - UMKM - 2",7206
91f5000b-f33d-4bb1-b557-da6a26f3c68e,"7206040017003801 - UMKM - 1",7206
73027506-19d3-4e65-b4b8-f08d655a9290,"7206040017002000 - UMKM - 1",7206
e7898f10-e8de-43b9-a9b6-bfdaf2fcc519,"7206040017001300 - UMKM - 1",7206
47831e27-2394-478a-b32d-69f11648c852,"7206040017002200 - UMKM - 1",7206
153363bd-827b-4177-b125-c70615717f4c,"7206040017003200 - UMKM - 2",7206
0e7827a8-47f0-41be-a5d6-f8ba0dfd052c,"7206040017003200 - UMKM - 3",7206
049a9401-b7f2-4ac9-bb65-73ab59da2ba0,"7206040017003200 - UMKM - 5",7206
32793851-eb1a-4b72-bc8e-7608b13318f0,"7206040017003200 - UMKM - 1",7206
66d912cf-3b15-41cd-832b-3f2a212a8a77,"7206040017003200 - UMKM - 4",7206
f8d48a64-12ea-45a7-9737-8b49d3dcc59a,"7206040017003400 - UMKM - 1",7206
be338b8f-3643-45bb-9756-ddd0aaab8be8,"7206040017003400 - UMKM - 2",7206
f22deec3-55e4-42ce-a738-ba8fb06f9195,"7206040017000500 - UMKM - 1",7206
3cd28bd7-ac52-4f22-b895-3ceef321fdd2,"7206050008000102 - UMKM - 1",7206
bc59c432-5efd-470c-803c-79fd4a2f5672,"7206050008000402 - UMKM - 1",7206
ade39a0f-d2d8-42e2-a1d1-613e12d45c90,"7206050008001100 - UMKM - 1",7206
b0bff11e-91a6-4f57-a1a1-f4e20a4cad9a,"7206050008001000 - UMKM - 1",7206
6e8f8bbb-0391-4bf8-a4f0-b5de1416a271,"7206050008001300 - UMKM - 1",7206
e675895e-b949-4fa5-b712-c4b80ed8a0f6,"7206030010001000 - UMKM - 1",7206
cfba3c66-ad01-419c-992f-3dcdc369e13e,"7206030010001000 - UMKM - 2",7206
033f6a7e-e079-42e2-aeb1-9c70a3ad4dfb,"7206030010000800 - UMKM - 1",7206
61931530-15b3-4e11-988c-9bf86c1ea234,"7206030010000900 - UMKM - 1",7206
f32d4e1e-10eb-4be2-bd3f-81dc98c8cbc2,"7206030010000200 - UMKM - 1",7206
2b80ea85-41f3-41d4-bb2f-f5457916caa2,"7206030010000200 - UMKM - 2",7206
6cf31044-a9a5-4a12-a23d-cc8c83085189,"7206030010000700 - UMKM - 1",7206
264727f2-91e5-4dd4-bcc7-e0de38f607ed,"7206030010000700 - UMKM - 2",7206
d3842b67-e0ca-4fa8-a634-898704cfc634,"7206010004000200 - UMKM - 1",7206
bf670ae6-060e-4b47-9971-d26649321abf,"7206010004000200 - UMKM - 2",7206
54e2d10d-d46f-4cca-80f0-136dc6f6a49d,"7206010004000302 - UMKM - 1",7206
814f7153-32c4-4e70-94f1-58f5d321e44c,"7206010004000302 - UMKM - 2",7206
de7268f7-f79f-4ff3-8f76-5dde350a6027,"7206010004000302 - UMKM - 3",7206
540bcc8f-71ad-495b-b35e-754f532b482a,"7206010004000100 - UMKM - 1",7206
c698d8bc-dcd6-4917-a6a7-bb8523626ee1,"7206010004000800 - UMKM - 1",7206
cd3a9cc4-3ca9-47f3-ad7a-11fcfd2eb283,"7206010004000800 - UMKM - 2",7206
5c225e79-5d3d-4120-9150-84010fa17298,"7206010004000700 - UMKM - 1",7206
b5fc5084-4d15-4611-bb3b-a09f4d4130ed,"7206030007000300 - UMKM - 1",7206
b5ef1563-3dea-4361-8342-9fea4f52bd53,"7206030007000700 - UMKM - 1",7206
5f71b956-0b51-459f-a8ba-6bca84585780,"7206030007000100 - UMKM - 1",7206
bcea4d50-e0c8-4cad-aded-98ae76a47e1c,"7206030007000200 - UMKM - 1",7206
ceba4849-4eec-4c42-9eea-64d44699b68d,"7206050001000600 - UMKM - 1",7206
6fc286ef-e66c-406e-bed0-7f747dc960df,"7206050001001400 - UMKM - 1",7206
a5174e38-aa29-4cd4-9360-baeb8ec36ae2,"7206050001000400 - UMKM - 2",7206
ae17cc56-6c6e-4ff7-8bb1-9d7eca9a095e,"7206050001000400 - UMKM - 1",7206
0cc0f9af-004f-4017-9b3e-043b5c6c54a6,"7206050001000800 - UMKM - 1",7206
6b4b5c15-e516-428f-ac97-1a602375852c,"7206050001000500 - UMKM - 1",7206
32d3b99a-6740-452a-985e-cd8b8e4073ad,"7206050001000500 - UMKM - 2",7206
400150bd-fc99-4a1f-9f40-abe57e1cf018,"7206050001000500 - UMKM - 3",7206
5078b3a9-8c22-47f2-8d51-14a6cd85bce5,"7206050001001300 - UMKM - 4",7206
fcf4d3f3-7344-48e1-9cea-7dec46953c1e,"7206050001001300 - UMKM - 2",7206
401d7166-8f49-41b3-98a0-523d9f46c9a2,"7206050001001300 - UMKM - 3",7206
982d3ae3-9f34-4f6d-9ba1-34588e3b9cbc,"7206050001001300 - UMKM - 1",7206
54b788cd-1ec8-40fd-9c3b-1a12b2c6ac43,"7206060007001200 - UMKM - 1",7206
79871274-489e-478c-af42-114fd4c471c3,"7206060007001700 - UMKM - 1",7206
c7b6f044-0f26-4596-8334-602f435f48d8,"7206060007000101 - UMKM - 1",7206
b23699ec-b7cf-4d65-8388-3bc4bc219090,"7206060007000101 - UMKM - 4",7206
a443742f-c466-4035-8c3c-247aec346cc4,"7206060007000101 - UMKM - 3",7206
aba21e7e-5d04-47d9-aafc-0463918738da,"7206060007000101 - UMKM - 2",7206
3e59ddd8-e710-4434-b16a-ef47a7a33d17,"7206060007000102 - UMKM - 1",7206
1fe06c09-3330-41b6-b01e-647b432a2b50,"7206060007000400 - UMKM - 1",7206
3fdae217-faf5-4240-9779-873b8e799d1d,"7206060007001400 - UMKM - 1",7206
d244333b-df0d-4219-b334-9cebd8e7a7fa,"7206060007000600 - UMKM - 1",7206
a428eac0-1832-43a5-8de7-e98234c41198,"7206060007001600 - UMKM - 1",7206
6aa10af2-9384-4a4f-acad-92b84c2a70cb,"7206060007001600 - UMKM - 2",7206
f5313a94-d020-4279-91be-a0926a30b1e1,"7206060007000800 - UMKM - 1",7206
576060ea-97c7-47cd-86fb-a0d380767790,"7206060007000500 - UMKM - 1",7206
fe30cb7e-e8a8-4a3a-a78c-8d30f04064fd,"7206060007001300 - UMKM - 1",7206
0796f8a9-51f0-4e86-8330-1f9b0198e775,"7206060007001300 - UMKM - 2",7206
4d8ca23d-451f-47a6-adb7-9d8541f4699c,"7206060007000300 - UMKM - 1",7206
8bedc38e-8c6b-405f-808d-f6f287027265,"7206060007000700 - UMKM - 2",7206
95895672-5c4c-4e09-9e0a-52e11489528d,"7206060007000700 - UMKM - 1",7206
2aae26b6-44b1-4e07-93bf-c0d64672398a,"7206060007000202 - UMKM - 1",7206
11a281d0-1591-4881-bae0-93af2804515f,"7206060007000202 - UMKM - 3",7206
77138089-5a48-4672-b7a2-a73a9c9abb32,"7206060007000202 - UMKM - 5",7206
b8641b7b-c337-46f5-8fc5-73ad567751ce,"7206060007000202 - UMKM - 2",7206
b488c7fa-4185-4671-8792-63d9b840bda4,"7206060007000202 - UMKM - 6",7206
b75a78e7-69c8-4046-a5ed-c9f022b5431a,"7206060007000202 - UMKM - 4",7206
05e60c2e-0f12-4df9-ba56-fa000f551a9b,"7206060007000201 - UMKM - 2",7206
506ea812-00a4-49e7-87a5-5be1bca1660c,"7206060007000201 - UMKM - 1",7206
79849976-85c0-47c9-b9e9-64634cef9405,"7206060007000201 - UMKM - 3",7206
4c9b011a-ec0d-48a2-ba1d-e0a5ee7563fd,"7206040013002100 - UMKM - 1",7206
0c40b8ba-dbd2-4903-b1d1-d14e595eb9f2,"7206040013002100 - UMKM - 2",7206
8e063ae0-0970-408e-b225-9166fddbd5f9,"7206040013002100 - UMKM - 3",7206
f9cf0f80-68e4-453c-8ec9-82e93d4b8062,"7206040013003000 - UMKM - 1",7206
34959934-2cbc-4db4-80b4-b3a6977f368c,"7206040013002300 - UMKM - 2",7206
6c7d53d5-7f42-47f7-9c03-548044aefd61,"7206040013002300 - UMKM - 1",7206
044a55be-a23a-4b77-8900-f731ff808ac4,"7206040013000400 - UMKM - 1",7206
14575e43-5a56-4f84-90cd-703b7fe576b9,"7206040013000400 - UMKM - 2",7206
8dbcc8c5-f15f-44b3-a938-7b9303b27a13,"7206040013000100 - UMKM - 1",7206
6384fa98-468a-4827-8324-1a0db957fa9c,"7206040013000100 - UMKM - 2",7206
83188ebc-c3ff-46eb-9ee7-a4695357cce9,"7206040013001100 - UMKM - 1",7206
5a292a8a-667b-425f-a635-673f1fa76b66,"7206040013001300 - UMKM - 1",7206
b534ebb6-3703-4b5e-8128-74553d9e4efc,"7206040013001200 - UMKM - 2",7206
86678837-e2c4-42a6-8d60-f7be7c9fe398,"7206040013001200 - UMKM - 3",7206
cecaf0e3-6160-438d-bcf6-fffc75e944d2,"7206040013001200 - UMKM - 1",7206
4cc26db8-796b-4846-a234-50d153bc37d0,"7206040013003200 - UMKM - 2",7206
98980a86-cfe8-4ade-b878-68c7fd55c0e1,"7206040013003200 - UMKM - 3",7206
b070d5d5-5a64-4f46-a06a-eabb29a55471,"7206040013003200 - UMKM - 1",7206
7d56863f-3e56-437d-b530-152c15be0dfc,"7206040013003200 - UMKM - 4",7206
a67c6563-afce-4eff-8b41-f6012f0c0bf8,"7206040013002400 - UMKM - 2",7206
ad110e1f-078a-4210-b14b-1a39d574ef2e,"7206040013002400 - UMKM - 3",7206
b2da093a-cd2f-46f9-b1c7-d3c4bfe18947,"7206040013002400 - UMKM - 1",7206
6f4d0de5-6a98-4ce5-b7c3-8bb0c90cf7c7,"7206040013002400 - UMKM - 4",7206
c55c2a1e-c6ce-4237-b07f-578593063fdd,"7206040013000800 - UMKM - 1",7206
138550d9-45fb-4c96-abee-245f4638256d,"7206040013001000 - UMKM - 2",7206
d353ec20-b078-482e-aab4-c435c868af7c,"7206040013001000 - UMKM - 1",7206
0244e4b1-8a26-466e-9eb9-c4db687fdb19,"7206040013001000 - UMKM - 3",7206
4c848f42-2145-4c06-9915-a6ccc685297b,"7206040013002900 - UMKM - 1",7206
e1052557-5af0-481d-96ed-b2dabc0923d7,"7206040013001600 - UMKM - 2",7206
ff7724fb-108f-4e27-8c96-11bf2e412da6,"7206040013001600 - UMKM - 1",7206
9d48f0f7-6213-45bc-8265-1cd11484876e,"7206040013001600 - UMKM - 3",7206
17dd4f68-847e-4a1f-8cfb-da95b892fed9,"7206040013000301 - UMKM - 1",7206
fd3a574b-2fcc-44d9-aa3f-9ab61a89880d,"7206040013000302 - UMKM - 6",7206
dcc93e24-5780-497c-879f-ac13936ffdad,"7206040013000302 - UMKM - 4",7206
41d9306c-4773-43c6-83b4-dfabf578a228,"7206040013000302 - UMKM - 3",7206
d8b60619-9671-4e1b-b337-2e13d180dca2,"7206040013000302 - UMKM - 5",7206
7c1f5706-ebf1-4016-97e0-45ad23e16259,"7206040013000302 - UMKM - 1",7206
f646a100-3425-4c35-9152-146f6c64ea64,"7206040013000302 - UMKM - 2",7206
4b87e3e9-6687-4dab-bf30-c45132b4ce27,"7206040013000302 - UMKM - 8",7206
7a8944c5-a5de-46eb-aef5-a3026d38953d,"7206040013000302 - UMKM - 7",7206
fa87d890-4b16-4da3-87fd-9917ecfc79a2,"7206040013003500 - UMKM - 1",7206
88b14e47-433f-49ba-bc23-4c52ed33220b,"7206040013000600 - UMKM - 4",7206
2d83e49b-e9b8-4ee9-b8ff-4f94df6e7dd0,"7206040013000600 - UMKM - 3",7206
662120e4-2b16-41e5-b35b-8d80f9105d16,"7206040013000600 - UMKM - 7",7206
0b7312f9-8c2f-420e-9675-f04fde20b8db,"7206040013000600 - UMKM - 6",7206
4db4a056-5db9-4803-a62d-4d498276eae3,"7206040013000600 - UMKM - 2",7206
a8315ae7-7589-46de-bbd9-e46bcc53550e,"7206040013000600 - UMKM - 1",7206
0d03d657-8d26-416e-8476-55db8330fa2e,"7206040013000600 - UMKM - 5",7206
01c8ee3b-0759-468b-863e-5a6bec9f3e03,"7206040013000500 - UMKM - 2",7206
895b4371-2fd4-433f-a524-310977d6efcd,"7206040013000500 - UMKM - 3",7206
46a8871e-2e61-47af-9273-f1dfaeaaeb39,"7206040013000500 - UMKM - 1",7206
81fc399b-1ae0-4257-a337-7be07809e995,"7206040013000202 - UMKM - 2",7206
9e0eccb0-2634-4629-81fa-1629999f0b84,"7206040013000202 - UMKM - 5",7206
c1b8dc7c-7ae5-4781-8882-978857106f8e,"7206040013000202 - UMKM - 4",7206
25fcb0bb-5069-4d9a-9b75-fd7d1d9ad2f4,"7206040013000202 - UMKM - 1",7206
cd470640-5a68-4c10-8ead-07b758b4f9aa,"7206040013000202 - UMKM - 3",7206
96cbeda4-e8ba-423a-b520-3b116b27a563,"7206040013000201 - UMKM - 2",7206
b91cfdbb-7340-46fc-9ba2-762e370d5bf9,"7206040013000201 - UMKM - 1",7206
847eb370-9d85-4960-9512-09f18568e256,"7206040013002700 - UMKM - 1",7206
650ad871-39a5-483b-8b48-732efb9d776f,"7206050012000400 - UMKM - 1",7206
39d16500-ca5a-4e99-a7e7-39d10914acd5,"7206050012001500 - UMKM - 1",7206
bdce8fdd-5a70-4f7e-b41b-41d87fb0ce70,"7206040019000600 - UMKM - 1",7206
d79a0a51-35d2-420e-aaf1-d14310791ed7,"7206040019000700 - UMKM - 1",7206
060a388d-51f9-465f-8565-f6c570de9f64,"7206040019001300 - UMKM - 1",7206
06f3f476-25ee-4f0a-b5a4-06b4f250b7b1,"7206040019001300 - UMKM - 2",7206
69c90e7f-efc6-44c9-85b5-e1ed63dbee48,"7206040019001000 - UMKM - 1",7206
0e22a885-6695-4890-9cda-7d26fc547f21,"7206040019000400 - UMKM - 1",7206
83eb09f9-bdb4-425f-94cf-eb32645891ef,"7206040019000800 - UMKM - 4",7206
e0707e17-50dc-4d3c-aa02-6cd93400cf42,"7206040019000800 - UMKM - 2",7206
5f3db1f2-1c5e-4ce6-be6e-8aca43882154,"7206040019000800 - UMKM - 1",7206
d22d7e1b-f453-44d6-9644-c3a509ad2806,"7206040019000800 - UMKM - 5",7206
9050f470-d240-4fe9-b60a-b1a790c21bea,"7206040019000800 - UMKM - 6",7206
042159a1-3a84-469a-8e5d-12f50fcf792d,"7206040019000800 - UMKM - 3",7206
fd22f55b-aeb0-411a-a178-8201cf008036,"7206040019000900 - UMKM - 1",7206
dd64577a-12c0-419b-9a7c-d60d63121dab,"7206040019000500 - UMKM - 1",7206
1683c02c-a328-43bc-bdb7-c3c64f745406,"7206050003000900 - UMKM - 2",7206
5f8107a3-af26-4943-89a4-f25aa73454b5,"7206050003000900 - UMKM - 1",7206
5775f5f9-103b-42e0-be8b-4843c2c87a4d,"7206050003001000 - UMKM - 1",7206
c749d2b7-5fa4-4501-969a-5b07c0f1fdc0,"7206050003000500 - UMKM - 1",7206
878fdecc-9224-4631-a7cc-c60693e20b84,"7206050003001300 - UMKM - 1",7206
96904f36-04d3-47d0-b031-ed7b5871741c,"7206050003001300 - UMKM - 2",7206
6adaa44e-2258-42f7-9b49-5bffe4e895f6,"7206050003000200 - UMKM - 1",7206
32882f55-c352-4674-aaee-923699dd744a,"7206050003001200 - UMKM - 1",7206
6712a450-c9ff-425c-a596-5e5cc50fecf3,"7206050003001200 - UMKM - 3",7206
fbcad636-5889-4ed1-adb3-d304e4ac7b36,"7206050003001200 - UMKM - 4",7206
2c9db8f8-65e6-48c4-ba71-46f06432b241,"7206050003001200 - UMKM - 5",7206
9ddaf23c-f626-4b88-90a0-90275000f8b2,"7206050003001200 - UMKM - 6",7206
748f8b25-50f7-4b5e-af5b-0506c7746efd,"7206050003001200 - UMKM - 2",7206
2c1b6d81-88f0-4ee0-bc3e-a124fece0ba8,"7206050003000100 - UMKM - 2",7206
2ba338f9-1d24-4313-b21d-351d8e53a17a,"7206050003000100 - UMKM - 3",7206
7d5efb4f-f71b-48d2-ae64-a975ebf29f65,"7206050003000100 - UMKM - 1",7206
c852aaf1-8ae4-42cb-b6a6-43536609fc1e,"7206050003000400 - UMKM - 1",7206
3eea97bd-4378-4cf3-bd66-f16e5ece94ae,"7206050003001400 - UMKM - 1",7206
d48ca7ef-d5c7-4cda-bffe-afed176384f2,"7206050003001500 - UMKM - 1",7206
674410da-c738-4412-af10-0dceebacffce,"7206050003000700 - UMKM - 3",7206
0f6b4d30-7726-43ef-8ea3-50c28ce76597,"7206050003000700 - UMKM - 2",7206
668321d3-0df7-4964-85e2-a38543f701c6,"7206050003000700 - UMKM - 1",7206
669d8374-9d4d-4dcb-aa19-3c20a56621a8,"7206050003001100 - UMKM - 1",7206
857a145f-b6a2-4059-8db0-72dc93fb8db6,"7206050003001100 - UMKM - 2",7206
b2f3c8d7-519e-4284-b3f1-6b5b9b32a718,"7206050005000700 - UMKM - 1",7206
ba46ed20-cbea-48f1-b250-8ef319668e0f,"7206050005001500 - UMKM - 2",7206
6b534094-0a8c-41c7-bed6-017b109efa37,"7206050005001500 - UMKM - 1",7206
b7674089-1659-4d33-a78b-47ff8f72bb23,"7206050005001500 - UMKM - 3",7206
b202f954-db2d-4ad7-908b-32367da1bfbd,"7206050005000100 - UMKM - 1",7206
bc30e2e1-b7e8-4a25-912b-a0c6ad83a621,"7206050005000300 - UMKM - 2",7206
202c0b1b-ee79-4ee3-a216-b952c81e9ac9,"7206050005000300 - UMKM - 1",7206
9037677a-c3e0-44e0-8025-71d558e1f813,"7206050005000400 - UMKM - 3",7206
136c13fb-47b9-482c-b9a3-51d04e3d9b10,"7206050005000400 - UMKM - 1",7206
53777c03-65c8-4cc9-be44-69ec60ed0c48,"7206050005000400 - UMKM - 2",7206
a48fa146-a74f-4674-9b8d-44f6a79c6cf4,"7206050005000900 - UMKM - 1",7206
f73cab31-5d92-4ebb-bfb8-d94f0d4d1956,"7206010012000200 - UMKM - 3",7206
7224dc19-77c7-4315-a083-783c1a47b03f,"7206010012000200 - UMKM - 1",7206
68b3135c-e003-4238-bb83-56387b6b6b93,"7206010012000200 - UMKM - 2",7206
7a868048-43bc-4793-96e4-366dc81e9a43,"7206010012000100 - UMKM - 1",7206
d982712c-f34b-4502-8909-b544b9d3ca65,"7206030009000600 - UMKM - 1",7206
38661a8a-f066-48e8-b01b-65357f0b2968,"7206030009000600 - UMKM - 2",7206
b3da9f7c-e7b7-48a0-a19f-b2bac3c4978e,"7206030009000300 - UMKM - 2",7206
437f7e26-e1f1-4bb3-bde2-e093153db0cb,"7206030009000300 - UMKM - 1",7206
9834845f-8e6f-49e2-8cc1-2b0e8f0279b6,"7206030009000300 - UMKM - 3",7206
e2084b28-807d-4958-9791-e5aacf0d1317,"7206030009000100 - UMKM - 1",7206
edc3ad80-1870-4e9d-8a23-52105bb586f3,"7206032002000900 - UMKM - 1",7206
b83dc08b-3be4-4360-8c37-d52b9b125aff,"7206032002001000 - UMKM - 1",7206
3086326f-a093-44a7-97ee-454b09d1f08a,"7206032002001000 - UMKM - 2",7206
f8b32714-9f56-4ce4-bb65-689676656bbf,"7206032002000100 - UMKM - 1",7206
09f646cb-654d-42e7-8bfc-8a6069e6c352,"7206032002001100 - UMKM - 1",7206
2dcc4d8c-84ad-41c6-8c35-40d7f4ef0bbb,"7206032002000400 - UMKM - 1",7206
ea1c901b-5d98-4f22-9a44-1f32ab56c1bf,"7206040014001100 - UMKM - 1",7206
42cb50cb-e355-400e-a6e5-8b0cbdb2ecf8,"7206040014001100 - UMKM - 2",7206
10b42a6b-ef9d-46a8-a0e6-179778f39c38,"7206040014001601 - UMKM - 7",7206
6a857fa6-fc3d-4652-94aa-9d3447b51c56,"7206040014001601 - UMKM - 2",7206
6ee9f151-ae6a-4a7c-bba0-8200f6a50958,"7206040014001601 - UMKM - 11",7206
2d2685e5-dc57-48ab-a4e1-398bb9aeca43,"7206040014001601 - UMKM - 1",7206
ca8a1662-4657-413d-b16d-6bcb84c13e8b,"7206040014001601 - UMKM - 8",7206
f1ed3749-af0a-42c7-b215-c85925e9aca2,"7206040014001601 - UMKM - 9",7206
beeaa6e6-4cbd-46d9-8f61-768a2cf8c915,"7206040014001601 - UMKM - 4",7206
e4022fb6-d5c7-4fdb-b0da-4d85bb5bcb8a,"7206040014001601 - UMKM - 10",7206
ac62ae2a-4e70-4982-b6f1-1720352ee1d3,"7206040014001601 - UMKM - 3",7206
b9546e07-74bb-4a1b-9de6-112acefe9202,"7206040014001601 - UMKM - 6",7206
2f09f221-95ae-4b37-9476-eb0e836f6ea9,"7206040014001601 - UMKM - 5",7206
4a6f7b0a-072c-4086-a4e3-bb9405b3297a,"7206040014001602 - UMKM - 1",7206
25418f99-c1d1-48d1-a1ea-8fe496f8d458,"7206040014001602 - UMKM - 2",7206
814663c4-c7c7-4a95-8c18-ff52daee191d,"7206040014001300 - UMKM - 1",7206
ff8b7d4a-fc54-4a07-929c-3eb8b6890c1e,"7206040014000700 - UMKM - 1",7206
70e616d7-0fe0-4f91-8ef9-028f7212f9db,"7206040014000100 - UMKM - 1",7206
9fff7d3e-f63f-41b2-b4bc-d510e80aea32,"7206040014000100 - UMKM - 2",7206
436076ff-b955-46d3-951b-d372f2a6c701,"7206040014001500 - UMKM - 1",7206
249ee962-559f-47a5-9261-f5ab3bccbcdc,"7206040014000801 - UMKM - 1",7206
39fe3434-f37a-4f44-bcb8-f75dc510b029,"7206040014000802 - UMKM - 1",7206
b95e7944-ba75-43fe-9d52-953546e89146,"7206040014000802 - UMKM - 3",7206
ece2c532-df49-44ed-b27f-c4cc003b7bf0,"7206040014000802 - UMKM - 2",7206
09747e01-abe7-4a33-9813-32e26b18a7a0,"7206040014001000 - UMKM - 4",7206
37e75f34-f4a5-447b-b103-143ecf232896,"7206040014001000 - UMKM - 1",7206
e10c941a-ba66-4914-854a-e04c2265a8e7,"7206040014001000 - UMKM - 3",7206
d84c31d6-feca-46af-8eac-2970823002d0,"7206040014001000 - UMKM - 2",7206
bf96878f-b8c7-41a7-afb0-c10c5bad13b0,"7206040014000500 - UMKM - 1",7206
e6c9433b-e023-4d11-ba8e-542e42556736,"7206040014000900 - UMKM - 1",7206
79115888-ac12-425b-ba2c-97da288a5e4c,"7206040014000200 - UMKM - 1",7206
0c99ee78-0efe-4be5-ad8a-1bddf7aae883,"7206040014000200 - UMKM - 2",7206
2022738a-19e2-490b-b23a-947b455b43fb,"7206040014000300 - UMKM - 1",7206
e1ce3ce5-720e-4797-9e9a-b5b3701ad946,"7206040014001800 - UMKM - 1",7206
4a75d493-4184-4a0f-bd41-d9b1e6e38ba5,"7206050011001400 - UMKM - 1",7206
b1feff25-eff6-4449-97f4-b0aa0e009420,"7206050011002000 - UMKM - 1",7206
008e9727-a6b6-4eb4-b9f4-e8261c692b6f,"7206050011001100 - UMKM - 1",7206
d1743c42-4535-4976-a48b-442471342f7a,"7206030012000100 - UMKM - 1",7206
ef1a4bae-933b-46c4-9433-9aac8f423e07,"7206030012001200 - UMKM - 1",7206
fa3d17a4-578e-41e8-bd74-96a6b519a8a4,"7206030012001200 - UMKM - 2",7206
cdada6a4-12a3-4f3f-b59e-a720103af27c,"7206030012001200 - UMKM - 4",7206
1712088f-4cec-42cf-b0da-429c191c49ac,"7206030012001200 - UMKM - 3",7206
ab743da3-1c99-420c-877b-2cd1805080a5,"7206030012001000 - UMKM - 1",7206
c7f62728-5880-440d-ae61-cd152f71fc5a,"7206030012001000 - UMKM - 2",7206
90a2ed6d-d915-489c-b68b-774813805f2d,"7206030012000900 - UMKM - 1",7206
f173ae1e-40e7-4446-9781-a145a9e7f27b,"7206030012000900 - UMKM - 3",7206
de04fccd-e3a3-4bce-8edc-8e7bc2c0dc1e,"7206030012000900 - UMKM - 2",7206
3117aa89-b394-4371-8a99-2820c08639fd,"7206030012001100 - UMKM - 1",7206
694effdd-9db5-406f-855e-89a47af4ae67,"7206040012001600 - UMKM - 2",7206
258c2ba4-94c3-4987-83d0-2020b40757b1,"7206040012001600 - UMKM - 1",7206
7f8ece54-219d-459b-80fc-5ecb4e352867,"7206040012001600 - UMKM - 3",7206
00eebfbf-a264-408f-8c6e-976249591459,"7206040012001500 - UMKM - 1",7206
5c5a3d09-ed50-4346-873c-39c90c837151,"7206040012001800 - UMKM - 2",7206
9e7f639a-4026-4bfd-ab79-ec1aeafbb533,"7206040012001800 - UMKM - 1",7206
b9b51722-4553-492b-8060-2dabb0d018a0,"7206040012002300 - UMKM - 1",7206
4cb65f31-0c51-46bd-a66f-a215fc6ecfb9,"7206040012001400 - UMKM - 1",7206
3a1e07ad-d666-41f6-8889-91bd7f2ff16f,"7206040012000700 - UMKM - 1",7206
79c24999-195b-477c-846c-9a6525eb60e5,"7206060006001100 - UMKM - 1",7206
c4b2bfe0-9c13-4061-9349-13fcf9f93d3f,"7206060006001100 - UMKM - 2",7206
782b84fd-2eae-4d7c-bd42-ebdc3a4fab77,"7206060006000100 - UMKM - 1",7206
7e9835d7-cfa1-4895-9e46-e48301b10db7,"7206050006000400 - UMKM - 2",7206
88f394d1-e2d5-4d72-a9c4-95c90d7b7c07,"7206050006000400 - UMKM - 1",7206
edb515db-d43d-40d6-b76c-998e8b028c60,"7206050006001000 - UMKM - 1",7206
2ed01c5e-c0c9-4937-9201-f0ec5c3cfa0a,"7206050006001000 - UMKM - 2",7206
98911f28-59fb-491b-81c9-58f07382c306,"7206050006000800 - UMKM - 1",7206
693352e0-d2f9-4965-a172-ae1051653365,"7206050006001200 - UMKM - 1",7206
95feb2e4-60f5-452a-ad9b-9d38417c638b,"7206050006001302 - UMKM - 1",7206
3671453a-9b84-4279-a6bb-74ce7112605e,"7206050006000900 - UMKM - 1",7206
386129ed-7f0a-4658-824c-a0ed3bb2e43d,"7206050006000700 - UMKM - 1",7206
b389bdac-681d-408a-832a-70ac42808464,"7206050006000500 - UMKM - 2",7206
18f330fe-4aeb-4fb0-b655-4582dde1a993,"7206050006000500 - UMKM - 1",7206
717552d4-c29f-49fc-a39f-2fed75f5b418,"7206050006000200 - UMKM - 2",7206
110fbe23-87fc-43e6-8c21-3978c71e8b3e,"7206050006000200 - UMKM - 1",7206
c0e2557e-0fb2-4428-ac97-0f2a4863cbe0,"7206050006000100 - UMKM - 1",7206
65515083-2f7e-43eb-86b2-618e28c5e296,"7206050006000600 - UMKM - 2",7206
56f3b989-59b6-4c89-98ba-8f7a2c9fdf90,"7206050006000600 - UMKM - 1",7206
e5049d05-3146-41b1-bb58-a033d72eecdb,"7206050006000600 - UMKM - 3",7206
4e0a2055-49be-400d-8c2b-e85fb8e266e4,"7206050006000600 - UMKM - 4",7206
7e01fa0a-648c-4064-a393-6386eb93eb25,"7206020002000100 - UMKM - 1",7206
d5a4c673-e461-46f5-ac8f-dc4dbb0c659e,"7206020002000200 - UMKM - 1",7206
f15110e6-bac3-4c96-8cfe-f55db596b3f4,"7206020002000200 - UMKM - 2",7206
fca47228-f033-494c-8f08-ef89edb5f905,"7206020002000200 - UMKM - 3",7206
a8f97f4f-198c-4f2e-9bad-b36e0993ac5c,"7206020002001200 - UMKM - 1",7206
54107093-c275-4ec0-bd44-ee317a779649,"7206020002001200 - UMKM - 2",7206
243b247e-d9db-478f-b962-886ec9e5306a,"7206020002000500 - UMKM - 3",7206
82a7368d-159b-4601-8f32-71994972b9a0,"7206020002000500 - UMKM - 1",7206
1c7b2080-5a8d-4e44-b6ae-659a4c1c6418,"7206020002000500 - UMKM - 2",7206
680d02e4-719c-4d6e-a9ef-ceebf4184000,"7206020002001600 - UMKM - 1",7206
1638b548-9a22-491e-bb4b-347f7c13b2f0,"7206020002000400 - UMKM - 2",7206
2858da47-9bfb-46b0-9acf-57d9b32e72b4,"7206020002000400 - UMKM - 1",7206
45be8b89-74ad-4148-9067-d38e7c3f7cda,"7206020002000600 - UMKM - 2",7206
3006f692-f7c4-4663-ae80-3be15a04378b,"7206020002000600 - UMKM - 1",7206
30520e60-dc54-4110-8845-f64d38dfd5c0,"7206020002001000 - UMKM - 4",7206
35b582e0-ee62-4209-a89b-fa964bceccaa,"7206020002001000 - UMKM - 5",7206
47989100-0add-4260-8a4d-4ab5f98e4161,"7206020002001000 - UMKM - 1",7206
af226eda-f14d-4032-855a-86d18480d386,"7206020002001000 - UMKM - 3",7206
f937247c-dfb4-42a9-aa39-0e1bf4672207,"7206020002001000 - UMKM - 2",7206
505dc6e6-6dd2-4558-8111-cef7970ed605,"7206020002001400 - UMKM - 2",7206
b8af7109-16de-4c1f-b2a5-68c3529935d7,"7206020002001400 - UMKM - 1",7206
c3496b98-7355-4b18-a379-ff79518a3a50,"7206020002001400 - UMKM - 3",7206
50c5eccd-95e9-40b7-8ed6-9e4c54e4bf9a,"7206020002001400 - UMKM - 4",7206
76362b0e-59ea-4f72-8e17-b6f30c103f47,"7206020002000900 - UMKM - 3",7206
f08487cc-5a3a-4949-b772-90fa7faca909,"7206020002000900 - UMKM - 4",7206
953ac9f9-3a1a-4229-9820-c9605306c89f,"7206020002000900 - UMKM - 2",7206
84f68c45-784f-4a82-8d3d-47d2cb318a7f,"7206020002000900 - UMKM - 1",7206
c3d10316-d041-49bf-bb1e-9c2fe807c730,"7206020002001100 - UMKM - 2",7206
c4451d1c-f4ca-4a74-b051-123790084fd5,"7206020002001100 - UMKM - 1",7206
4d93f11e-bac5-4956-9ebb-1f1742f0d7f3,"7206030002000700 - UMKM - 1",7206
6fc4e1bd-ce6a-42cc-b654-6b3f60d57ecc,"7206030002001000 - UMKM - 1",7206
7910b975-5e79-4277-89d5-4baf79c41194,"7206030002001000 - UMKM - 2",7206
c5f1a0fe-2779-46eb-a047-6ad730ab0de4,"7206030002000900 - UMKM - 1",7206
64a59f6b-b1a5-41bc-ac56-063216b0b48e,"7206010001000700 - UMKM - 1",7206
9a9314af-1a3f-4ea9-9c45-7178199d2dc1,"7206010001001000 - UMKM - 3",7206
5195592d-a649-4fd1-a849-cc9d55694651,"7206010001001000 - UMKM - 1",7206
39ea59e8-a5c1-425b-9565-0ebaabc367e3,"7206010001001000 - UMKM - 2",7206
121a0444-04e3-47dc-bbdf-634dd23ef6bd,"7206010001000100 - UMKM - 2",7206
42851413-a347-4cae-afd7-565e6bddcfc4,"7206010001000100 - UMKM - 1",7206
4c9a8af8-6709-41a0-ab90-a193d2af99bc,"7206010001000300 - UMKM - 1",7206
9924c381-54aa-4f7f-bd04-48ab17ec6b58,"7206040016000400 - UMKM - 1",7206
de2bb0e9-9380-460e-a1ab-3b89c81748b5,"7206040016000400 - UMKM - 2",7206
7344105a-9426-49c0-8fde-70684a9def9b,"7206040016002001 - UMKM - 2",7206
fca9e8df-555c-4dc6-9614-bdfff297ffb9,"7206040016002001 - UMKM - 1",7206
24331086-fe73-4e9e-a511-9d937f35a5d0,"7206040016002002 - UMKM - 3",7206
1a5a9b45-09bb-4176-9783-e8770e7e6eac,"7206040016002002 - UMKM - 2",7206
a0353dcc-d2db-4797-bf84-039d37c54850,"7206040016002002 - UMKM - 1",7206
5c2a60ad-896c-469b-a8a5-4ead439d1b7b,"7206040016003000 - UMKM - 3",7206
830161dd-0d32-40f9-a431-3039a25c712d,"7206040016003000 - UMKM - 5",7206
5b628a48-2dc7-4462-96cb-778cb8552b33,"7206040016003000 - UMKM - 2",7206
caca485b-e0b2-4df7-ad46-43a8a1f6e4d1,"7206040016003000 - UMKM - 4",7206
3a73ecda-0c17-4dcd-a7f9-b91c639aad19,"7206040016003000 - UMKM - 1",7206
71c26b54-1cde-424b-85a6-6eed09d09664,"7206040016001200 - UMKM - 5",7206
4f9e4d9c-15e4-4558-bebf-c5f5dbc2fe4b,"7206040016001200 - UMKM - 3",7206
56e41500-bec0-4a5a-9766-2ee2fafabc1c,"7206040016001200 - UMKM - 2",7206
6cb8ccca-653d-41bc-929d-51f629958d8f,"7206040016001200 - UMKM - 1",7206
374f2b3d-c2da-41cc-b4e3-b7f90623587d,"7206040016001200 - UMKM - 4",7206
ffafbdc1-eaea-4192-b84c-01bea443405d,"7206040016005300 - UMKM - 1",7206
07004e13-4e6c-4125-b787-2f7045e11110,"7206040016005600 - UMKM - 1",7206
cfcb0410-cb50-4b9e-9d82-80a323664a40,"7206040016005600 - UMKM - 2",7206
e70d45ca-4881-4bf0-8ff1-a2d96dadd29b,"7206040016004800 - UMKM - 1",7206
2728c719-23c5-49b7-a0c2-1cb8dc29a4b3,"7206040016003700 - UMKM - 2",7206
cdb1ccfd-bf0b-478d-881d-36240a97600a,"7206040016003700 - UMKM - 1",7206
7781eb2d-20d5-4d0b-88a2-cd98909c52f3,"7206040016000700 - UMKM - 1",7206
87aea88d-0de7-4ade-89e0-ad67787e8d9c,"7206040016000800 - UMKM - 2",7206
e3bb786a-1935-4550-ba0b-c6d1df00847e,"7206040016000800 - UMKM - 3",7206
3c209e78-31e3-4ae9-989e-a26b403a8cd4,"7206040016000800 - UMKM - 1",7206
b412885d-b763-407e-9cc1-8df6f2cca165,"7206040016000200 - UMKM - 1",7206
c6fe620a-d7f3-4aef-8cd5-8888f58ff7ea,"7206040016000200 - UMKM - 2",7206
5fcc575b-5367-4f88-87be-daab0899820f,"7206040016004300 - UMKM - 4",7206
94197a98-468c-448b-910e-ca9d8baa381f,"7206040016004300 - UMKM - 2",7206
fb91d856-2795-4f67-898a-3afe638bcb2f,"7206040016004300 - UMKM - 3",7206
a7effdfc-a62e-4036-b6b0-52d8e5ad2841,"7206040016004300 - UMKM - 1",7206
a992b16b-2ec2-4f9d-8580-b9b26c29ad05,"7206040016004300 - UMKM - 5",7206
ed3dd27f-2a29-4883-a8be-076ddab81d84,"7206040016003400 - UMKM - 2",7206
ea2af456-6551-4e78-b830-f554a32c3dba,"7206040016003400 - UMKM - 1",7206
7fbdac2e-aa8c-4021-b09f-4ddb9b888972,"7206040016001700 - UMKM - 1",7206
fcb89074-f7d0-43b1-8472-19b69e5a1b56,"7206040016005003 - UMKM - 5",7206
8c51f81f-224e-4e84-a048-01059732187a,"7206040016005003 - UMKM - 3",7206
d0f73979-50c8-47b2-b549-12d866148f35,"7206040016005003 - UMKM - 6",7206
90ef41c9-35c3-47d9-9e20-33356ad86438,"7206040016005003 - UMKM - 2",7206
edd0a6c0-a8eb-4879-9a09-83f07a1498f6,"7206040016005003 - UMKM - 4",7206
20073443-73c5-4dbc-9e80-cc3038981054,"7206040016005003 - UMKM - 1",7206
f166ef0a-6be8-4a61-ba09-df4429163be1,"7206040016005001 - UMKM - 2",7206
d7a1cad5-59a3-426b-9f6e-03cca95d5d7e,"7206040016005001 - UMKM - 4",7206
1b995276-5a39-49e6-a24d-514c11808043,"7206040016005001 - UMKM - 1",7206
93ffc5f4-bf46-44c1-8f14-da7227e21b65,"7206040016005001 - UMKM - 3",7206
071f64da-f641-4c1c-a6f1-a91811460255,"7206040016005002 - UMKM - 2",7206
ffc74614-3f5a-4655-917b-a4888d35ee00,"7206040016005002 - UMKM - 3",7206
5671397e-a7c0-4418-8516-4a869b069146,"7206040016005002 - UMKM - 1",7206
0a3820ee-459d-4cf9-8d15-2585e55bec41,"7206040016001500 - UMKM - 3",7206
9a2f6572-a305-4ae9-8f22-7b591679b641,"7206040016001500 - UMKM - 2",7206
1b698ae2-4093-479a-a00c-650363cb2f80,"7206040016001500 - UMKM - 1",7206
efc6b453-17a1-4f91-b022-33481986060e,"7206040016002500 - UMKM - 1",7206
9b3bce0a-5a0f-4409-a000-03f24551c45b,"7206040016004900 - UMKM - 1",7206
6ac01e9e-02ff-4370-8087-7668f83e978c,"7206040016004900 - UMKM - 2",7206
123106b6-8b27-4eff-8e6e-9e052550837e,"7206040016001601 - UMKM - 1",7206
03ff33cd-e33b-4efd-8e70-1590a89679bb,"7206040016003901 - UMKM - 11",7206
69ab9d37-41b5-45cd-bb45-cda339ae6249,"7206040016003901 - UMKM - 4",7206
88c36494-2b76-406b-a146-2ff4f10ec50b,"7206040016003901 - UMKM - 6",7206
ed4252cb-cec2-4de3-8cc1-15a8e813db41,"7206040016003901 - UMKM - 7",7206
1eb2798d-0bc6-4ed1-ac26-5cb2952da406,"7206040016003901 - UMKM - 9",7206
51b43f2e-d556-4859-82e8-554bd5f5b785,"7206040016003901 - UMKM - 5",7206
9a1153c2-e28e-4558-9f4e-cd93d9ff20e6,"7206040016003901 - UMKM - 2",7206
f1940680-0b8d-4782-a9c3-c8ac62f6b0b0,"7206040016003901 - UMKM - 3",7206
18928777-763b-4836-ae3e-1836f8a27142,"7206040016003901 - UMKM - 1",7206
48fb7178-8ebc-4670-8192-e09b2c07ceac,"7206040016003901 - UMKM - 10",7206
d9860bab-14c5-4667-8fe1-34a3a36b1abc,"7206040016003901 - UMKM - 8",7206
0b7fa8b1-b0af-492f-ae2b-a15edc1bfe24,"7206040016003902 - UMKM - 2",7206
fba65566-b685-422c-a484-684a81d7c55e,"7206040016003902 - UMKM - 1",7206
9d44f691-863c-4007-9b24-0cc03ffc97c2,"7206040016003902 - UMKM - 3",7206
a936fcc3-7e8b-48fc-a94f-73d300d12486,"7206040016003902 - UMKM - 4",7206
b8857786-e9ae-4607-af3a-b0b15cfb03d7,"7206040016001100 - UMKM - 1",7206
7b424a05-da62-484b-8167-4c3b1a877dcd,"7206040016005101 - UMKM - 1",7206
8892df8b-030f-46d7-aa85-1c304af239f0,"7206040016005200 - UMKM - 1",7206
8e0f132a-b147-418d-93db-0bd7bed4fe09,"7206040016005200 - UMKM - 2",7206
0e6bbb38-59ac-48b6-a019-94b7f5afa2ef,"7206040016005200 - UMKM - 5",7206
2907dc83-b029-4712-b17c-5b2db9120bbf,"7206040016005200 - UMKM - 4",7206
7cf3b975-71c9-4c7c-b594-8667051e6eb3,"7206040016005200 - UMKM - 6",7206
dc08c6cb-f0b8-46f7-840c-1b7544c3951a,"7206040016005200 - UMKM - 3",7206
9db10474-cef5-4074-8c04-6daac8c45be5,"7206040016002200 - UMKM - 1",7206
69326bbb-40d6-4e55-9f6e-4cf4ce8d3e50,"7206040016002900 - UMKM - 1",7206
e54bb6b5-8b5f-4a7b-a24a-021bb9299707,"7206040016002900 - UMKM - 2",7206
c7a4935b-e508-4046-a4e0-e39c0daa0369,"7206040016002800 - UMKM - 1",7206
8f9754d6-d5c4-44fb-ab73-5f5053dec48c,"7206040016004100 - UMKM - 3",7206
d92bd65e-a05e-4dcc-974f-4d67afbd1ddd,"7206040016004100 - UMKM - 10",7206
ad2958fa-02fd-43be-a57d-7cd7c65075cc,"7206040016004100 - UMKM - 11",7206
5e4d8d4c-011d-40e8-a129-4f154b51d3cc,"7206040016004100 - UMKM - 4",7206
9ab514d3-9fc6-4a34-aca8-c62a09d6b2c6,"7206040016004100 - UMKM - 2",7206
942c67ea-cf2c-4c99-ad8c-555fec0dbd85,"7206040016004100 - UMKM - 9",7206
6cf9a370-9993-421b-ac9a-ed2458ad7346,"7206040016004100 - UMKM - 5",7206
f8acd691-a5f0-408e-be2b-52ce6da6a1b2,"7206040016004100 - UMKM - 6",7206
b849368f-2c2f-4a58-8254-ad6208da2d3b,"7206040016004100 - UMKM - 7",7206
3cef9f35-0419-4833-b665-afaf4403ab99,"7206040016004100 - UMKM - 8",7206
63e9da18-04e4-4212-ac35-0078df6aca6f,"7206040016004100 - UMKM - 1",7206
aa158be4-3c3b-4534-95aa-84545b680c7f,"7206040016000600 - UMKM - 2",7206
7dc1284a-e1e7-4764-a179-192cdf6e549d,"7206040016000600 - UMKM - 1",7206
59019203-0034-43f0-bf9d-ecf4418345ca,"7206040016003100 - UMKM - 3",7206
7afadaed-9044-408d-9612-25e5598cc74a,"7206040016003100 - UMKM - 2",7206
5c2e6e91-563c-41d0-a4de-6949bbb56e7a,"7206040016003100 - UMKM - 1",7206
77543f09-ec02-4bca-aa60-2d8d69b45a98,"7206040016002400 - UMKM - 2",7206
6d4748f6-4e4f-4030-9b77-24ac5553a646,"7206040016002400 - UMKM - 1",7206
8887dd3f-1e37-4cbd-b4e5-875094ba3ac5,"7206040016002700 - UMKM - 3",7206
bb652aed-e491-4253-b81a-4d235ce8a608,"7206040016002700 - UMKM - 2",7206
57213714-b05c-4dae-a1d2-7e609f0ef5cd,"7206040016002700 - UMKM - 1",7206
adefe7e0-d987-43ca-9370-d730a28ece7d,"7206040016000900 - UMKM - 3",7206
4795abc2-92fd-44c0-acfb-9a80a020c988,"7206040016000900 - UMKM - 2",7206
ab559021-8421-48e3-ac17-6235d2368c31,"7206040016000900 - UMKM - 1",7206
c165e979-5b28-4774-bd8a-61e790b93589,"7206040016004600 - UMKM - 1",7206
579c46ab-8d1e-4a78-801f-87d56625879f,"7206040016001400 - UMKM - 2",7206
c67092ff-b8ef-4b1f-8dde-f924fcf0c69a,"7206040016001400 - UMKM - 1",7206
041a90d3-6d0c-49a5-ab84-5be2fef17f31,"7206040016001800 - UMKM - 1",7206
e950b7ad-99fe-44b9-852b-065ef4879197,"7206040016000300 - UMKM - 1",7206
1cfe01b0-b26b-40fa-8db8-b6b87c8f5394,"7206040016002100 - UMKM - 3",7206
8c42b3b0-783f-47e8-a5ea-568fa84ba434,"7206040016002100 - UMKM - 2",7206
ad231fc9-4556-4c1e-a1b5-7833431f164b,"7206040016002100 - UMKM - 1",7206
b3cfe91d-5c36-4704-b2ad-3589dd21f2d1,"7206040016002100 - UMKM - 4",7206
f0e57748-8602-487f-aaf3-504fe006280e,"7206040016000502 - UMKM - 2",7206
b345712f-9b6e-4d31-aa32-dfffb93e87c3,"7206040016000502 - UMKM - 4",7206
852ba688-9a24-46aa-87d0-3db8e6afaef5,"7206040016000502 - UMKM - 3",7206
3f9ac60f-33dd-4eb0-b049-9749e8bc5272,"7206040016000502 - UMKM - 1",7206
f472b85c-6092-4dee-af7e-4c70fa7cea4c,"7206040016000501 - UMKM - 1",7206
cb55506b-a9b9-44c7-9c55-c34576303b4f,"7206040016000503 - UMKM - 2",7206
3a86e8c3-5553-457d-82ec-a515a81ce67c,"7206040016000503 - UMKM - 5",7206
bbb8cc2e-6e7e-4a55-91e2-a1d52ded2d27,"7206040016000503 - UMKM - 1",7206
83d235db-d0a3-4e01-88d8-87c1d1be8814,"7206040016000503 - UMKM - 4",7206
9165db53-250e-40df-aa39-8dd13aaa37eb,"7206040016000503 - UMKM - 3",7206
3520b15f-279f-4627-9079-cf998b2398e0,"7206040016000100 - UMKM - 2",7206
79ad03af-801c-4965-b931-b08bde7c60da,"7206040016000100 - UMKM - 1",7206
135ba657-6594-4bc4-ba1c-c96e479fd844,"7206040016002602 - UMKM - 1",7206
c28f19e7-d631-4a0f-8631-58ccc253de75,"7206040016002602 - UMKM - 3",7206
1c7a8f9f-a193-4825-9a40-7f8d3b94334f,"7206040016002602 - UMKM - 2",7206
e84cb3ad-6373-4f96-88f0-012d2c590ffe,"7206040016002602 - UMKM - 4",7206
dcad1464-c494-483e-9228-93502441efbe,"7206040016001000 - UMKM - 1",7206
17f0fdca-af90-41c6-bd61-a6a9f62b7bc4,"7206040016001000 - UMKM - 2",7206
296e46d4-b5ab-436b-9b07-ae2afcd89f27,"7206040016001300 - UMKM - 1",7206
d8f433df-206a-40a6-90da-e41d03e8305c,"7207041008000500 - UMKM - 1",7207
0ac05bf9-ea0b-47fb-bda1-513cd4d720ce,"7207041008000600 - UMKM - 1",7207
f94dbb99-638b-4579-a48c-33661476ecac,"7207041008000100 - UMKM - 1",7207
632af8d2-70c5-4a2c-b745-c1b230946e86,"7207041008000300 - UMKM - 1",7207
eca5d897-4586-4e92-93d7-7d48ecddba5c,"7207041008000400 - UMKM - 1",7207
a84bf7c5-f946-4580-9088-406ee4680b71,"7207041005000400 - UMKM - 1",7207
36f0b878-39a2-4d47-af9d-95e160688ddf,"7207041005000100 - UMKM - 1",7207
c0324843-f2cb-4e5b-999d-ad0db5d22b77,"7207041005000700 - UMKM - 1",7207
fa9179a4-dd16-4bb3-98cd-ec1660d7c3c0,"7207041005000500 - UMKM - 1",7207
64878fb4-463e-41f1-857d-02d5c06d0d0d,"7207041005000500 - UMKM - 2",7207
d65d9956-bf41-4fdb-aaa1-b34167fc6243,"7207020021000200 - UMKM - 1",7207
e5bcc84f-19f0-422c-9870-f954a753e757,"7207020021000400 - UMKM - 1",7207
5ad6682a-7dd8-4269-b01b-72ef146ba962,"7207012002000300 - UMKM - 2",7207
ba2039ac-3d4b-48a8-9b98-c27702721096,"7207012002000300 - UMKM - 1",7207
fd576f9c-6b74-47ff-9a49-f3717b677340,"7207012002000300 - UMKM - 3",7207
627cdd95-f3a1-4065-94ef-f407b52e436e,"7207012002000400 - UMKM - 1",7207
df073dda-f60e-4444-adbc-5ead4ce0d0bb,"7207012002000100 - UMKM - 1",7207
7144c411-bf3b-4462-b9f3-0338ae953040,"7207012002000100 - UMKM - 2",7207
33160eac-3cfe-4fa9-87c7-f891918a1f56,"7207020007000600 - UMKM - 1",7207
79c2781a-8760-4119-a095-7df0359424d1,"7207030006000700 - UMKM - 1",7207
2afa5bff-550d-4437-9bed-cb5c799a738f,"7207041011000100 - UMKM - 1",7207
3402f7de-31d3-4c4b-81c5-3239607680aa,"7207041011000500 - UMKM - 1",7207
33833f78-d275-4752-9627-a17103f7d39d,"7207050005000100 - UMKM - 1",7207
61337961-d341-4c0f-8f22-868f1b9fe7f7,"7207050005000700 - UMKM - 1",7207
90e23d28-6012-4aea-9714-fb953e1437ed,"7207050005200200 - UMKM - 2",7207
636be7b7-0d29-4344-98fe-969311632b9d,"7207050005200200 - UMKM - 6",7207
6e260210-032e-4732-977e-2d2c9a624c2b,"7207050005200200 - UMKM - 5",7207
975b69de-1e5e-4eb3-b042-52c70d24b443,"7207050005200200 - UMKM - 1",7207
8d333523-7780-4047-8689-bf49e46fae64,"7207050005200200 - UMKM - 4",7207
84f0285a-4359-4d37-989b-60c5da9da1cf,"7207050005200200 - UMKM - 3",7207
52c41288-f8ea-47a9-b45c-f5acf1a63def,"7207051003000200 - UMKM - 1",7207
b024938e-4177-4bde-b7c3-6ce695a55ecd,"7207051003000300 - UMKM - 1",7207
48faf344-021e-474c-88f8-220cc722749d,"7207051003000600 - UMKM - 2",7207
6e834e80-cfbd-48d5-9a09-6c5e6f8f39b2,"7207051003000600 - UMKM - 5",7207
feaa7193-a5b5-4642-a291-7ae977f4a719,"7207051003000600 - UMKM - 1",7207
b27d8c8c-b64d-431d-bdbf-5a387e41e665,"7207051003000600 - UMKM - 3",7207
3df53d8f-53cd-47ca-b219-9d7dc63f27f8,"7207051003000600 - UMKM - 4",7207
c0c31c54-b0ea-43f5-905b-ad509e3ead06,"7207051003000600 - UMKM - 6",7207
a3d0296b-387e-4b08-b8c5-d63f4a964a54,"7207051003000500 - UMKM - 1",7207
d485db42-f485-4ec0-8763-a4090d188091,"7207051003000500 - UMKM - 4",7207
102d368d-1570-490a-87c9-864b0e5917f7,"7207051003000500 - UMKM - 5",7207
87a8762f-2f17-4f72-b3e9-0ef3aa3b43e4,"7207051003000500 - UMKM - 3",7207
89caeb72-433d-4fcd-accd-cf25a577e88a,"7207051003000500 - UMKM - 6",7207
e2e88c32-d0a5-4006-abfa-74b107c8bf34,"7207051003000500 - UMKM - 2",7207
999ee4e5-d6ed-425c-877a-d06735939642,"7207031002000300 - UMKM - 1",7207
096d815f-ee29-41e0-9867-8251bf99f206,"7207031002001203 - UMKM - 1",7207
45ac5560-15d8-439e-a946-4a9a7f67ef0e,"7207040014100300 - UMKM - 1",7207
bba4b5dc-cb49-47d2-8a88-43771aacb540,"7207040014001500 - UMKM - 1",7207
25e54a28-0260-4a2f-958f-1bb1521be53e,"7207012007000600 - UMKM - 1",7207
df972899-f9d3-4f96-a6f6-c3635f8ecb95,"7207012007000500 - UMKM - 1",7207
fd568943-d87c-45ff-8b70-585381572c9a,"7207012007000900 - UMKM - 1",7207
697acbb4-4bd5-47d4-8660-4f720652d714,"7207012007000800 - UMKM - 1",7207
15237417-9cc1-4165-8d03-391aeaf05cd2,"7207012006000500 - UMKM - 1",7207
ddee3b8b-7c8f-4b50-936f-24943f6972cd,"7207040002000500 - UMKM - 1",7207
a5f2f5f5-52ea-41a2-8a00-6f3c14d58d3c,"7207040002001300 - UMKM - 1",7207
d1c208d2-7537-4b19-921c-8022d60dc3d4,"7207040002000800 - UMKM - 2",7207
ac72aade-539b-4bc3-8130-c8810d5e2411,"7207040002000800 - UMKM - 1",7207
3adba0e9-079e-4eab-a303-917d13eddd4a,"7207040002001400 - UMKM - 1",7207
dc7615f1-ebeb-47f5-854e-49dc56a972b8,"7207040002001400 - UMKM - 2",7207
067e1ec2-b8d3-4f7a-933f-e83cf9c0f516,"7207031012000101 - UMKM - 1",7207
d47c2505-6d91-4a7f-8e85-6ed3cb8aac6b,"7207031012000102 - UMKM - 4",7207
f3b3630c-421d-46a2-8bf4-8d81cb1870de,"7207031012000102 - UMKM - 3",7207
e72756cb-bf8d-4a4e-9337-476a8c07fbc7,"7207031012000102 - UMKM - 2",7207
f86755f1-e12c-4414-8cdb-80324c6a45c0,"7207031012000102 - UMKM - 1",7207
0c01e2c9-f93a-4ef6-abd3-bb60515e1e81,"7207040015001700 - UMKM - 1",7207
44c72ef2-fcb8-4a98-b145-520f6207d133,"7207040015001800 - UMKM - 1",7207
f94ce4ab-60ac-478c-856c-5f26036aa12f,"7207051001000200 - UMKM - 2",7207
e9ec51b3-f170-4b47-84b5-2b282035c1c5,"7207051001000200 - UMKM - 1",7207
25b3d39e-0680-426a-8805-34688bb974e4,"7207051001000800 - UMKM - 1",7207
25c57f8f-687b-422f-b3e7-55d57f8bca76,"7207020008000300 - UMKM - 1",7207
48dc7035-7173-46e3-8ae0-b0442a7c8ad4,"7207020017000100 - UMKM - 1",7207
59d2e15c-1ade-4ea1-9d63-cda64ea4d2eb,"7207020017000900 - UMKM - 2",7207
4dde5af6-c637-47a1-b21c-f8de39342fdd,"7207020017000900 - UMKM - 1",7207
5de8bcb4-a604-4d9b-a7f4-e942ae2c6b01,"7207010011000300 - UMKM - 10",7207
1dd31377-2148-4b36-a2d3-40e251f5f7e9,"7207010011000400 - UMKM - 3",7207
3ea9ce58-26fd-4c9b-ba61-dd38535c1080,"7207010011000400 - UMKM - 2",7207
ff5fa179-fb38-428d-bcf8-1a96f88bfde8,"7207010011000400 - UMKM - 1",7207
1ad388ae-c261-4022-a488-f8020099a0be,"7207010011000100 - UMKM - 1",7207
4908c1f3-9c25-4da8-9bad-07f702cc047e,"7207010011000200 - UMKM - 2",7207
93553946-ba51-4525-8e31-5f338767a564,"7207010011000200 - UMKM - 3",7207
777cc136-6bbd-42e0-ac90-165eda56676d,"7207010011000200 - UMKM - 1",7207
3808cd7f-e82b-404f-9e59-e9da0a614050,"7207010011001700 - UMKM - 1",7207
ed905ffb-89f4-403b-96d0-b60141c0a953,"7207010011002400 - UMKM - 1",7207
7bb68b86-8ac0-4746-83b9-52e61826bbab,"7207010011000300 - UMKM - 5",7207
0f20bb06-b547-4708-8b86-3ff11db38ac6,"7207010011000300 - UMKM - 7",7207
7964c7d6-44d6-4d6c-9290-3f31dd15fae6,"7207010011000300 - UMKM - 8",7207
d50c6ac6-aacb-4f49-8e1e-628cc131fcd3,"7207010011000300 - UMKM - 3",7207
1b57ec8f-f695-4041-b87b-f6d9e873981c,"7207010011000300 - UMKM - 2",7207
993cc59d-7b2a-41d4-842b-06a82b317493,"7207010011000300 - UMKM - 4",7207
6c2a69c8-06ff-44aa-b04f-d468142713d3,"7207010011000300 - UMKM - 6",7207
f4acff69-0b40-4b1f-a8ea-fc0f2ec7ea92,"7207010011000300 - UMKM - 9",7207
16fb9a9b-407d-454b-83aa-b15cdfbfd4c1,"7207010011000300 - UMKM - 1",7207
d82ac81d-238e-4fd3-9eb8-26443a540025,"7207010011000600 - UMKM - 1",7207
048d32ec-e284-49c1-a836-1dc861064c99,"7207010011001600 - UMKM - 2",7207
ac79fc73-6e32-45e4-9b70-83051f789a0e,"7207010011001600 - UMKM - 1",7207
69c00cbc-54a9-480c-aa6f-252b068bcdfc,"7207010011001500 - UMKM - 1",7207
1fd849f5-9aff-4c6e-8c29-1487563148c0,"7207020015000700 - UMKM - 1",7207
dee16559-c1a5-487e-97c2-7bc254abf6e0,"7207020015000600 - UMKM - 1",7207
003e9560-604e-42be-af76-e3fe88f53550,"7207020015000300 - UMKM - 1",7207
a7c102e9-2e78-4e10-ae89-7a5d99d08916,"7207020015200200 - UMKM - 1",7207
5418b72c-95cf-465c-b695-d1c157508aad,"7207010010000500 - UMKM - 1",7207
5ea56d2d-9c1d-4709-885b-a2e705f943d9,"7207010010001200 - UMKM - 1",7207
8c340ad7-8311-488a-a81f-d260c670c824,"7207010010000200 - UMKM - 1",7207
c0f312ae-cdd4-412e-8e85-d6d11e398e82,"7207010010001100 - UMKM - 1",7207
c014fbc8-b8be-46a5-99e2-f2cdf03ce52c,"7207010010001100 - UMKM - 2",7207
46451b90-a46a-4f4a-9554-be58ed9d4486,"7207010010000300 - UMKM - 1",7207
4054aa31-96b0-4fee-916d-cba7328b76d2,"7207010010000900 - UMKM - 1",7207
3d792422-7d36-4c5d-ba06-cdbf773be24d,"7207010010000100 - UMKM - 1",7207
b6608c32-49dd-4fb9-b09c-6f3e0ecf1f3c,"7207010010000800 - UMKM - 1",7207
03b8509a-c42e-4b00-959d-335c8c8c051b,"7207030010000200 - UMKM - 3",7207
379aa8c3-d7f7-48f0-8c32-e3bc1a65a120,"7207030010000200 - UMKM - 1",7207
24bd13fa-a807-4757-a019-73d93d6679cc,"7207030010000200 - UMKM - 2",7207
8c865c7a-1c30-4260-8d08-eb301096664e,"7207030010000700 - UMKM - 1",7207
850471a2-539e-4ddc-82bd-7598cc4046c0,"7207030010000300 - UMKM - 1",7207
40d0fe53-7200-472b-a9b0-3669a865e03b,"7207030010000300 - UMKM - 2",7207
e1e94cde-322f-4831-8f3b-defbab19f06c,"7207030010000100 - UMKM - 5",7207
fd8e0873-2eb7-4144-9630-d2c29a92415e,"7207030010000100 - UMKM - 2",7207
237edafd-4308-4c77-904e-962f8383ff2a,"7207030010000100 - UMKM - 1",7207
c2680fcc-1c8e-40b3-9cf2-21e2d020ec85,"7207030010000100 - UMKM - 3",7207
7bc63376-278d-429e-8534-2e9373564305,"7207030010000100 - UMKM - 6",7207
19457536-c406-4d49-8bf2-88af5205835b,"7207030010000100 - UMKM - 4",7207
e7f06b08-8582-48a1-a607-5c6108970486,"7207030010000600 - UMKM - 2",7207
1180c2b7-c236-43db-8a77-0c682c11987a,"7207030010000600 - UMKM - 1",7207
cdbfb6ca-97b7-489a-ac85-dc7e2dc175cd,"7207030010000600 - UMKM - 8",7207
f26156b1-eb9c-4454-8fac-80ac71cfe42f,"7207030010000600 - UMKM - 6",7207
79612324-2391-41e0-80c9-ac74a058f9bd,"7207030010000600 - UMKM - 5",7207
5d5c13ea-96e1-410f-9407-b123d4090fe1,"7207030010000600 - UMKM - 7",7207
e82d675c-c752-486b-8923-cbd5d846b689,"7207030010000600 - UMKM - 3",7207
9f09c52a-4b0d-45a5-8b5e-d73acc8fc37d,"7207030010000600 - UMKM - 4",7207
f9e597f2-9c94-4c7a-adb5-590e078dfecc,"7207030010000500 - UMKM - 1",7207
1302789d-07ac-4856-90d2-f9918a0c2816,"7207030010000500 - UMKM - 3",7207
83f7a759-de3e-4f3b-876d-8ea303a6b1cf,"7207030010000500 - UMKM - 4",7207
cfd567e2-d52c-4805-a1f3-c4b912f55155,"7207030010000500 - UMKM - 2",7207
2c4f5351-aee2-4bff-abf8-766ac5d225c1,"7207030010000800 - UMKM - 1",7207
52853817-f0a3-41a7-8062-2bbafea1bcd1,"7207011003002700 - UMKM - 1",7207
de98ad91-5c7e-4c0e-a410-07469ec03b45,"7207011003002300 - UMKM - 1",7207
03b6aa62-6494-48bb-b5db-fc45a1a6304d,"7207011003002200 - UMKM - 1",7207
068db474-69d3-4aef-aeb1-9ecca5d01218,"7207011003000200 - UMKM - 1",7207
a6efbbc3-4bb3-438d-a100-e65a19c8df15,"7207011003000200 - UMKM - 4",7207
dd1026f5-6726-4e6a-b571-58307af3216d,"7207011003000200 - UMKM - 3",7207
3a161efe-46b3-45b4-93ee-b6e729f3edd7,"7207011003000200 - UMKM - 2",7207
c507cf69-3388-4385-a9d2-360fa87a2f51,"7207011003001200 - UMKM - 1",7207
a712f66e-4c62-48f3-bf95-319163e5d9d4,"7207011003001200 - UMKM - 2",7207
60505c88-db2a-45a0-9cce-17f904863b1b,"7207011003001300 - UMKM - 1",7207
14d9e890-6738-4663-ab00-4ffc8854e9e9,"7207011003001300 - UMKM - 2",7207
00daa711-bc39-44af-bfd3-81174b0f4c28,"7207011003000100 - UMKM - 3",7207
90593f7b-bb4a-4579-9b1f-ea18480d8c22,"7207011003000100 - UMKM - 2",7207
dfaca37b-d53c-4664-9c6a-123dfe738668,"7207011003000100 - UMKM - 1",7207
4507254a-db09-437d-ba90-b3d547a6a3a6,"7207011003002000 - UMKM - 1",7207
04a393d8-88b0-4bb9-8842-3b6fafc3b5ce,"7207011003001600 - UMKM - 1",7207
9a01898f-0850-4f9b-8570-0e125889f7ab,"7207011003001400 - UMKM - 1",7207
f0b1bca6-4aae-4310-9522-9a603bcb1039,"7207011003000300 - UMKM - 1",7207
41fee701-d5fa-4c36-9360-35324af7752b,"7207011003002500 - UMKM - 1",7207
d35e5f1d-205c-4a73-abfe-3e8f8ff89062,"7207011003000900 - UMKM - 1",7207
8b33c406-55ae-45fa-ba39-dc422b940be2,"7207031010000100 - UMKM - 1",7207
31ae8ae8-394b-45fb-8641-aef594b40775,"7207031010000100 - UMKM - 2",7207
47d7a43a-2ba3-4cde-a38b-5f741d6340de,"7207021007000300 - UMKM - 1",7207
cca61627-5b37-44fd-83e5-7c53a4874c0f,"7207021007000300 - UMKM - 2",7207
cfb1076e-65bf-43b3-9b85-da76c580575a,"7207021007000400 - UMKM - 2",7207
7b762e69-0a4a-4534-816b-f5db05648ad0,"7207021007000400 - UMKM - 1",7207
19d3fe7e-77b9-4212-bd39-862202e91e76,"7207021007000200 - UMKM - 1",7207
ce376b63-9e0d-4a70-8c16-d064b6c7977b,"7207021007000200 - UMKM - 3",7207
a9cfe3ae-c9ec-4552-a8db-aa56829f180d,"7207021007000200 - UMKM - 2",7207
ee369385-0a6c-4dc4-87ca-1fd6296f24d7,"7207021007000100 - UMKM - 1",7207
ca551d7c-2532-4567-a00b-8ca683a7a04e,"7207021007000500 - UMKM - 1",7207
d035abbd-4593-4fe0-a6b2-dcbad0e59b0f,"7207050007000200 - UMKM - 1",7207
48886dc3-1745-4b3f-9585-5a8fef836119,"7207041002000900 - UMKM - 1",7207
75b05861-a39d-43d6-ab32-3d8ba86b6a28,"7207041002000800 - UMKM - 1",7207
a8328fc8-7f50-4634-9d16-0eac14036bd6,"7207041002000300 - UMKM - 2",7207
ac6bf9eb-67b4-4018-adb4-308db8f52124,"7207041002000300 - UMKM - 1",7207
d85a7382-141e-4480-8f4e-602e093900d1,"7207041002000300 - UMKM - 3",7207
34cfc176-0ee8-4323-92a0-50465e33e237,"7207041002000300 - UMKM - 4",7207
dce30260-30df-4350-a959-2d8997300540,"7207041002100100 - UMKM - 1",7207
848a31df-5fdc-4d29-b798-6e136ffee3a2,"7207041002000500 - UMKM - 1",7207
10828a75-1f80-44a7-ba51-b6a76d3d6127,"7207041002000400 - UMKM - 1",7207
9d5e9f10-18e2-4ace-9016-64e9db5c5c7c,"7207041002001000 - UMKM - 1",7207
4a1ea7d9-3823-4ec7-80a0-36411eedda84,"7207041002001000 - UMKM - 3",7207
4dfe31cc-3a5a-441d-81f0-a2f0c45ed4b5,"7207041002001000 - UMKM - 2",7207
ac64abaa-e46b-4959-8f0b-8cf04c60a805,"7207041002000200 - UMKM - 1",7207
ea131632-f6ae-4c39-be0c-57b0b5a8802a,"7207041002000200 - UMKM - 2",7207
2393d6b1-f94e-411e-b5b9-00ad58e9d1f9,"7207040001001700 - UMKM - 2",7207
a1f8eda6-9196-4d6d-aa45-7c2078f19373,"7207040001001700 - UMKM - 1",7207
69d03b21-5dd3-4835-9fd9-bb31b7420455,"7207040001000300 - UMKM - 1",7207
704f5c38-a9ac-4ab6-b1e4-d184921dd257,"7207040001001800 - UMKM - 1",7207
909c932d-0f2b-460d-b47c-afdedf52025e,"7207021006000400 - UMKM - 1",7207
3d343ecd-fdee-4206-929e-0d59198fbf4c,"7207021006000100 - UMKM - 1",7207
ea695352-46a6-47f0-bc56-b9197a9c6de6,"7207021006000200 - UMKM - 1",7207
be721481-54e0-4530-80ca-a246b03acb69,"7207040013001500 - UMKM - 1",7207
8a58f90f-e48c-4574-8b26-ec86a27a4eab,"7207040013000200 - UMKM - 1",7207
d93cb801-b9dd-4e97-b568-4c3f94428fbf,"7207040013000200 - UMKM - 2",7207
3637fbf9-79ea-4edd-85dd-a675aa4e6ac7,"7207040013001700 - UMKM - 1",7207
6b4fe3f0-f276-41df-a754-8fcee11be9c4,"7207030018001500 - UMKM - 1",7207
7b7ba929-501e-4d10-95bc-12b58027b2d6,"7207030018000300 - UMKM - 1",7207
e31b46a2-2c63-44c8-a3f3-6890f2eed4cd,"7207030018000100 - UMKM - 1",7207
453d4ecd-eef0-457a-909e-c70b74409592,"7207031014000100 - UMKM - 1",7207
606d01be-3850-406b-97b1-63675a5c92be,"7207050009000600 - UMKM - 1",7207
8a0652c3-42b9-411d-bbce-8e11a59f5b5b,"7207050009000100 - UMKM - 1",7207
0636af68-af66-4975-9344-dd8795f8524d,"7207050009000500 - UMKM - 1",7207
84fc7f4a-8cbe-43e8-a410-8c42fe76da4f,"7207050006000400 - UMKM - 4",7207
b8756675-826f-4ec6-913a-f91ce2ce8ff6,"7207050006000400 - UMKM - 3",7207
fda44603-310f-4407-852a-6f06a3183d10,"7207050006000400 - UMKM - 2",7207
6d32b723-21c7-408a-8f75-c27c6f8ca23d,"7207050006000400 - UMKM - 1",7207
b6aa3cb3-0792-491e-a6d0-4c22cdd7b28f,"7207050006000300 - UMKM - 1",7207
6db13ea6-784b-4ebb-87ad-72b1c506b244,"7207050006000300 - UMKM - 2",7207
bd4a1585-ca54-4722-9987-481f9c0aa4b8,"7207050006000500 - UMKM - 1",7207
777515f1-1a15-42d8-b5f0-6d91cced2b0b,"7207050006000200 - UMKM - 1",7207
2b88b8dd-1e67-442b-b51f-1ca7bad7aa15,"7207020012000100 - UMKM - 1",7207
1dedeb6c-d810-4741-a17a-abfd22c01fbc,"7207020012000500 - UMKM - 1",7207
91fe8a10-9eef-4796-af52-0953a46da83e,"7207020012000600 - UMKM - 1",7207
6850a862-a6ca-49c4-b4d0-8a62df2bd49a,"7207020012000400 - UMKM - 1",7207
5918f970-3fc3-47a0-ad18-a855189c4d3c,"7207030007000600 - UMKM - 1",7207
45f5d3fa-d6ec-4c52-96c0-19d538ea3529,"7207050012000300 - UMKM - 1",7207
ccc24593-2d59-484e-b666-fe46735a4a27,"7207030016000300 - UMKM - 1",7207
a969908f-08f7-47a2-97eb-cacf74d4c73f,"7207030016000600 - UMKM - 2",7207
50f0b248-49b2-41be-a49f-dd7b3cc37946,"7207030016000600 - UMKM - 3",7207
f1ca44d2-da1f-43d7-bbd9-0bba0fb2ae04,"7207030016000600 - UMKM - 1",7207
a94a169d-7009-4192-803f-f08929e4e61d,"7207030016000102 - UMKM - 1",7207
63adcab1-fe49-49fe-a310-ea1dcbf853d1,"7207030021000300 - UMKM - 1",7207
7286979b-b03d-41d9-bb8a-644fa89744bd,"7207011001000200 - UMKM - 2",7207
7e2cc6a0-570e-4bec-bb0b-67935ee11278,"7207011001000200 - UMKM - 3",7207
d51b9e55-13ef-4d4b-9e91-44515c1b804b,"7207011001000200 - UMKM - 1",7207
5cf51c2d-6fea-4aa9-9103-8aa18197d0a2,"7207011001000101 - UMKM - 2",7207
ceba9d6c-7b18-4330-8a1d-1851ec1e8772,"7207011001000101 - UMKM - 1",7207
081c6952-6b7a-4ab3-adab-546e680e9eb6,"7207011001000800 - UMKM - 1",7207
23a2991d-c8b8-467f-a1f9-eddde4f4e3fc,"7207040006001300 - UMKM - 2",7207
d74e2fd4-27c3-4de9-b16c-fc9e7107a3f4,"7207040006001300 - UMKM - 1",7207
313967be-0bcc-4a97-853c-c577aaab90ae,"7207040006001200 - UMKM - 1",7207
67c8e7c3-d09c-49f9-b162-99eda437089c,"7207040006001100 - UMKM - 1",7207
5f9e5292-10bc-42a0-8ac3-7a3dad3db0c0,"7207040006001100 - UMKM - 2",7207
9d2e3eb2-a426-4028-a215-87079d985aae,"7207040006000800 - UMKM - 1",7207
a8afce2d-d741-46f1-88c5-0614b7cf9081,"7207040006000900 - UMKM - 2",7207
4b487a01-4c78-41a3-bc8f-7f8a68495c52,"7207040006000900 - UMKM - 1",7207
c7eb4ea3-0c9b-441b-961e-eb3e9bc5a331,"7207040006000700 - UMKM - 1",7207
7b20f56a-bf7b-44ae-b280-630bae470320,"7207021005000400 - UMKM - 2",7207
89b1feb3-5405-478a-92d7-6f2fe8a995e3,"7207021005000400 - UMKM - 6",7207
a513b107-a6f6-4382-a4c4-9d3ee8ac89e4,"7207021005000400 - UMKM - 1",7207
2a1aa8de-e17e-4bf0-a2e5-daa7085aaec7,"7207021005000400 - UMKM - 4",7207
b32d8612-efa5-4d86-b0c6-b497db354aa3,"7207021005000400 - UMKM - 5",7207
adb995eb-cb26-4a7d-9edb-941b5008d524,"7207021005000400 - UMKM - 3",7207
589d6281-a3cf-4d03-9251-2bdcf7465273,"7207041009000600 - UMKM - 1",7207
348ed01c-b78f-429b-9250-745c2601a0fa,"7207021004000500 - UMKM - 1",7207
d1d9229b-95be-4a2e-8d18-72ead10b1af4,"7207021004000800 - UMKM - 2",7207
5d21bff7-463c-4642-aec7-f651cc365dad,"7207021004000800 - UMKM - 1",7207
69d7bf1c-db7f-4606-aab5-b4349f9adcec,"7207021004000800 - UMKM - 4",7207
2b069e4c-d40c-431c-85d3-7fd5dde0b579,"7207021004000800 - UMKM - 3",7207
9bb6ebb5-5eca-4907-a815-ac7b22ae7726,"7207031007000400 - UMKM - 1",7207
929c9c20-7d45-4774-8db8-e1c858b558a0,"7207031007000400 - UMKM - 2",7207
095a764f-4638-4753-883c-672e1243e46e,"7207031007000500 - UMKM - 5",7207
0ecd16dd-10e3-411b-b518-cf5910d001fa,"7207031007000500 - UMKM - 3",7207
2a76d93e-8824-44e6-822d-8b1da678f79d,"7207031007000500 - UMKM - 1",7207
6a0a09ea-54c7-4773-a8dc-3482f4ef5e60,"7207031007000500 - UMKM - 2",7207
5001f0d3-959b-4d02-b41a-a15bc404f659,"7207031007000500 - UMKM - 4",7207
5c3a1626-fb98-4c26-bbec-1796f1678b6a,"7207031007000300 - UMKM - 1",7207
57ee6b40-b541-4131-93f8-45db0123e907,"7207031007000300 - UMKM - 2",7207
d847f9a3-ec03-4e13-932e-6371a12c1e6a,"7207050013000300 - UMKM - 1",7207
59872e00-dde3-4227-a753-c4f2e6420fd7,"7207050013000300 - UMKM - 2",7207
16e4818b-7d06-4560-bd5a-e0331bab8056,"7207050013000500 - UMKM - 1",7207
9d42b708-5d75-4500-9c03-393e2b20da06,"7207050013000200 - UMKM - 1",7207
6f390a24-0b51-4a9e-9905-b8867080a952,"7207031003000600 - UMKM - 2",7207
54f9a282-0f1c-456f-8297-da8d369c27af,"7207031003000600 - UMKM - 1",7207
5cd15d77-fff9-49d0-a1d5-8142d62cb3c2,"7207031003000800 - UMKM - 1",7207
6dca2697-80b5-4fd8-ab10-34f82b410ab3,"7207031003000700 - UMKM - 1",7207
087793bd-74b7-4808-bcf8-5dd37b8b1800,"7207031003000200 - UMKM - 1",7207
4c74516f-7865-42b3-a48e-7621fafa8434,"7207031003000100 - UMKM - 1",7207
fbba49d0-0a60-429f-b367-fbcdeb23619d,"7207030023000500 - UMKM - 1",7207
128999a3-3cd9-4053-a6df-49f72fbc46f0,"7207030023000300 - UMKM - 1",7207
a03fe82d-45b6-49db-a21e-9794afe15e1d,"7207030023000400 - UMKM - 1",7207
f125ede7-c131-48d5-b8df-6ef89c220ad5,"7207021002000600 - UMKM - 1",7207
0b196772-2c5f-4c03-a68a-28060c8f20e7,"7207011007000200 - UMKM - 1",7207
569eab8e-7063-4c7c-aa9b-a76640f43277,"7207011007000500 - UMKM - 1",7207
417cfdc4-63a6-499c-b67e-41a31644da1e,"7207011007000700 - UMKM - 1",7207
b4860c5c-10af-492d-afc4-194ac1e7ae8c,"7207011007000700 - UMKM - 3",7207
146ad610-823f-4778-bda0-9f24d8d11646,"7207011007000700 - UMKM - 8",7207
fd7b0283-08ea-4a05-933e-247e90f76787,"7207011007000700 - UMKM - 2",7207
2e3a9617-7b97-478a-a1e4-82106fb1f9d5,"7207011007000700 - UMKM - 7",7207
3aeaf5b8-429a-447d-8c5f-cfbee317935c,"7207011007000700 - UMKM - 11",7207
9e5181df-8dac-4d1b-aa50-8ac7d1853dd0,"7207011007000700 - UMKM - 10",7207
15dffab3-5cee-4764-9a76-8a3b50da542f,"7207011007000700 - UMKM - 9",7207
628a8e52-d366-4abc-a5f0-dc0350dc38e7,"7207011007000700 - UMKM - 4",7207
8fc15124-4f57-428e-a759-2eeaf8c04b63,"7207011007000700 - UMKM - 5",7207
8605caae-d1f5-41de-b2cb-03c436a24a2f,"7207011007000700 - UMKM - 6",7207
18fc733f-9e96-4e91-9dd1-3598fa17ecd5,"7207011007000900 - UMKM - 1",7207
12658267-5fc1-487c-9950-3f00e1a39b5a,"7207021009000200 - UMKM - 1",7207
505a33e6-17ab-4b30-ad12-3840351af971,"7207021009000300 - UMKM - 1",7207
a0dab8e3-4fc6-4a64-9f97-8c9c6c5e1eb6,"7207040005000200 - UMKM - 1",7207
6043185e-6f9a-4371-9831-3f52229b6ac5,"7207040005000200 - UMKM - 2",7207
483136ae-8e5e-4d6e-b03f-d8c28fb721bf,"7207040005000500 - UMKM - 1",7207
b4fa5a35-8d2e-474b-b757-d638eda2e1f3,"7207040005000400 - UMKM - 1",7207
50012e70-6cb2-47e2-a553-43650ac29a17,"7207020010000400 - UMKM - 1",7207
3037005d-fdde-488e-bb0b-65df0f9f8460,"7207020010000400 - UMKM - 2",7207
f273eb26-78ed-4ed0-b68a-297a30f40176,"7207020010000200 - UMKM - 1",7207
6b2ada9d-5630-4d40-a918-365dccdde1d9,"7207020010000600 - UMKM - 1",7207
e2a5a824-ec36-4e3e-acfa-bc2556e99f80,"7207020016000900 - UMKM - 3",7207
c88a99a8-6e4f-4ced-b2c3-2af300ac3d8a,"7207020016000900 - UMKM - 1",7207
fd18e9e2-fea1-4ecf-af6b-ee10a8d8303d,"7207020016000900 - UMKM - 2",7207
e5c6af38-a5d9-4e37-bb25-b307ca9650d4,"7207020016000100 - UMKM - 1",7207
85862cbb-75a8-4270-bf56-453942fae25c,"7207020016000600 - UMKM - 2",7207
f6b37eff-7227-48f4-ba7b-7af0f0f6b568,"7207020016000600 - UMKM - 1",7207
62f7dfd1-eec3-4c6a-8eb3-2cd1441770ed,"7207020016000700 - UMKM - 2",7207
a74c60b9-c88a-41ca-a448-35399cf5c02e,"7207020016000700 - UMKM - 1",7207
9daa2d62-5388-454c-8b95-31eb2ab5ec64,"7207030015000600 - UMKM - 1",7207
de38f732-48b1-41ef-8d3a-46857d361db2,"7207011005001000 - UMKM - 1",7207
c13709b7-0127-4461-bc7b-d49cee84c337,"7207011005001000 - UMKM - 2",7207
e7e1c702-66f2-4ee4-8c4d-ddb7b66c0a5f,"7207011005001000 - UMKM - 5",7207
cf565eb7-a128-4ace-8ac9-1dfc0f70553a,"7207011005001000 - UMKM - 6",7207
b0038e43-b0a6-4418-9523-ee5b80e31f9c,"7207011005001000 - UMKM - 7",7207
89fb5fe3-f8cc-45d7-9bb6-8d43f7bd3284,"7207011005001000 - UMKM - 3",7207
d671d21d-4fe8-45a3-9be5-cf4be06baea2,"7207011005001000 - UMKM - 4",7207
3226254d-5a4d-457a-bb34-8a0d1587c880,"7207011005000900 - UMKM - 2",7207
7b0b60a6-4df9-4676-aabc-c914cbbefc4c,"7207011005000900 - UMKM - 6",7207
2dcafec7-ce22-4011-8c78-4428b6297752,"7207011005000900 - UMKM - 5",7207
4fd50096-39d8-43ba-b715-22bd63c4f346,"7207011005000900 - UMKM - 1",7207
457b1eb3-f4e9-42dc-9369-2e32e7d8c673,"7207011005000900 - UMKM - 4",7207
e86bf3ca-8ca3-4502-b2af-362e47db1cba,"7207011005000900 - UMKM - 3",7207
6ee9b4cc-c6e5-4eda-b71f-b99c88b8054b,"7207011005000800 - UMKM - 6",7207
fcb51124-ce16-4fd7-a018-df43a10ff256,"7207011005000800 - UMKM - 1",7207
89b5d8eb-3489-4bce-bc3c-cfbd65f013ad,"7207011005000800 - UMKM - 2",7207
d86e0f99-8e72-407f-854a-f81d46cb11b6,"7207011005000800 - UMKM - 4",7207
963f8923-4982-4746-b1ab-1440385b2a3f,"7207011005000800 - UMKM - 3",7207
a8434075-b66b-47b0-a781-ec29f175d591,"7207011005000800 - UMKM - 5",7207
824d69f1-95e2-4d34-84b7-d36a8e34562c,"7207011005000600 - UMKM - 2",7207
2e513a29-236c-4239-91d7-d44d238b6feb,"7207011005000600 - UMKM - 4",7207
14d52f1e-2dea-4ec7-a251-f7e37c31656b,"7207011005000600 - UMKM - 3",7207
ee3f8eb6-610d-43a8-bb71-97d657f76c7a,"7207011005000600 - UMKM - 1",7207
4af22a86-f846-4829-8966-72a96e7c5998,"7207011005000402 - UMKM - 1",7207
347feed7-ff94-4f01-a5c3-6b73a1d7b0ee,"7207011005000401 - UMKM - 2",7207
9d91ea5e-ef62-423c-bf52-42ab86357811,"7207011005000401 - UMKM - 1",7207
20762847-a8fc-4206-9a45-df0e1b6a25b5,"7207011005000402 - UMKM - 2",7207
c561fce1-21a8-437c-a227-f8123c2c8beb,"7207011005001502 - UMKM - 2",7207
92a1f5f1-0d7d-49ba-b4bc-19ba5ff90a4d,"7207011005001502 - UMKM - 1",7207
d9a0d4be-7632-4c60-8995-c279953d790e,"7207011005001501 - UMKM - 1",7207
645de433-524c-4380-be25-0ee855b5524d,"7207011005001501 - UMKM - 2",7207
023e7b9a-be55-4bea-9b7e-f8be2ca81dc8,"7207011005001501 - UMKM - 3",7207
5fa94b22-3c1b-40db-8d88-15cf2fdb2315,"7207011005001100 - UMKM - 1",7207
8facfae4-5fb5-4ac4-a4bb-26a36118492c,"7207011005000700 - UMKM - 1",7207
85bb8ff2-3af2-46fd-aa1d-fec83771afe7,"7207011005000700 - UMKM - 2",7207
215a8d56-54c2-4abc-8930-f08108ed273c,"7207011005001400 - UMKM - 5",7207
ae99b968-f289-4f34-a8bc-e742d2188e23,"7207011005001400 - UMKM - 3",7207
e85afa46-c9c4-437e-aee3-cf14bcd510db,"7207011005001400 - UMKM - 6",7207
1a20bf8b-1bb8-43a6-9662-be0adc4e1d0c,"7207011005001400 - UMKM - 1",7207
eac95ef5-53eb-4cd3-98f3-54fce2528051,"7207011005001400 - UMKM - 2",7207
1f118449-ab94-4abd-8765-53e33b72a3d3,"7207011005001400 - UMKM - 4",7207
5d2a6bf3-a245-499e-bbb1-feb59b25e690,"7207011005001400 - UMKM - 7",7207
0f8e05a1-1a8e-4b83-8ed8-2d5b86e19edc,"7207011005000300 - UMKM - 6",7207
0d1cc1f6-6c7c-4f92-9a84-8faedf56131d,"7207011005000300 - UMKM - 4",7207
61afd157-7920-42b4-99ad-2abbb7d47e3f,"7207011005000300 - UMKM - 3",7207
4907b129-589f-442c-b5fb-b78eda40255c,"7207011005000300 - UMKM - 1",7207
a5e814ca-1d17-4605-9cdc-3962e45add8e,"7207011005000300 - UMKM - 7",7207
dd08af7e-355e-4ab5-9e60-86dedef58201,"7207011005000300 - UMKM - 2",7207
59b474af-79fd-41f8-8956-3e98291f5a7b,"7207011005000300 - UMKM - 5",7207
f8108dd6-39cc-4bf2-a31c-d49644f9a547,"7207011005001301 - UMKM - 4",7207
93ffcd98-aa23-47dd-8539-c36ce9adfe12,"7207011005001301 - UMKM - 8",7207
e17689d0-532b-49f8-b115-979d006191fd,"7207011005001302 - UMKM - 2",7207
d05e4d31-6453-4b4d-bfc6-8e6b10a46860,"7207011005001302 - UMKM - 1",7207
e3567051-6ab9-4ed2-b84a-9338c4fdc39c,"7207011005001301 - UMKM - 1",7207
9164f159-817e-46c9-9225-1b090d52085f,"7207011005001301 - UMKM - 5",7207
07a9f1c2-338d-4824-9891-5e499cadbf4e,"7207011005001301 - UMKM - 3",7207
84b9c073-33fa-4f98-9d7f-4e162c6466f6,"7207011005001301 - UMKM - 6",7207
27aa4413-319b-4730-a653-0b5bd4876ddb,"7207011005001301 - UMKM - 2",7207
ecf4f801-83cd-45a5-93f1-c70c62592a08,"7207011005001301 - UMKM - 7",7207
8c4bfd4d-a2fb-4164-9dee-aead3197ec3f,"7207011005001200 - UMKM - 2",7207
62043670-9793-46f3-9229-7e32d7d5e416,"7207011005001200 - UMKM - 1",7207
072d097a-733f-46e9-be52-e31965d2c069,"7207011005000100 - UMKM - 1",7207
99b1c30b-a837-4a84-b537-a429a6f8ddfb,"7207011005000200 - UMKM - 3",7207
114edfbf-d019-491c-b4b6-f5da13db3c8f,"7207011005000200 - UMKM - 2",7207
eb8927f5-cb36-4cd1-8204-85cd1bdfd6b0,"7207011005000200 - UMKM - 1",7207
70cfe564-df72-4f1b-bbb4-31c80d35cf35,"7207011005000200 - UMKM - 4",7207
0d662039-c61d-4822-a827-2205cf4b20a8,"7207011005000502 - UMKM - 2",7207
3fb02b31-53ac-4c5e-bc3a-b2ddc781a044,"7207011005000502 - UMKM - 4",7207
6e38bc91-83ce-4972-b222-775715de5966,"7207011005000502 - UMKM - 1",7207
258b5acc-e878-4d06-af17-60a78b14e741,"7207011005000502 - UMKM - 3",7207
3e791f5e-1470-4652-950b-fb2c440fdc52,"7207011005000501 - UMKM - 3",7207
aa2c8ed3-c0e1-4d58-b56d-010f88be6342,"7207011005000501 - UMKM - 2",7207
81d286f9-ed33-453c-8f2d-6577d9051cf9,"7207011005000501 - UMKM - 1",7207
7a5c4e47-48e9-4dc9-bb85-8e4322ba38ec,"7207030022000400 - UMKM - 5",7207
c22a3dc5-fb9b-44e2-9b6d-cb4bf42c76fd,"7207030022000400 - UMKM - 2",7207
08e29dcc-1fb2-4fbb-9eed-01ca7e20b1c7,"7207030022000400 - UMKM - 7",7207
d24b7c84-3217-4565-ba6d-6bc788bb0089,"7207030022000400 - UMKM - 3",7207
5fa99109-89db-4e89-9a37-61dde488ac9a,"7207030022000400 - UMKM - 1",7207
0fdb09de-df12-4398-ab5b-ea562c0bd314,"7207030022000400 - UMKM - 6",7207
be7bde5f-36d0-4d07-92b2-4bdf0c1df957,"7207030022000400 - UMKM - 4",7207
4fbebc04-b38c-44e6-80d6-a46ebbfe59c8,"7207030022000300 - UMKM - 1",7207
e739b767-6523-47cf-aabd-b3b2cfce2583,"7207030022000200 - UMKM - 2",7207
fdffdbf3-030e-44dc-a23a-d474f6194f81,"7207030022000200 - UMKM - 8",7207
674afbbd-74e5-41d7-aebc-6c86977201e3,"7207030022000200 - UMKM - 9",7207
0edc93b7-54db-4b87-85ad-38d02a13699f,"7207030022000200 - UMKM - 3",7207
3df92265-86d3-4183-87b6-74d412eef987,"7207030022000200 - UMKM - 5",7207
17355f46-7e47-4512-9616-b1899445bd7e,"7207030022000200 - UMKM - 7",7207
08aec5d4-dbaa-47c7-a2ee-f20222689ed6,"7207030022000200 - UMKM - 1",7207
7b8b0c08-f9b3-496d-aa6c-1fc6aee53ce8,"7207030022000200 - UMKM - 6",7207
18374f86-86d9-48fe-97cb-7648b735c557,"7207030022000200 - UMKM - 4",7207
16146294-d9c3-4d91-9d0a-7d3fd64c95c4,"7207030022000100 - UMKM - 6",7207
383468ce-2c6e-4be6-96d7-0bad19e2395b,"7207030022000100 - UMKM - 15",7207
3cf4b2af-3ff6-4084-bb3f-08611da0aa7a,"7207030022000100 - UMKM - 4",7207
83c77bfc-fe77-4e35-a414-15799ae4a994,"7207030022000100 - UMKM - 8",7207
081076ef-2cfa-4be8-b538-87133d05036e,"7207030022000100 - UMKM - 1",7207
bc1cd43f-9c74-40c6-9a4a-22f9167d7ca6,"7207030022000100 - UMKM - 11",7207
64efe7f8-8a8a-44e2-a6de-2510dea34fe4,"7207030022000100 - UMKM - 5",7207
fbd54d6b-db0b-4533-81a3-bc48007560f5,"7207030022000100 - UMKM - 13",7207
ffa74900-e85b-4056-b116-36d156f6be36,"7207030022000100 - UMKM - 10",7207
8e77ff73-909a-4e13-9523-381834f4ca25,"7207030022000100 - UMKM - 2",7207
19123ee8-100f-4a77-83ad-0210f0cb69de,"7207030022000100 - UMKM - 12",7207
db64bdd4-170e-41a2-8df5-fbcaa912113d,"7207030022000100 - UMKM - 9",7207
dcdd56f5-b29c-478b-9e53-a105829b1f7c,"7207030022000100 - UMKM - 7",7207
de868b94-b267-4c42-a0e8-258297e0a45e,"7207030022000100 - UMKM - 14",7207
2d95be9c-6a90-45a0-bf6e-6876fa11c914,"7207030022000100 - UMKM - 3",7207
b7dc75a8-1a95-4189-b843-78cc351f4087,"7207041004000600 - UMKM - 2",7207
4e951dea-77d2-44de-9ad1-fae2a9f7b944,"7207041004000600 - UMKM - 1",7207
d8782e90-cfc3-4760-a744-411a6c735065,"7207041004001000 - UMKM - 2",7207
3baa77cc-2d3b-4fd9-80fe-e2689f11fca9,"7207041004001000 - UMKM - 3",7207
47b3e49b-0117-4b67-95d3-136707a15f72,"7207041004100300 - UMKM - 1",7207
2dc6ff45-e0a5-4bd9-b8f0-2c8bae61a1b8,"7207041004001000 - UMKM - 1",7207
609bab6f-c4e4-4f33-9724-25e658f6d517,"7207041004000200 - UMKM - 1",7207
9f34bd79-508b-42f1-bd40-35c2bc7ac632,"7207012004000300 - UMKM - 1",7207
924cb9ad-181e-4273-b67e-c6a7a6dca8e6,"7207012004000300 - UMKM - 2",7207
2e831401-e75f-42d2-8e2c-5a060f553850,"7207012004000200 - UMKM - 1",7207
befa7582-e971-4cb4-bc75-9f82ce17ba6e,"7207051002000600 - UMKM - 1",7207
1ca62221-1a13-4ad8-b90b-ab5185bfaf9c,"7207020011000100 - UMKM - 1",7207
f739f16a-f3f1-460a-acd5-1dc2bbc0cbd1,"7207020011000100 - UMKM - 2",7207
fac96350-ca75-4a04-833d-493c6ba464bf,"7207020011000300 - UMKM - 1",7207
f1186c61-6df0-453e-bf97-ded325f4dc7f,"7207020011000500 - UMKM - 1",7207
cff37edf-7283-41a3-97b7-f91afce9942f,"7207051005000100 - UMKM - 1",7207
6a86bef8-4d5d-4640-858b-87b2aaf8fbd3,"7207051005000700 - UMKM - 3",7207
b345eb8f-f294-4672-8673-6e8d233d6a56,"7207051005000700 - UMKM - 2",7207
9a71bffc-eb99-4210-a635-614266966113,"7207051005000700 - UMKM - 1",7207
81e191a0-fed5-41aa-ad3f-8b920cb6ea50,"7207051005000500 - UMKM - 3",7207
fddce07c-f7ee-424a-9933-8273668ae3d6,"7207051005000500 - UMKM - 2",7207
edba30ea-a13f-4020-b9c8-e6a4bb2e17d1,"7207051005000500 - UMKM - 1",7207
02067997-3093-4332-a769-46e7335523e7,"7207051005000200 - UMKM - 1",7207
8605b27d-fae4-43db-a382-f29f469d382b,"7207031004000500 - UMKM - 1",7207
9a6c5a5b-3158-43e9-bea4-598a92002aa2,"7207031004000800 - UMKM - 1",7207
5ffa485c-8d9a-4b88-a3ef-49a2719e060a,"7207031004000600 - UMKM - 1",7207
63e16319-22e5-4ca1-9e83-562673bd4835,"7207030020000200 - UMKM - 1",7207
4cc40370-6b71-46eb-b247-6f7a1c2bc7be,"7207031009000100 - UMKM - 1",7207
d783fb9d-733b-4e16-901c-1dda538eadcf,"7207031009000400 - UMKM - 1",7207
8b1279aa-9da8-4f89-b322-3c7c8e9ab13a,"7207021003001700 - UMKM - 1",7207
255a7e45-7b41-405c-8d5d-bfe9c024aa11,"7207021003000400 - UMKM - 2",7207
f04ba7d8-229e-4559-9630-f4467649891a,"7207021003000400 - UMKM - 1",7207
a33f28b8-438d-4d6e-8a11-5556724d9a86,"7207021003000200 - UMKM - 1",7207
e3c37764-c1db-40b5-83f3-eaf35226cb80,"7207021003000200 - UMKM - 2",7207
bb9091d6-00c8-48c8-b117-8c9b1d47f06c,"7207010018000300 - UMKM - 1",7207
47313587-9c39-4820-87e3-693322a40f1f,"7207010018001000 - UMKM - 1",7207
d78aad85-9338-4e2f-9c13-0d7e8c3369fd,"7207041003200300 - UMKM - 1",7207
9aaa36cb-7c6f-4da6-ae7f-dd21189c81be,"7207041003500600 - UMKM - 1",7207
5ea46b3d-6042-44de-908a-9a917a8b576d,"7207041003500900 - UMKM - 2",7207
2a1e9277-3bf0-417d-a942-ffa9f2f6b53b,"7207041003500900 - UMKM - 1",7207
e99dbc24-df20-4889-9784-c923dfc3df7f,"7207041003500900 - UMKM - 3",7207
c679a613-d415-4d8b-9a54-d70db0963a39,"7207041003000600 - UMKM - 1",7207
1e8133e8-5571-4b3e-a80f-2eea4c050263,"7207041003501000 - UMKM - 2",7207
96295bc2-7cfe-41bf-accc-b34814c299ba,"7207041003501000 - UMKM - 10",7207
8e8c6309-46c8-4864-94af-cf92f9e72d09,"7207041003501000 - UMKM - 9",7207
78573752-97cf-4416-9d38-502bdb46d7ac,"7207041003501000 - UMKM - 1",7207
426efef0-6648-4879-885d-f8a57b9a3923,"7207041003501000 - UMKM - 7",7207
58b0c054-e45c-4756-ab06-f5cfa98c60fb,"7207041003501000 - UMKM - 4",7207
e133631b-3e7a-40bd-9447-c8469acf34f7,"7207041003501000 - UMKM - 5",7207
0fea9219-9d8c-43a7-bc17-6b0400fc0a8c,"7207041003501000 - UMKM - 3",7207
0eac3008-fc84-4954-9bf0-3aa971e3c348,"7207041003501000 - UMKM - 11",7207
22d7bd3a-9caf-4629-9940-6510ce40a990,"7207041003501000 - UMKM - 6",7207
37d99eda-16af-469f-95ac-fa1716bc7e05,"7207041003501000 - UMKM - 8",7207
e3f2785e-32b6-4f69-9a05-053a2707cd43,"7207041003000800 - UMKM - 2",7207
e54d9790-1b1a-443e-ad22-b050c2fd220a,"7207041003000800 - UMKM - 3",7207
6e05a1b8-8002-4801-abcd-7b7cd4f0931f,"7207041003000800 - UMKM - 1",7207
e4ecfd5d-8932-4fc3-8840-08d08f9e7f60,"7207041003500500 - UMKM - 1",7207
5134df20-5de1-4316-a46e-532c776a54d4,"7207041003001000 - UMKM - 1",7207
28409d5b-9317-49ac-a185-7e62d4103f22,"7207041003501100 - UMKM - 3",7207
4dd58e0f-ceb7-4ebf-afc7-514f564af44b,"7207041003501100 - UMKM - 1",7207
e4acd533-4ae4-4d04-b0d0-9e45e3b8b16f,"7207041003501100 - UMKM - 2",7207
c19d6822-3e99-46f9-9e4e-8002d1ab71f9,"7207010017000500 - UMKM - 1",7207
2ad1eb07-1688-4d74-8e1f-ab706e949099,"7207010017000300 - UMKM - 1",7207
275bb7ca-fcd7-43f8-a548-c29df68570da,"7207050015000400 - UMKM - 1",7207
65691e11-6fb8-4d43-bb35-b1592a1a5ab0,"7207031008000100 - UMKM - 1",7207
51e68626-e3e2-4455-9e4f-523eae38a270,"7207031008000100 - UMKM - 7",7207
bd8d5a98-9938-4f23-abcd-6118a4e34f3b,"7207031008000100 - UMKM - 2",7207
e9037a7f-628b-44aa-99ae-8764f05dd435,"7207031008000100 - UMKM - 3",7207
e4356497-9281-4f48-8956-cf74e0c00b4a,"7207031008000100 - UMKM - 6",7207
30a1ed52-d31f-42d8-b90d-8181c2bd90f5,"7207031008000100 - UMKM - 5",7207
80cd2041-d730-4cd5-8c3d-ccb28b9d0dfa,"7207031008000100 - UMKM - 4",7207
c977ea87-0409-407f-851d-adffd78ccec4,"7207031008000400 - UMKM - 1",7207
271636ef-040c-4094-a077-7386754112c0,"7207031008000200 - UMKM - 1",7207
65dab335-9f5b-4c75-b178-7c48efcb2ad9,"7207031008000200 - UMKM - 2",7207
58f0fc25-1647-4244-9f74-b7b5c7438a0e,"7207031008000900 - UMKM - 2",7207
4074b088-a84c-417a-93a3-ea08ea3c4318,"7207031008000900 - UMKM - 4",7207
0fa3c864-3eec-4da0-897a-e756a8b1e4bd,"7207031008000900 - UMKM - 1",7207
31dfb8ac-01a8-429a-a7d8-49b98d9f55dd,"7207031008000900 - UMKM - 3",7207
2db620e7-4f90-4514-bed4-342e96e42994,"7207020014000100 - UMKM - 1",7207
5653ba92-9c05-4c7d-8e9f-689cd02aa9cd,"7207041001000400 - UMKM - 1",7207
8f9420a6-cffa-4fa7-8d66-f7234de498dc,"7207041001000600 - UMKM - 2",7207
1bb66757-74c0-452b-9ef5-411a20d2474e,"7207041001000600 - UMKM - 1",7207
49faa8c8-d935-4dee-bc4f-b253fa1cc710,"7207041001000400 - UMKM - 2",7207
22f67311-597d-4eaa-9886-18d221541432,"7207041001000400 - UMKM - 3",7207
5f131673-fb53-431e-bf9f-70877e3ff9f9,"7207041001000100 - UMKM - 1",7207
d99c2e10-96f9-4df4-b8ba-822dd47fc832,"7207041001001100 - UMKM - 1",7207
da2e5ba7-56e5-41a2-8c28-6520b7196da2,"7207010009000300 - UMKM - 1",7207
8f4b2ac1-d24d-432b-b8b1-38d91f36917c,"7207010009001400 - UMKM - 1",7207
9981f12d-d340-4c1b-a039-61f172762f0f,"7207010009000800 - UMKM - 1",7207
5b77e410-4ceb-4640-ac04-c581f1cbf411,"7207010009001600 - UMKM - 1",7207
28eca229-4b6c-44a0-b8b1-9d63d96f4f9e,"7207010009000900 - UMKM - 1",7207
6bde4e89-9fe8-41fd-a299-afaa59e9e9e7,"7207041007000700 - UMKM - 1",7207
2a244b04-8d9f-4a16-b363-a257dcc78b7a,"7207041007000400 - UMKM - 1",7207
12c7c21f-c315-4a5d-9128-b12edca73ff8,"7207041007000200 - UMKM - 1",7207
e3119fac-fa68-4aa6-8f35-36c3bf1cc1c6,"7207041007000500 - UMKM - 1",7207
ddcf2fdd-a0ff-4a57-9ca6-23222d1f6ee6,"7207041007001500 - UMKM - 1",7207
ab5c9e8d-46ea-4b59-9834-9366f0d73ff3,"7207041007001500 - UMKM - 2",7207
c81c9d93-e6af-4245-9307-1f39ee68d578,"7207041007001600 - UMKM - 1",7207
c0b05000-a65f-40be-b0d7-9ef1ed16c77f,"7207041007001600 - UMKM - 2",7207
4de407b2-370c-4973-b689-6eb8e3d78001,"7207041007000300 - UMKM - 3",7207
1438acf0-da7c-40c6-926b-a5f22f453b43,"7207041007000300 - UMKM - 1",7207
4d3dcefa-cdd1-4217-b861-59cba120542b,"7207041007000300 - UMKM - 2",7207
fa79ba8d-5677-4017-b223-aff66bdc1808,"7207041007000300 - UMKM - 4",7207
08f6b648-9713-435f-97d3-67b966e47b37,"7207041007000600 - UMKM - 1",7207
86fa125d-bfc7-462b-a5c1-80fe1d3b553f,"7207041007000600 - UMKM - 2",7207
3fd8cd6b-cd5a-41b5-86b3-3dee34b6ba7b,"7207030017000100 - UMKM - 1",7207
3d6f3578-f62a-4a46-90d9-5f4ff5a2a7ff,"7207012001000200 - UMKM - 1",7207
e9d0cfbf-edf0-4686-855d-2ae17d51515f,"7207012001000100 - UMKM - 1",7207
22916369-a498-4cf3-8882-7f7269cbfda1,"7207012001000100 - UMKM - 2",7207
a7cd2304-2b58-4d24-8c0b-7ee34139f0d0,"7207041006000100 - UMKM - 1",7207
181ed8ee-9eb8-4fdd-8eba-17c8b70375d4,"7207041006001000 - UMKM - 1",7207
446e989f-0681-4099-bf75-91c97fa3fcd2,"7207041006000200 - UMKM - 1",7207
8ce375e9-b627-4ed8-b4f2-a474376c7474,"7207041006000100 - UMKM - 2",7207
bfdeb74b-9497-4d4f-a249-15090e9625cd,"7207041006000500 - UMKM - 2",7207
d6f5ba1e-54db-4f4f-a397-87f3234d5fd4,"7207041006000500 - UMKM - 1",7207
62db8ecd-e52f-421e-a7c9-9bce90758975,"7207041006000800 - UMKM - 1",7207
ca4030cd-2017-46d2-a43f-8daa164ee48e,"7207041006000600 - UMKM - 1",7207
8047f076-67f4-4281-80ab-2ca23dc7d962,"7207041006000600 - UMKM - 2",7207
c0f919dd-98ae-4882-9e93-98f6f35e8445,"7207051004000200 - UMKM - 1",7207
469ae578-933a-4699-9632-e3ad6d50a98e,"7207051004000100 - UMKM - 2",7207
985c229a-be6d-4127-b70e-6527e247130f,"7207051004000100 - UMKM - 1",7207
a18d9fd9-875b-4f5c-bd9a-97a08c26e4c7,"7207050008000500 - UMKM - 1",7207
71a50ece-93a3-4692-9867-5ccf0d537999,"7207050008000800 - UMKM - 1",7207
9e4a4fe7-ac7f-4c63-8f5b-f026d10c2814,"7207050008000800 - UMKM - 2",7207
9bd63b8b-6b86-4d6e-9308-464f3039e444,"7207050008000600 - UMKM - 1",7207
880e151a-9abd-485c-a241-f6698adbcd81,"7207050008000700 - UMKM - 1",7207
d94c2fe7-9cf6-4890-ab05-06fa830368a3,"7207050008000300 - UMKM - 1",7207
9fc53365-0ea5-4ad9-8a56-9003e7f1c7c0,"7207050008000200 - UMKM - 1",7207
6256151c-d43a-446a-a240-854c5253ff84,"7207010019000400 - UMKM - 1",7207
3413d06b-ba9b-4123-bca6-05e2a3bc6373,"7207010019000200 - UMKM - 1",7207
64c56e64-be29-4c69-887d-18cb60e5d833,"7207031006000100 - UMKM - 1",7207
0d512fa3-12fd-42bc-8ea9-bb9fb2fbcb42,"7207031006000400 - UMKM - 1",7207
ca3ee647-8f10-4a92-9278-7c5143b61b6b,"7207031006001100 - UMKM - 1",7207
7ea54737-28e6-4f8c-ab35-a4a1e8d5cb95,"7207031006100200 - UMKM - 1",7207
a80e0def-bf5d-410a-88d7-22d65918eb32,"7207031006001000 - UMKM - 3",7207
01d74066-b3ed-48bc-9e37-f425e374e4e6,"7207031006001000 - UMKM - 2",7207
eb6b0bf2-c564-45fb-a703-f12d8c6cddba,"7207031006001000 - UMKM - 1",7207
a594e542-2510-4d52-bad2-9768e45a8569,"7207031006001200 - UMKM - 2",7207
a46fa3b3-d70c-4c88-a85b-9df23e2cca0b,"7207031006001200 - UMKM - 1",7207
955e563f-ce1d-4e4d-bafc-364648998d1a,"7207031006000900 - UMKM - 1",7207
e9f4d3a8-dc44-4112-9720-919784321ed2,"7207031006000600 - UMKM - 1",7207
761b6601-f5d8-4840-b3d4-6b5f9f91389d,"7207051007000400 - UMKM - 1",7207
f9f7e23e-80a4-4e6c-a18c-7cfca473be60,"7207051007000400 - UMKM - 2",7207
0aee7df9-a653-4c21-98f2-64b9a9397401,"7207051007000300 - UMKM - 1",7207
9d76c7c1-28b2-49a1-ae9e-61d76273b273,"7207051007000200 - UMKM - 1",7207
c359e22a-32ef-451e-af78-78e20114649a,"7207020009000300 - UMKM - 2",7207
10eba346-44cf-4f62-92f4-5b410c48a925,"7207020009000300 - UMKM - 1",7207
ddc9843e-6439-489d-8f2a-6063d230f06f,"7207020009000600 - UMKM - 1",7207
afbb643f-b80c-4b47-b07b-e5800a766389,"7207020009000400 - UMKM - 1",7207
e92f20a9-53d4-4dc7-99fb-12680c6217cd,"7207041010000100 - UMKM - 1",7207
89a1b6f7-e2cc-44d6-8940-df60c7a5ab2a,"7207041010000500 - UMKM - 1",7207
d3977969-ef6b-4584-abbd-149953c896f9,"7207041010000300 - UMKM - 1",7207
3e3a7a7f-324f-4b4a-b680-b47fbfcc0a03,"7207041010100200 - UMKM - 1",7207
d4955155-9bfc-4ba0-b438-5f644b3b77ce,"7207041010100200 - UMKM - 2",7207
46accc50-ec71-4261-a9d8-fb3e1284c048,"7207041010000400 - UMKM - 1",7207
abe27e34-4daa-4452-af81-7373aa00b1bf,"7207021001001100 - UMKM - 1",7207
0839a555-7712-4389-85a4-9c06621809b1,"7207031011100100 - UMKM - 1",7207
ef02129c-470f-41e6-a66b-5e59f6dad630,"7207031011000600 - UMKM - 1",7207
5832e577-3adc-4f38-bc1c-92f64c9e7009,"7207031011000100 - UMKM - 1",7207
5480a8d1-8f4a-4e12-b532-5b3a181e5cf9,"7207031011001100 - UMKM - 1",7207
f6588e17-bab2-42d3-9f9a-767c1bd00393,"7207031011000700 - UMKM - 1",7207
e19d4367-d795-4f32-9341-6f439dc9a8c7,"7207031001000800 - UMKM - 1",7207
489036f8-c5d8-41fb-8794-021d1e4808cf,"7207031001001200 - UMKM - 1",7207
3e2cb43d-c71f-493a-bd4d-13ebe0bde47c,"7207031001000600 - UMKM - 1",7207
3a9a9776-96ae-45e8-be30-dae5212493a3,"7207031001000600 - UMKM - 2",7207
6eb9ec5a-00a6-4796-a658-0781208e181d,"7207031001001100 - UMKM - 1",7207
07374e04-51ab-4a3a-bcd4-7a44307545ae,"7207010012000400 - UMKM - 2",7207
d65d3122-2aa5-482c-a3bb-f4bca79c8bbe,"7207010012000400 - UMKM - 1",7207
34a741d0-e75c-45e6-8fba-d11f8ead7f4e,"7207010012001000 - UMKM - 1",7207
ec77b29b-6df0-4312-88b7-5de49651ce47,"7207010012001200 - UMKM - 1",7207
bdbde9c8-0728-4cfb-9c48-ae8584d55b07,"7207011004000700 - UMKM - 2",7207
3faaec0b-5927-4dc3-bcb1-ebbe96f79886,"7207011004000700 - UMKM - 1",7207
60fd1bbe-aec0-4ef9-9915-1fed82cc7fc8,"7207011004000200 - UMKM - 2",7207
1b8b18c0-04c9-4ced-975c-f6693c06d047,"7207011004000200 - UMKM - 4",7207
0b15b37c-7993-45ef-89d0-31f889b745bc,"7207011004000200 - UMKM - 1",7207
3e538eed-8729-488b-84af-996cf547118e,"7207011004000200 - UMKM - 3",7207
a1d12dcd-e7cd-4770-91f9-a5d045850b45,"7207011004000500 - UMKM - 3",7207
792ab6d6-be2d-4a39-a926-7bc7f51bbf52,"7207011004000500 - UMKM - 1",7207
bd8161bb-1bb6-4e1a-a543-d624ef1df001,"7207011004000500 - UMKM - 2",7207
6a19e286-3f6a-4612-bdc3-a0c8bdd187ee,"7207011004001700 - UMKM - 2",7207
eae382a9-6883-4603-8cc4-9a410adb582f,"7207011004001700 - UMKM - 1",7207
8952c695-37e4-4422-b5ae-5cb98906b41d,"7207011004001500 - UMKM - 2",7207
374df65c-fb85-4603-b519-7ae68b87c354,"7207011004001500 - UMKM - 1",7207
52fe1327-ca0c-4d57-9450-07b48ca50223,"7207011004000600 - UMKM - 1",7207
947c210a-6562-4c8a-926a-d0de8baf4d11,"7207011004000901 - UMKM - 4",7207
1fdead48-dfa0-46dd-977b-7231230c2415,"7207011004000901 - UMKM - 5",7207
26bcea5d-6981-4842-955d-b7972e2b8f4f,"7207011004000901 - UMKM - 6",7207
5a56a286-b83e-4a4d-9b70-eed27b106bca,"7207011004000902 - UMKM - 1",7207
ddf897ab-d86b-4c53-b39c-e5c79af9bb8a,"7207011004000902 - UMKM - 2",7207
db702fd0-a9b5-4e29-89b1-45278ef5e2b3,"7207011004000901 - UMKM - 1",7207
c285cd2e-7aed-4e91-bb28-ac5193884d41,"7207011004000901 - UMKM - 2",7207
4c07ff26-79db-4996-9ce2-7b7ef334f32e,"7207011004000901 - UMKM - 3",7207
b12d0925-9711-47d6-a1d0-a37a327019b1,"7207011004001200 - UMKM - 8",7207
4c3ff1e5-1099-4f23-a96a-49f44e3f57d6,"7207011004001200 - UMKM - 7",7207
afe2df58-9796-41d2-b5e1-c37bec5e6c80,"7207011004001200 - UMKM - 6",7207
1da83421-6bfe-4df3-8da9-fcf0fab45341,"7207011004001200 - UMKM - 5",7207
01777746-8791-4b82-b42c-bff8fe4974c5,"7207011004001200 - UMKM - 4",7207
dbdc85db-93af-4a20-b6c1-dd1d7d46084c,"7207011004001200 - UMKM - 3",7207
48813454-d103-453f-a053-765f57636cbe,"7207011004001200 - UMKM - 2",7207
c513a211-5869-49e0-834a-843979cbdbfe,"7207011004001200 - UMKM - 1",7207
2c2bcf24-5acf-4305-a52a-2da254c00790,"7207011004001400 - UMKM - 1",7207
399e225b-7580-42ef-9bce-901a2fd9ff86,"7207011004001400 - UMKM - 2",7207
88f8c180-f0f4-4813-8b90-95746689060c,"7207011004000300 - UMKM - 1",7207
c95a05aa-e56f-4b0f-a8a6-cd2a22bcec2b,"7207011004000100 - UMKM - 1",7207
aafbd10c-a7d1-4236-8d9d-097e18e2c8f0,"7207011004001100 - UMKM - 3",7207
c0651b09-ee31-4ece-b7c8-3a79ac222a52,"7207011004001100 - UMKM - 1",7207
39581f9b-47c3-4551-ba1c-8da3eb2bd7b8,"7207011004001100 - UMKM - 2",7207
6207f06b-dc26-4103-baba-44ff9fbaef59,"7207030008000500 - UMKM - 1",7207
5ef9f584-772f-4df3-8b30-ddd97ca44675,"7207030008001200 - UMKM - 1",7207
abb04c4c-5537-4c57-afd4-91285d3f9e4c,"7207030008000400 - UMKM - 1",7207
ff5ea2f9-24e9-482d-93f6-c483974d8af0,"7207012003001200 - UMKM - 1",7207
4022affd-ac98-49e8-9222-418dc784b3d5,"7207012003001200 - UMKM - 2",7207
b382a1b8-d0b5-4614-99a1-c4bad51cdfa0,"7207012003000600 - UMKM - 1",7207
d029c463-52fc-4d2a-a5b3-565d71e6b893,"7207012003001500 - UMKM - 2",7207
cfbab04f-faad-4c3a-bc26-2f624d590a73,"7207012003001500 - UMKM - 1",7207
39c08173-8e42-41e8-820a-3ffe1a9a1efe,"7207012003000300 - UMKM - 1",7207
32caf076-6c5a-453a-9713-697f56d5aacf,"7207012003000400 - UMKM - 1",7207
29c86da4-879b-4f42-aa62-f280132ec5fa,"7207011006000900 - UMKM - 1",7207
18786411-d8e9-4b59-a212-699482288072,"7207011006001400 - UMKM - 1",7207
5eb4fcb7-a244-4388-9d9e-9a50c4a46d59,"7207011006001100 - UMKM - 1",7207
a5aec3f1-992b-4d7f-90b5-52065958eafc,"7207011006001000 - UMKM - 1",7207
688b98e5-4e0a-42d5-bc63-cbe17874dba2,"7207011006001800 - UMKM - 1",7207
e1706ead-c92c-4f83-88c2-7f619a62bd25,"7207011006000600 - UMKM - 1",7207
2381335a-d22d-4d2d-95ec-910e01a38689,"7207011006000600 - UMKM - 2",7207
b2dc726f-43fc-4546-9448-f3e23dc40e26,"7207011006001200 - UMKM - 1",7207
4fba762d-5451-4807-a5f9-609fe3e2904e,"7207011006001500 - UMKM - 1",7207
3d2c113f-3fb9-4738-a8bc-35ab3aba4e56,"7207011006000300 - UMKM - 1",7207
22d702e8-39a1-43cf-9cd5-f9d3c764c742,"7207011006001700 - UMKM - 1",7207
ec26c4ea-6869-41e1-9c1b-ac5b1ed71a14,"7207011006000100 - UMKM - 4",7207
3ffb1298-9943-4540-9e35-08c2f3346fa7,"7207011006000100 - UMKM - 3",7207
f7b7aa0f-83c0-4bec-9fad-f235995d5d09,"7207011006000100 - UMKM - 2",7207
9df23e01-81e4-48ae-9b4b-f8587ec5c011,"7207011006000100 - UMKM - 1",7207
1b8bfda2-e371-4ae9-b5f2-1135a45251db,"7207011006000800 - UMKM - 2",7207
32b58bd6-9297-4d03-99a6-e669ad34d115,"7207011006000800 - UMKM - 1",7207
f074b645-53ce-47ac-969d-821dc6cd44da,"7207011006000400 - UMKM - 5",7207
1109b0d8-8e14-4538-a353-bcf4e97d6a48,"7207011006000400 - UMKM - 2",7207
2d04c4a9-f118-43c9-ad20-519a5925e6af,"7207011006000400 - UMKM - 1",7207
186d72d6-4c35-4083-a182-10c254f720c8,"7207011006000400 - UMKM - 3",7207
1aabea3f-1d3f-4196-a2c8-70a38ca784d8,"7207011006000400 - UMKM - 4",7207
affec785-a704-47ac-842d-64c1ab23def0,"7207011002001200 - UMKM - 1",7207
78427542-1a03-4899-a922-45bcde73a1a6,"7207011002000400 - UMKM - 1",7207
6177d71c-bd89-4781-acd2-70c5ad6a6709,"7207011002000100 - UMKM - 2",7207
eb4f47dc-919d-4c4d-bfa7-3fe1fcaa7d4a,"7207011002000100 - UMKM - 1",7207
58030600-49db-42fe-ab01-ae83ba610763,"7207011002000100 - UMKM - 4",7207
48d02a60-bf84-4722-a43d-51c424b45701,"7207011002000100 - UMKM - 3",7207
cbc9431a-d9f1-4860-9069-606a6bc7a81c,"7207011002000800 - UMKM - 2",7207
16767892-8fde-43a2-9906-689a7aaf3278,"7207011002000800 - UMKM - 1",7207
c8219a13-f21c-42c6-b4ad-675858bd0886,"7207011002000300 - UMKM - 1",7207
66616b23-36e8-4671-b21b-fe76735ef8b4,"7207011002000300 - UMKM - 2",7207
ff4faff9-29d4-48d2-9f56-977f009a7550,"7208032007000200 - UMKM - 1",7208
1c5ee509-096c-402e-a38c-6c1f5d49d45a,"7208032007000400 - UMKM - 1",7208
c3a058b9-d1d7-47f7-ace9-0e9dd84f4f01,"7208032007000300 - UMKM - 2",7208
5845c203-a3b8-4779-a4ae-a1516edef7b1,"7208032007000300 - UMKM - 1",7208
07e08b40-b1b9-4986-a641-d2af501e8ff3,"7208041016000100 - UMKM - 4",7208
91246306-94e1-4206-97b1-8a5ac8f48cd4,"7208041016000100 - UMKM - 1",7208
0f14fefd-72ad-4837-a458-d6cfd8c9d53b,"7208041016000100 - UMKM - 5",7208
37902c02-58a6-480d-a8eb-0cce629bdb84,"7208041016000100 - UMKM - 2",7208
efd7d073-c979-4131-a4fe-5c35c624af21,"7208041016000100 - UMKM - 6",7208
97c06c8f-3316-4493-b9e0-7c4355c17e16,"7208041016000100 - UMKM - 3",7208
503a8216-3cc7-45ef-8575-36abf452691e,"7208041016000300 - UMKM - 1",7208
6702678d-879a-4c7c-8682-11b1cb0a164b,"7208051006000100 - UMKM - 1",7208
4e3034ec-8aaa-474c-869c-bad6d58a4ef9,"7208051006000100 - UMKM - 2",7208
e5757f7f-c769-469c-8980-ee4fee57a795,"7208051006000100 - UMKM - 3",7208
fa73a51a-9659-4352-a6fb-f1d3d153cfa4,"7208051006000300 - UMKM - 1",7208
0b61a8e0-eade-4172-b904-b52b460b7340,"7208051006000300 - UMKM - 2",7208
4280dbc8-4cca-4625-89e0-c987f2bed66b,"7208051006000400 - UMKM - 1",7208
4197a9c2-6f20-4722-b7b9-3a06025d46d1,"7208051006000600 - UMKM - 1",7208
4751a547-e83a-4573-9c9e-bd92fcde4ea1,"7208051006000600 - UMKM - 2",7208
bcf6a608-7626-4dec-bd9c-6b98f6b1bed0,"7208051006000200 - UMKM - 1",7208
dd190bad-d5fe-4749-be09-fb1ccc40e2ac,"7208063003000400 - UMKM - 1",7208
da8dcd7c-40ba-40b5-ae19-e2180acc74f0,"7208063003000100 - UMKM - 1",7208
2ddee68c-1e05-4534-9429-518565cd72ec,"7208064015000400 - UMKM - 1",7208
2265fb43-03b8-4cb0-819c-f5cb35ec308a,"7208064015000500 - UMKM - 1",7208
58732820-f4ba-4a56-bede-fd37ca2ec9ec,"7208064015000300 - UMKM - 1",7208
e10e2b2b-be0c-48c5-a714-de3aca4807e8,"7208064015000200 - UMKM - 1",7208
ceb2a24d-a7a9-468d-8ae6-c78c1dae021b,"7208064015000100 - UMKM - 2",7208
4ee122f8-bf83-4e51-98c6-ec97dcabf606,"7208064015000100 - UMKM - 3",7208
ec2c1cac-5594-4042-960d-a0c4909c701a,"7208064015000100 - UMKM - 1",7208
dc6b477c-6955-4e1c-a521-238cf9334c55,"7208061003000502 - UMKM - 1",7208
db75bb46-a17c-431b-932e-4cf66260fa79,"7208061003000501 - UMKM - 1",7208
d6b80f29-de9d-4bcb-86e8-419acb8c371c,"7208061003000300 - UMKM - 1",7208
1a23a1d3-a28d-46c5-afef-58c63183375e,"7208061003000200 - UMKM - 1",7208
df3a3132-3057-43db-857c-a83c39b2ae20,"7208061003000200 - UMKM - 2",7208
6f22848f-9127-433c-b17c-1066ebed5f35,"7208061003000400 - UMKM - 1",7208
86ba5e2a-823a-4c52-ba35-ecd030664c78,"7208061003000400 - UMKM - 2",7208
ae0404de-ffbe-4c30-808d-bf9e9fc44de5,"7208061003000400 - UMKM - 3",7208
f42f190c-5a4c-4d08-b173-d40422d8f7a4,"7208061003000100 - UMKM - 1",7208
d51516ba-33d8-4ece-903b-29c5ea0fabcc,"7208061003000100 - UMKM - 2",7208
d421ac31-8a23-4fce-9121-1cbde1bf2d14,"7208061005000500 - UMKM - 1",7208
c8f9e775-587d-4c81-b492-4cbcf0a0ee8e,"7208061005000700 - UMKM - 1",7208
a3334cde-333c-48d5-80aa-f46fc782f369,"7208061005000100 - UMKM - 1",7208
42e2a0da-ee7a-4eea-9ce1-f843b139b58e,"7208061005000200 - UMKM - 1",7208
77b16823-46ca-474d-bac9-40d01e667f6a,"7208061005000200 - UMKM - 2",7208
020c0c70-913f-4b8b-8673-65ce60b41140,"7208042011000200 - UMKM - 1",7208
46f255fc-1621-418e-b61c-284e5aaf5150,"7208042011000200 - UMKM - 2",7208
b6974824-98da-4c96-9759-79532215debb,"7208042011000200 - UMKM - 3",7208
640d45f2-4567-4c39-ac5f-f97603c116ca,"7208042011000300 - UMKM - 1",7208
8115a9d5-c325-406f-a350-4f071875ea6d,"7208010013000500 - UMKM - 1",7208
58ffb331-c831-4382-8428-0a7204a6c834,"7208063005000100 - UMKM - 3",7208
3e33a58f-f5dd-4713-9850-ee1f5205cec5,"7208063005000100 - UMKM - 1",7208
7728af99-f6d1-4aa0-a5cf-9269d594f5c2,"7208063005000400 - UMKM - 1",7208
f8951b9b-e489-4836-82da-bd73978aa8ff,"7208063005000500 - UMKM - 1",7208
cfeb4077-a791-4456-8c2d-d74b6876f0b8,"7208063005000100 - UMKM - 2",7208
e13210b9-2fd0-4aed-9593-eb77569a48dd,"7208063005000100 - UMKM - 4",7208
4217ae13-e5d5-4731-b6e1-82f5db8ad495,"7208063005000200 - UMKM - 1",7208
0f89cf0d-1583-4f44-800d-a52345a03cc2,"7208063005000200 - UMKM - 4",7208
9a9df9f9-90f1-49fb-b5ff-fa9e1b46676c,"7208063005000200 - UMKM - 2",7208
c4f7d7f7-d58e-41a7-a60a-c945acf139e9,"7208063005000200 - UMKM - 3",7208
d462310f-0264-4e22-8127-b6eae6948f47,"7208051017000400 - UMKM - 1",7208
c2a13427-92da-4a3e-92de-6523c1b9484b,"7208051017000100 - UMKM - 1",7208
f19da9ca-e37c-4e57-b005-9e30768ce9d3,"7208051017000300 - UMKM - 1",7208
d98988f4-56c9-451d-a238-bc44e58ba8c2,"7208062011000100 - UMKM - 1",7208
57f6aff6-130f-40bc-8864-2c0eb5891b41,"7208062011000400 - UMKM - 1",7208
dff58a86-0223-4446-9f80-d8db7af21e44,"7208060026000100 - UMKM - 2",7208
b172d2a9-28d9-425b-82e1-7ce43cc3bdee,"7208060026000100 - UMKM - 1",7208
0dcd2fb6-c4b2-4c6e-9f81-ad41ad52c488,"7208032009000100 - UMKM - 1",7208
4e182b25-6492-47fe-99e7-426c5fc9dcc3,"7208032009000200 - UMKM - 5",7208
310eba58-5a10-4b1f-bd99-46bb92bc3373,"7208032009000200 - UMKM - 2",7208
c13d6abc-782b-4ced-8307-02efafebf38c,"7208032009000200 - UMKM - 1",7208
8a1fdd8b-debc-40f3-b38e-eb38601801ea,"7208032009000200 - UMKM - 4",7208
af3cf974-c4ac-46aa-8064-5adaa76d10c0,"7208032009000200 - UMKM - 3",7208
49b89279-424e-4151-b886-c46009316f3e,"7208032009000400 - UMKM - 2",7208
1212db04-ebf7-4174-84f2-98157bc9d3fd,"7208032009000400 - UMKM - 1",7208
632b5f19-6d55-4be2-a04b-f2ae10547078,"7208010016000500 - UMKM - 1",7208
4f7db26b-68cd-4cf9-9795-9e3aff241cc8,"7208010016000400 - UMKM - 1",7208
4b0c8338-db84-4db5-9ee0-85c7a5ca37c6,"7208051016000300 - UMKM - 1",7208
6ab6058a-bdcb-4cb3-b0d7-e732ff5574fe,"7208051016000300 - UMKM - 2",7208
0eb0fda3-43b5-4793-af15-911eafc6ed09,"7208040025000100 - UMKM - 1",7208
7cc71f0f-cb52-4713-8f74-7757cc9a8132,"7208040025000200 - UMKM - 1",7208
5fc7448e-16fd-43f0-8432-432554a82f6e,"7208064007000400 - UMKM - 1",7208
30bde333-04f5-489c-b535-6be9b4cdaf5b,"7208031005000400 - UMKM - 2",7208
a5d6d2a2-adcd-4b0e-a386-f48939880313,"7208031005000400 - UMKM - 3",7208
5142511e-834b-4392-8aaf-66ced31ff3f6,"7208031005000400 - UMKM - 5",7208
07f83038-64bc-4ab9-a635-03a8e872343d,"7208031005000400 - UMKM - 6",7208
5af37180-7418-40c9-b373-8143daa9a7f5,"7208031005000400 - UMKM - 4",7208
d0a3b648-b90c-49a6-9083-e3b365da55f1,"7208031005000400 - UMKM - 1",7208
52384e91-5d8f-456e-83df-eef9bab8b48b,"7208031005000302 - UMKM - 1",7208
9ebcb13f-4e67-4957-9f48-7b479ddb9820,"7208031005000301 - UMKM - 1",7208
f037c2a7-e6c5-4c85-81f4-401119426908,"7208061017000400 - UMKM - 1",7208
854aca14-d4b9-471d-ad46-e16935a49037,"7208061017000400 - UMKM - 3",7208
a6bb4703-63d1-4dac-84da-9be4e0f414eb,"7208061017000300 - UMKM - 1",7208
c9a9634d-08fe-412c-8c2e-ddc9122bc18a,"7208061017000400 - UMKM - 4",7208
fc023432-c687-4372-8a41-144f7daf8361,"7208061017000500 - UMKM - 1",7208
0d27f614-7ccc-4b35-ba35-1c49b7a27ac8,"7208061017000200 - UMKM - 1",7208
6acced5b-849c-4f9b-a02d-47fd8449932d,"7208061017000200 - UMKM - 3",7208
a2c51dd3-85d2-4f63-a36c-d37a0bd4ecbd,"7208061017000200 - UMKM - 2",7208
3c4c8ba6-8122-4347-85ba-cb604f888e4e,"7208061017000300 - UMKM - 3",7208
d11c2497-5ed0-446d-b217-a6ec4bdd5a3a,"7208061017000300 - UMKM - 2",7208
82fc370a-5ceb-42aa-854e-c14bf724e083,"7208061017000400 - UMKM - 2",7208
5f371b04-88bd-42dd-ba50-c6ce6fc9c991,"7208061017000100 - UMKM - 2",7208
6b74298f-441d-4583-8195-173760aab569,"7208061017000100 - UMKM - 1",7208
3823b7ac-535a-4418-865d-3e82c841f13c,"7208061017000100 - UMKM - 3",7208
801ba6c1-f275-4320-beed-d721d851a476,"7208032008000200 - UMKM - 1",7208
1a681cdb-6ea2-4775-95fe-ef2092eda3f6,"7208032008000300 - UMKM - 1",7208
110817bd-a037-439b-aede-1bf72effdd9a,"7208032008000200 - UMKM - 3",7208
13b4b3d9-73a7-4b1c-9dca-9348bf9a3c23,"7208032008000200 - UMKM - 2",7208
e6819173-deb6-4e75-bf2d-54f8dea6a833,"7208012006000200 - UMKM - 2",7208
2c619231-0803-4dce-bbd8-96a631df328d,"7208012006000200 - UMKM - 4",7208
da1459be-5c01-49fe-89f4-99a7775b2151,"7208012006000200 - UMKM - 5",7208
6d20ac4a-d013-418f-b1b9-156ffe2906b1,"7208012006000200 - UMKM - 3",7208
1cf13c40-eba7-4f2d-8083-a54af57cfaff,"7208012006000200 - UMKM - 1",7208
714cc6f7-53a5-4420-8b7d-58fd1355cbdd,"7208012006000700 - UMKM - 1",7208
6d30842b-53bd-4944-b0c4-eae95643e3a8,"7208022003000200 - UMKM - 1",7208
a07355ba-37f8-46d4-a3ea-f45175ab3d2f,"7208022003000200 - UMKM - 2",7208
a51743e9-bfd2-4093-b73c-6f4faaef958c,"7208022003001000 - UMKM - 1",7208
540927ba-b099-4520-8184-8311a6f99168,"7208022003001000 - UMKM - 2",7208
5ef196a5-7978-41b6-aa2a-03486db1b81a,"7208020013000600 - UMKM - 1",7208
390c1077-8e9b-42d7-a3e4-0643d52f7647,"7208020013001300 - UMKM - 1",7208
f255e852-9d64-49be-83a1-cccd29b0b21a,"7208020013000500 - UMKM - 1",7208
343950e9-ced9-451a-ace5-dd184236a2fc,"7208020013001000 - UMKM - 1",7208
9b26af6a-b1f8-4fdd-814f-c28da15aa5d1,"7208020013000400 - UMKM - 1",7208
83507870-87ca-4cf6-a538-25a030d764c4,"7208020013000800 - UMKM - 1",7208
d07d9923-d7de-4802-93f3-96d562e3a18a,"7208020013000200 - UMKM - 4",7208
15b01ff0-0c1b-4474-9e5d-5700513f57ed,"7208020013000200 - UMKM - 2",7208
a4ffd7e2-01ca-46c3-8f77-588b01b72240,"7208020013000200 - UMKM - 1",7208
2bc76c4b-6484-4880-97da-028c60f53bfc,"7208020013000200 - UMKM - 3",7208
e2b31c27-1969-472a-a000-617b41e255bf,"7208063001000100 - UMKM - 1",7208
7cf949a7-8688-49a2-ad95-7749d2d685b6,"7208063001000400 - UMKM - 1",7208
197a0433-8cf3-4ee9-ad43-04ee2cbff261,"7208063001000600 - UMKM - 4",7208
9865593a-8836-4ab6-b866-7142f14bbca4,"7208063001000600 - UMKM - 2",7208
57bb4a28-7cc0-4890-b0bb-96495744eced,"7208063001000600 - UMKM - 1",7208
8546bed8-4f6a-4aeb-a2e8-ae4ead088e2d,"7208063001000600 - UMKM - 3",7208
735f28aa-5379-4cf1-82d4-1884c9a17d12,"7208063001000302 - UMKM - 1",7208
4df24d78-297c-4097-91dc-e3941d7e8794,"7208063001000500 - UMKM - 1",7208
f9c403ff-2792-4373-8436-d98fdf0fb8a6,"7208063001000200 - UMKM - 1",7208
6ebfd00e-b398-4699-9486-a8f99e8d1ae4,"7208063001000200 - UMKM - 2",7208
f192b149-73fc-4024-89e5-a990db10fd96,"7208051012000100 - UMKM - 1",7208
e162d6da-f422-4fcb-a139-b9cef06f76f8,"7208051012000700 - UMKM - 2",7208
00d02105-08bb-4067-85b5-e7600fb43360,"7208051012000700 - UMKM - 3",7208
68bc3a14-924c-41e7-810f-b03b778a4fae,"7208051012000700 - UMKM - 4",7208
eb8f5255-8a55-4d9b-af94-16e0d4d0407b,"7208051012000700 - UMKM - 1",7208
a7b05f74-b1c4-404f-8e81-4ba7c0c233e8,"7208051012000400 - UMKM - 2",7208
959373f5-99ba-4a01-b4b0-3ed525aa749d,"7208051012000400 - UMKM - 1",7208
09b48d6a-fbba-4fa9-b214-39004e98fe57,"7208051012000600 - UMKM - 1",7208
7d29b6b1-f56d-4e61-b283-953629751288,"7208051012000600 - UMKM - 2",7208
a741c63f-490b-4d65-b393-822d35224ed8,"7208051012000900 - UMKM - 1",7208
22f0e9d5-e337-46f8-bd25-aa744d4cdff3,"7208051012000900 - UMKM - 2",7208
85fa9675-f668-4b60-8842-9f3c4fec9619,"7208051012000500 - UMKM - 1",7208
b1d990f8-7a02-45da-ae34-83fad95ebb7e,"7208051012000500 - UMKM - 2",7208
0e7cf952-4076-4f85-b7ab-a041b00358d5,"7208051012000500 - UMKM - 3",7208
5b004657-2949-4970-9d89-7b348907ce68,"7208032005000600 - UMKM - 1",7208
9f664da0-3f25-46fd-aa93-fc1387cd3702,"7208032005000400 - UMKM - 1",7208
c088c80a-54d9-40fd-a533-e6b72a2375be,"7208032005000400 - UMKM - 6",7208
3e9046a7-78f3-41c9-b276-08afc998c89a,"7208032005000400 - UMKM - 4",7208
9a36449b-bc61-4b88-a561-22e3fd75d524,"7208032005000400 - UMKM - 2",7208
a2d7c0c8-da73-400c-90d1-6f76bb3615cf,"7208032005000200 - UMKM - 2",7208
263dd339-d889-4542-8ec5-960f6765b126,"7208032005000200 - UMKM - 1",7208
09c09e5d-8289-45fd-a7a2-e0d7f01e7b79,"7208032005000400 - UMKM - 7",7208
d5db262e-eec6-459b-aa83-f20490bbb67e,"7208032005000400 - UMKM - 5",7208
a5157cee-1f21-4caf-a1e7-e5346300a8e8,"7208032005000400 - UMKM - 3",7208
ae86fa44-e734-4450-818f-8acc72894fba,"7208032005000500 - UMKM - 4",7208
b6acc12b-cf78-4415-ab8e-c712c9618259,"7208032005000500 - UMKM - 3",7208
97cc6e42-43ad-4b7f-8231-c38d324b3065,"7208032005000500 - UMKM - 2",7208
dcb0dae7-baf9-4178-8aed-889d4cc8ac51,"7208032005000500 - UMKM - 1",7208
ac932480-a035-499a-91cf-8425bf158203,"7208032005000700 - UMKM - 1",7208
8a866888-6e1b-4d86-83ea-5de9f5efbaba,"7208032005000600 - UMKM - 2",7208
e5566eda-1b23-4bfc-a055-af517b6c465f,"7208032005000600 - UMKM - 3",7208
96adbaea-7cc6-4b04-9b00-0c595f6365a5,"7208032005000600 - UMKM - 4",7208
c1b9685b-7a74-49f5-9787-a8c2cfc8fc03,"7208030017000300 - UMKM - 1",7208
de2c04f1-79c5-4cb9-9802-b4af3c5f0d13,"7208030017000400 - UMKM - 1",7208
27e25545-a709-4ce6-bba2-a71de8d6e33b,"7208030023000100 - UMKM - 1",7208
3e28b941-bd58-4085-89a9-2535cc42d678,"7208020021000100 - UMKM - 1",7208
b0ae4844-daae-47f2-8197-99a7a3f26cdd,"7208060033000500 - UMKM - 2",7208
96b320b4-3e0a-491b-970b-5b3d3a6fc337,"7208060033000500 - UMKM - 1",7208
ffb0bb2e-7c50-488c-bdc0-895c34ee00ae,"7208060033000400 - UMKM - 1",7208
f47a00fc-bdbe-4da1-926a-47f08c0c157c,"7208060033000300 - UMKM - 2",7208
7edf8605-bc84-4a21-8ee7-ed39886ad472,"7208060033000300 - UMKM - 1",7208
2a86fdb8-507c-4052-8dbd-49554ce5923d,"7208040017000100 - UMKM - 1",7208
90cf3c92-59ee-4f91-a8c2-f21047d29f6c,"7208022006000300 - UMKM - 1",7208
fe5486a4-4695-4c81-9a6f-a78644ca6ca4,"7208041014000100 - UMKM - 4",7208
54e35de9-ae8d-4305-b364-d5e2c362e3f2,"7208041014000100 - UMKM - 1",7208
0966abba-9ac3-445d-9059-5ec8ca98c719,"7208041014000100 - UMKM - 8",7208
d6187ace-d6f8-47be-8db4-6b51243c451c,"7208041014000100 - UMKM - 5",7208
945402e3-bfc1-4361-b1af-5dc8f3dacb9e,"7208041014000100 - UMKM - 2",7208
9e66f571-1744-425e-82d7-f41d196c2082,"7208041014000100 - UMKM - 3",7208
9fd40c25-0542-4abf-9285-ecbed95c8328,"7208041014000100 - UMKM - 6",7208
b5cd79ef-2fad-4a3d-803e-b00e7c550ae6,"7208041014000100 - UMKM - 7",7208
cac190d2-3d47-4b9f-8c76-3e428f8eb788,"7208041014000100 - UMKM - 10",7208
0ab7e3be-0cf6-4642-bd71-5a2b4075d4de,"7208041014000100 - UMKM - 9",7208
143ce91e-c9ad-4802-aaee-ecc8f8c349bf,"7208041014000300 - UMKM - 1",7208
1fbb4f30-6164-4337-ac21-138147843842,"7208041014000400 - UMKM - 1",7208
4e6edd7b-5e35-49a3-9f31-d76182b21e16,"7208041014000400 - UMKM - 2",7208
4ec021e3-3097-401c-bdd0-9f0980ee64aa,"7208063008000100 - UMKM - 3",7208
6a3e5f89-6c6e-45e5-b2b6-499119a1e400,"7208063008000100 - UMKM - 1",7208
5edb06cc-3e00-4640-8696-f3c419381c91,"7208063008000100 - UMKM - 4",7208
c0e47dde-884d-4cbf-be81-078c23d6dbe9,"7208063008000100 - UMKM - 2",7208
a49ee37d-f1ef-4799-8d1b-1c831a15fbe3,"7208063008000400 - UMKM - 1",7208
4b58b942-0223-4546-aa8e-8d55b7124773,"7208063008000300 - UMKM - 3",7208
dfa1dd38-4fcd-4945-a63a-1b9e50431133,"7208063008000300 - UMKM - 1",7208
44f232aa-1840-4dcb-9578-228253132e89,"7208063008000300 - UMKM - 4",7208
d58b78a0-9d3d-4b34-8d63-c2e6a578a727,"7208063008000300 - UMKM - 2",7208
d1143f31-fbce-44a0-aa6b-189b7e7666d9,"7208030019000200 - UMKM - 1",7208
0257a6b5-5775-4175-abb8-f84985b68db6,"7208051010000400 - UMKM - 1",7208
245e6cbd-31e8-4056-a868-c3e33c9031b4,"7208051010000100 - UMKM - 3",7208
2b9303d5-b9ca-4f6a-b509-ebc2980048b8,"7208051010000100 - UMKM - 2",7208
24084a12-15e2-4856-a943-3144dccd5649,"7208051010000100 - UMKM - 1",7208
95d52601-862d-4c69-af48-e7a03f8a2f43,"7208050010000200 - UMKM - 7",7208
a60a7c5c-8192-47f8-a5a3-2ed947034e8f,"7208050010000200 - UMKM - 6",7208
a320a650-9bca-47cf-be73-6762782293dc,"7208050010000200 - UMKM - 10",7208
d909a139-cced-4a1e-925b-4cc178505480,"7208050010000200 - UMKM - 8",7208
199f8fba-cabf-4cc3-b46a-09bd9079bf9e,"7208050010000200 - UMKM - 4",7208
3fd90314-88af-46bf-81c9-fed0cd382890,"7208050010000200 - UMKM - 5",7208
3381b957-1f6d-43ea-8170-2d5a8a88775a,"7208050010000200 - UMKM - 11",7208
2a537e67-d0ee-4e29-95cc-34fae6c9316b,"7208050010000200 - UMKM - 3",7208
83cf117c-ecf1-4f0a-9e57-cc15161b1183,"7208050010000200 - UMKM - 1",7208
d85b375f-b004-4780-b6bc-076ccb69f580,"7208050010000200 - UMKM - 2",7208
3ffaa3fd-d430-424d-b076-843b688d1f2a,"7208050010000200 - UMKM - 9",7208
660583cc-0f3e-499f-82b2-17eb42db258b,"7208050010000100 - UMKM - 2",7208
e7153912-d008-4ae7-acf0-2b8dbd3a10d5,"7208050010000100 - UMKM - 1",7208
aff1b8b3-50c2-4995-9859-9fb399598ace,"7208050010000100 - UMKM - 3",7208
fed16833-6083-49cb-ae49-edfafe012b27,"7208050010000300 - UMKM - 1",7208
e010e9dc-65ca-4872-87b4-b47544b4e8ad,"7208050010000500 - UMKM - 1",7208
e0de2a44-c43b-4528-be8b-b1c599495a90,"7208050010000600 - UMKM - 2",7208
82e27432-cc93-4b94-bb3e-b925bf8a3462,"7208050010000600 - UMKM - 1",7208
e016985d-869a-431c-90f8-0081e6dcdc45,"7208041020000400 - UMKM - 2",7208
5627f2c4-e6d1-412b-b4ce-afb3d4503832,"7208041020000400 - UMKM - 1",7208
e521d9ba-4cb4-458f-9be8-8898f9fcafba,"7208064005000100 - UMKM - 1",7208
036bd3a4-e197-4529-8214-2355075d566a,"7208064005000200 - UMKM - 1",7208
a5ace565-6ad9-4df3-a066-9587eb95b761,"7208064005000300 - UMKM - 1",7208
dcf70fe0-063f-4fec-8896-04c601d1fee5,"7208061001000400 - UMKM - 1",7208
3368d746-1b20-4982-a50e-6853c142deb1,"7208061001000100 - UMKM - 2",7208
e1ea86f0-178f-4994-9468-31ddae4a08e8,"7208061001000100 - UMKM - 1",7208
6ec51385-b6e0-443a-bfee-617e78bd16f2,"7208061001000600 - UMKM - 1",7208
d715ca41-4247-428d-9184-7b094a6dc4e8,"7208061001000600 - UMKM - 2",7208
3e57c888-0e79-41c2-a2c7-a748fb03eca0,"7208061001000500 - UMKM - 1",7208
79b5efbd-64eb-47ac-8627-90d18228c1f7,"7208061001000300 - UMKM - 3",7208
9f2b1484-cc1a-49f1-ab7f-1f1070a0d310,"7208061001000300 - UMKM - 2",7208
704b1e42-d7dd-4dc0-999c-61a2b0ad9d1d,"7208061001000300 - UMKM - 1",7208
d3a7c41a-22a4-40e4-bd81-16c3982085fd,"7208061016000500 - UMKM - 1",7208
5f3e1735-fa78-456a-b50c-00ec1ddac8aa,"7208061016000200 - UMKM - 1",7208
f14bee0c-e5fd-4d20-9ba4-ec6f59aba196,"7208060027000400 - UMKM - 1",7208
683eb4ee-130e-401c-a49c-42fe08f0cb66,"7208060027000300 - UMKM - 1",7208
b49fa2a8-da03-4ece-8ac6-5b0bcec3bdb5,"7208020011000100 - UMKM - 2",7208
aee6b287-1dbe-464a-8029-f3c4d48f1d4c,"7208020011000100 - UMKM - 1",7208
23a251ab-eeae-4f1b-bdd8-d3ec476ce7a2,"7208031013000400 - UMKM - 1",7208
92a54f46-208a-4aaf-9d4a-397e987634bb,"7208031013000400 - UMKM - 2",7208
9f14cfb2-76d4-473c-8a47-9ad777e46827,"7208031013000200 - UMKM - 1",7208
a6a6c5df-ac4e-4555-a27e-c5b7666852a2,"7208031013000200 - UMKM - 2",7208
28c4f04c-2c75-45b0-8522-f3ccd7af376d,"7208031013000300 - UMKM - 1",7208
41913454-1eaf-47bf-affc-c6986a0800fa,"7208031013000300 - UMKM - 2",7208
047c7a07-5d90-40dc-b1e2-47f7d86eeeaa,"7208031013000300 - UMKM - 3",7208
0951aa4b-8722-4c6c-9c27-9ca983aab2ca,"7208041009000200 - UMKM - 1",7208
aacf18dc-3810-447b-881d-bad5eee60509,"7208041009000500 - UMKM - 1",7208
2f7316b9-4049-4bb9-a201-6e69ee62fbcd,"7208041009000100 - UMKM - 1",7208
0b05fbe8-97cb-4d50-8209-b226090d0a52,"7208041009000100 - UMKM - 2",7208
92497101-9197-4b5f-a68d-b364a995674f,"7208032004000300 - UMKM - 2",7208
4bff0860-6fa4-4bfa-87b3-122d914b9cdd,"7208032004000200 - UMKM - 1",7208
87b7ba3d-c10f-4bb3-8d4c-88ead563896a,"7208032004000300 - UMKM - 1",7208
70c4e103-f53a-48c8-be1a-2a721d6b92b8,"7208032004000400 - UMKM - 1",7208
b310cc21-8180-4d91-b4ff-199f9ec0eef4,"7208032004000200 - UMKM - 3",7208
02a908e4-0fba-4687-a4c7-17fcd1809e0d,"7208032004000200 - UMKM - 2",7208
adf19b50-14c3-4199-b27d-4b20d78b2f81,"7208060004000200 - UMKM - 1",7208
1291846a-e85a-41fc-b537-9c32df640f24,"7208010019000100 - UMKM - 1",7208
5610dc8b-3219-43fe-8fe9-3102819c43ca,"7208010019000100 - UMKM - 2",7208
5b265ea1-b39f-4afb-8887-f4d5060eecb4,"7208051014000400 - UMKM - 1",7208
42a25033-3f8c-47ca-8ed9-65d7465a07c6,"7208051014000400 - UMKM - 2",7208
858a3ef8-fa24-499d-ac23-b98dcfe44361,"7208051014000202 - UMKM - 1",7208
41efe21a-e70f-4e88-a166-31e5a2e1194f,"7208051014000202 - UMKM - 2",7208
9862a4b8-6f05-41c5-9076-80745c30a546,"7208051014000100 - UMKM - 1",7208
336fc834-94d8-4424-a315-015b65930c43,"7208022001000300 - UMKM - 1",7208
89049b54-bbc7-4fc8-a72c-c3baf4af9346,"7208022001000200 - UMKM - 2",7208
349aacb0-4a68-4322-a13d-b52e2c9382b5,"7208022001000200 - UMKM - 1",7208
6c8dfa73-8ada-4de0-b1ff-27a2e0313791,"7208022001000101 - UMKM - 2",7208
94a6366a-d4dd-47d3-927d-ecea6cf3d0f6,"7208022001000101 - UMKM - 1",7208
4407360b-34b3-4d6b-ada1-cd6d742e8224,"7208064003000400 - UMKM - 1",7208
cc398df1-f444-4915-992f-ff13d49914a3,"7208064003000700 - UMKM - 1",7208
65c54db5-47e1-45a6-9173-c23023241501,"7208064003000400 - UMKM - 2",7208
c887810a-bf24-4e74-8a3b-db336cceaa90,"7208064003001300 - UMKM - 1",7208
d06397e2-bf7b-4218-9be8-ba46557cb4ef,"7208064003001300 - UMKM - 2",7208
2aa945ae-0f4c-4ff8-80ed-8c344d4a3358,"7208064003001100 - UMKM - 2",7208
0a508f1d-de70-4193-97cf-b55125161bce,"7208064003001100 - UMKM - 1",7208
a0a318a7-9f90-4020-988b-be1008c4595e,"7208064003001100 - UMKM - 3",7208
316f2211-9f9f-4fac-aa57-5c681d92238e,"7208064003000200 - UMKM - 1",7208
6682e64e-7c03-418f-b455-9e933115a705,"7208064003000900 - UMKM - 3",7208
59de3736-790a-4755-9647-752ec3870fe9,"7208064003000900 - UMKM - 2",7208
ddd7c48a-f370-42a7-bdfc-4d6a0497c33a,"7208064003000900 - UMKM - 4",7208
dcf1df4b-8808-4aba-8620-14ff8125c107,"7208064003000900 - UMKM - 1",7208
313e74b2-3b7f-43fd-b2e5-7887dd0150ea,"7208064003000100 - UMKM - 2",7208
f1515a0f-63f0-440e-8c47-835b2a97b23c,"7208064003000100 - UMKM - 1",7208
908a35c9-b7f4-4be8-98e0-08673417bacb,"7208064003000800 - UMKM - 3",7208
b026874d-1570-4e39-8753-1984cafc747b,"7208064003000800 - UMKM - 4",7208
d6b3f79b-bc56-48f7-bcc3-84c71469f227,"7208064003000800 - UMKM - 1",7208
e71abdf3-4b42-4ea3-b30e-64225905532e,"7208064003000800 - UMKM - 2",7208
e411e07e-e80b-4e44-be3f-ace2ab2d244c,"7208064003000800 - UMKM - 6",7208
933f7ec9-2754-4a88-add2-6209b4d2b1ce,"7208064003000800 - UMKM - 5",7208
60a59d0a-6140-4986-a74b-e00b418b7030,"7208064003000600 - UMKM - 2",7208
82c333be-12e2-4320-8549-0b6504ec5f91,"7208064003000600 - UMKM - 1",7208
b9e001da-067e-40cb-9f23-4919c748a5aa,"7208064003001000 - UMKM - 2",7208
e30f9c26-361f-416a-93a2-ca0dd2691ba8,"7208064003001000 - UMKM - 1",7208
ad95247d-7a19-4839-b35f-eb511990bfc6,"7208064003000300 - UMKM - 1",7208
91347aff-5496-40b5-b880-e77f05fdc02e,"7208040026000300 - UMKM - 1",7208
30adba4e-2a62-44af-8b22-dc2f8a115723,"7208040026000402 - UMKM - 2",7208
46457d69-85fd-4955-8018-05b211ad4d9f,"7208040026000402 - UMKM - 1",7208
639740e6-bcae-445b-81e9-51445a4cbd51,"7208040026000200 - UMKM - 2",7208
0cf82728-faee-488a-bec1-0787a7b00dfc,"7208040026000200 - UMKM - 1",7208
2f494a95-6394-4a90-8987-99923d19d4a7,"7208040026000401 - UMKM - 1",7208
6a052f63-3bd5-4756-911e-a5d312f8116c,"7208030020000200 - UMKM - 1",7208
a2035de9-14fd-4479-a52c-6b3a578e2f9d,"7208030020000200 - UMKM - 3",7208
b31f67c6-eea9-4a7b-aa88-fcfafe5b3135,"7208030020000200 - UMKM - 2",7208
38fd7c9d-51fb-4e0b-966a-fc4223c1f930,"7208030020000300 - UMKM - 1",7208
0fa80307-2386-4afa-a863-004cc4ef7543,"7208030020000300 - UMKM - 3",7208
0bb69463-e756-40e9-a3f4-a1ad35278602,"7208030020000300 - UMKM - 2",7208
70d0d40b-c903-467a-a182-6fe5cbac6f63,"7208041013000400 - UMKM - 1",7208
ef7be6f0-370e-4491-acbc-91eb9406be03,"7208051009000300 - UMKM - 1",7208
d9f31cd4-50ea-4025-b62f-c03ac07d1a06,"7208051009000300 - UMKM - 3",7208
c2dd7c74-c059-40dc-878f-81f0be48dd74,"7208051009000300 - UMKM - 2",7208
3973fec5-14f1-48f1-9625-2760f274d974,"7208051009000300 - UMKM - 5",7208
27f1865c-b8de-4dd6-99aa-664536f1427b,"7208051009000300 - UMKM - 4",7208
32e4c30d-4b15-42ac-aaf1-d8b982e7d9b5,"7208051009000200 - UMKM - 1",7208
ab99da87-63e3-4554-90b5-4da0b48febc4,"7208063011000200 - UMKM - 2",7208
b2dd8499-8a32-437a-a98e-5ca3e55dce1d,"7208063011000100 - UMKM - 1",7208
a6129bbc-ad1e-4732-857d-38af9dbb5769,"7208063011000200 - UMKM - 1",7208
f387b990-2c5f-415e-92c8-d7a8ef1d8918,"7208063011000400 - UMKM - 1",7208
0ac409e2-75a3-4185-9c5a-ad125b2befa5,"7208063011000400 - UMKM - 2",7208
32bf5163-3934-4da9-b3a9-3aa56af50318,"7208012003000300 - UMKM - 1",7208
7a6fb6af-409e-480b-b776-5f2d5ac185f8,"7208012003000400 - UMKM - 1",7208
03d60baa-a1a8-427c-8483-69c912947958,"7208021010000300 - UMKM - 5",7208
2cee9414-9a39-41da-9821-5c0f5fbfe542,"7208021010000300 - UMKM - 7",7208
b4f7a3fd-6b33-431d-84fd-a6072f9dab6f,"7208021010000300 - UMKM - 2",7208
7a47d056-40fe-4c16-bcbc-563b71a21a19,"7208021010000300 - UMKM - 3",7208
ce1458f1-ebcc-4885-b3f0-9dc21c89c623,"7208021010000300 - UMKM - 6",7208
c623687d-2a16-45b2-9580-27a424fb3873,"7208021010000300 - UMKM - 4",7208
d64db75c-c0f2-49db-9b6b-5da00b5ee8b8,"7208021010000300 - UMKM - 1",7208
25a47694-d872-4a42-aebc-05c0f3dd8927,"7208021010000201 - UMKM - 1",7208
b45c90d1-e96f-4d41-9ee3-5c3f15d39747,"7208021010000100 - UMKM - 7",7208
1c1061fe-e027-41cb-a58f-be616aaf46b0,"7208021010000100 - UMKM - 3",7208
24231d81-765e-45c0-af26-14291ad7f28c,"7208021010000100 - UMKM - 4",7208
d31a5d03-8fc3-41e0-993f-aba11f97e7ab,"7208021010000100 - UMKM - 8",7208
be26e2f1-2863-40af-bbbf-2939f54b7a47,"7208021010000100 - UMKM - 2",7208
d88c95ed-4126-4298-bd5c-fdf8b3e224c5,"7208021010000100 - UMKM - 11",7208
68ab239b-eedc-4bc2-bf10-dc0d96bff332,"7208021010000100 - UMKM - 9",7208
938199eb-f661-41cb-aa3a-e972479ae781,"7208021010000100 - UMKM - 6",7208
99094c6f-2649-4fbf-8206-47d64d57aa2f,"7208021010000100 - UMKM - 5",7208
4da1b26b-3f14-453f-8ae0-65a1a23e478c,"7208021010000100 - UMKM - 12",7208
5fccd7b8-4972-4877-a03f-8405920bed68,"7208021010000100 - UMKM - 1",7208
1fda4a62-29aa-4b9a-b68d-27d357eed95d,"7208021010000100 - UMKM - 10",7208
b36217a2-a721-4340-956b-0e6afca5be70,"7208021010000400 - UMKM - 1",7208
5a042b90-0a08-4f4a-9431-dc3f80e89c8e,"7208060001000100 - UMKM - 1",7208
c55afc78-a8e7-42f5-93f5-ca6057649a82,"7208060001000200 - UMKM - 1",7208
ce1393a2-7526-4a9b-a439-1d56745c74f0,"7208060001000300 - UMKM - 2",7208
f12b0ac0-7fc6-44ab-ae7c-1953722c2c67,"7208060001000300 - UMKM - 7",7208
5f66ab3e-8816-444b-a4cf-907d3f41879e,"7208060001000300 - UMKM - 4",7208
bea4bb3e-efc8-4aa2-a798-26bcd99d757d,"7208060001000300 - UMKM - 1",7208
823faeca-8563-4003-a5f9-c8bd02cf85f1,"7208060001000300 - UMKM - 3",7208
3257056f-18ca-46fb-b271-d540d1536792,"7208060001000300 - UMKM - 5",7208
8ba18725-bcac-4d20-b9ca-995d6fc1c17f,"7208060001000300 - UMKM - 6",7208
52f428b7-51e5-4061-be8d-11501a262a7a,"7208060001000500 - UMKM - 2",7208
6812c5e4-77e7-4817-aaca-429832356c73,"7208060001000500 - UMKM - 1",7208
d164d8c7-4ffb-405e-a000-c362df017e30,"7208060001000600 - UMKM - 1",7208
4b55fa8e-8a11-4fb2-97b7-9ed1b986ac49,"7208060001000600 - UMKM - 3",7208
ea5693cf-0248-4a24-bce0-0af6b7515698,"7208060001000600 - UMKM - 2",7208
bdb9ab3f-f22e-426f-8f57-06c3e42993c4,"7208060001000600 - UMKM - 4",7208
119adb80-4637-4739-822e-dad83c6cdf0d,"7208060001000600 - UMKM - 5",7208
b30baa6b-517a-435a-be66-6efb01b5be70,"7208060001000600 - UMKM - 6",7208
622a7459-387c-4200-8e89-e8ce1df5b962,"7208060001000600 - UMKM - 7",7208
f23d07b1-def4-4560-8efc-4e5c61cc9d38,"7208060001000400 - UMKM - 1",7208
e2b760da-bbcd-4649-907b-61f1a5e25891,"7208010018000600 - UMKM - 2",7208
c945a24f-85d4-4d84-86f7-043d00584115,"7208010018000600 - UMKM - 1",7208
e703b926-3e70-446b-b58d-0c505983f3e8,"7208010018000500 - UMKM - 1",7208
571d1a4b-af17-4787-9e30-95d5644a2a32,"7208010018000500 - UMKM - 2",7208
f8c09596-28f8-494f-8969-6a5a719d1b09,"7208010018000100 - UMKM - 1",7208
bf4d8c41-20fc-4f68-9648-c897a0b0ee40,"7208010018000400 - UMKM - 1",7208
60e50c3f-41c9-483a-acca-0dbe87ea9b7d,"7208061033000500 - UMKM - 3",7208
daf4a446-a50d-4955-ba6d-8ace7843a6c4,"7208061033000100 - UMKM - 1",7208
75b86848-b386-4d8b-bd4a-f3731fc57daa,"7208061033000200 - UMKM - 1",7208
7bd20469-b452-4ae1-aa6c-320e182a9377,"7208061033000400 - UMKM - 1",7208
3de26acb-6145-462f-b6aa-dec0f2243ab3,"7208061033000400 - UMKM - 2",7208
a7fd90db-4a6e-4e08-8939-409788368fd2,"7208061033000300 - UMKM - 2",7208
83efbd97-e961-460e-a2c4-b9776e379102,"7208061033000300 - UMKM - 1",7208
9123c43b-96bd-4e35-803d-6bb8a3479080,"7208061033000300 - UMKM - 3",7208
56711722-6241-4908-abe8-c25e8b539d2f,"7208061033000500 - UMKM - 2",7208
ffe677be-93a1-4c9b-ab7c-5318fc56d8ac,"7208061033000500 - UMKM - 1",7208
10b6e346-d731-4832-b5f9-b7514b2c85af,"7208060006000200 - UMKM - 1",7208
8c3e9239-a398-4ce2-bf6d-84d49441630c,"7208060006000301 - UMKM - 2",7208
efa5adad-3dc0-4673-a88f-e64635dbbe3b,"7208060006000301 - UMKM - 1",7208
6b4a4405-fa0a-4ef6-bba7-41396bc25a4f,"7208060006000301 - UMKM - 3",7208
36bfebe3-5ee8-4706-bf11-762af7184534,"7208060006000301 - UMKM - 4",7208
d3e487b2-71fb-4e89-9f1c-8f2b8bf4be73,"7208041010000400 - UMKM - 1",7208
de8a326d-a3cd-489f-a22d-b384f3af8214,"7208041010000300 - UMKM - 1",7208
3c1f452f-dd41-4dd1-a5e6-d50f7cb850ad,"7208031014000300 - UMKM - 1",7208
c39eac42-429f-4f6e-be21-0a1887a77338,"7208031014000300 - UMKM - 2",7208
46156257-2dcb-43a5-93a8-fbd39b8a8256,"7208031014000100 - UMKM - 1",7208
a58e7ab5-3fdd-4a06-8b1d-5a09c7d995f8,"7208031014000100 - UMKM - 2",7208
c1333688-f7c6-46d0-a350-1536a3cd5605,"7208031014000200 - UMKM - 1",7208
c1c4fe52-df01-4286-ae2e-9fab32d25f77,"7208031014000400 - UMKM - 2",7208
672661ad-ec28-4c88-bbe5-1290d589179c,"7208031014000400 - UMKM - 1",7208
794c4413-7134-4d3f-ab36-86983c724a65,"7208031014000400 - UMKM - 3",7208
0f002b1c-40ef-47db-8faa-0321aa3fe3e9,"7208051008000302 - UMKM - 1",7208
7e11486b-d221-4aec-bb25-bb9eb9621885,"7208051008000301 - UMKM - 1",7208
9f344ca6-e59a-4b67-a403-67f2db93b420,"7208051008000301 - UMKM - 2",7208
907cfd59-21a7-419c-9604-7e0884650fbd,"7208051008000401 - UMKM - 2",7208
7e01354a-a5d4-4638-8b7c-40599c7dfdda,"7208051008000401 - UMKM - 1",7208
234a99e7-610a-4b68-8e4b-65232cd8a291,"7208051008000101 - UMKM - 1",7208
e4b636f2-5bc1-4b3f-a37d-3ff8ca391d82,"7208051008000102 - UMKM - 1",7208
50726ff7-5336-4226-a0ee-ccc021c01515,"7208051008000102 - UMKM - 2",7208
aa2c3f52-3676-4bd9-8bce-8a8fa21123dd,"7208051008000202 - UMKM - 2",7208
82d08d07-2ad4-4e1d-ad35-985172ce0c0e,"7208051008000202 - UMKM - 1",7208
1c89f4ca-f38b-499c-8ba2-595656472413,"7208051008000203 - UMKM - 1",7208
267117d0-cbf1-406c-bfd3-d50e73749531,"7208051008000203 - UMKM - 3",7208
4b4bb28b-c462-4138-80b7-e02563f3b725,"7208051008000203 - UMKM - 2",7208
961de566-1916-42bd-9939-8fa7556729fc,"7208051002000300 - UMKM - 1",7208
7a33e619-0fac-4496-88f9-fd2760a57309,"7208051002000100 - UMKM - 1",7208
f159d495-0870-45b3-8394-659c02bb4bc9,"7208051002000400 - UMKM - 1",7208
d05afcb6-a65b-4d93-887f-ee15a43a2c7b,"7208051002000200 - UMKM - 1",7208
445285d0-1f19-497a-a02a-d4fc33202019,"7208051002000200 - UMKM - 2",7208
6a3b691c-42d9-4bac-9018-c5ee7be9674e,"7208050021000100 - UMKM - 1",7208
52f5f01f-ae2f-4ac6-b299-4b17c22f628f,"7208042003000100 - UMKM - 1",7208
88c82665-f81a-4e32-83ac-3bc460f40802,"7208042003000100 - UMKM - 2",7208
ccf8e710-520a-4f98-8b86-bff278ebed7d,"7208042003000200 - UMKM - 1",7208
04ba271e-6787-46e5-bf6f-e64784a4a343,"7208030015000400 - UMKM - 1",7208
a35c0e27-7c45-4829-89f4-812c0eee84d3,"7208030015000200 - UMKM - 1",7208
17a9697f-c77f-467e-8884-01f4560ccb9c,"7208030015000300 - UMKM - 2",7208
ccb2dfaa-54c5-428a-9d42-47b5ef5f37d0,"7208030015000300 - UMKM - 1",7208
9b8492e8-4caa-4ab2-9266-070c3b6833e6,"7208030015000300 - UMKM - 4",7208
5588fce3-d669-439a-b9eb-9141af19702e,"7208030015000300 - UMKM - 3",7208
960dbc60-94a4-4d73-ae11-3c9686ef548b,"7208030015000100 - UMKM - 3",7208
c9eff9b2-1440-4775-9a07-1064d54dc105,"7208030015000100 - UMKM - 2",7208
0625d292-8d37-4138-a5f9-1ecfb30ed999,"7208030015000100 - UMKM - 1",7208
5bb45fad-975f-4d59-a0cd-2d9f14f3c63a,"7208030015000100 - UMKM - 4",7208
af9d9ce1-6f0a-45ea-8ecd-a6b9f996eb69,"7208064002000300 - UMKM - 1",7208
e4b388f6-8519-4a7a-97c9-f7bd60508bd1,"7208064002000500 - UMKM - 1",7208
52a282ef-9db0-498a-93f6-e493bc35cec0,"7208064002000400 - UMKM - 1",7208
f64b1498-3100-4198-aa17-b23f671e06bc,"7208064002000400 - UMKM - 2",7208
1595e398-acd4-4b76-af12-41f15d27cf32,"7208064002000200 - UMKM - 3",7208
2349d176-11ad-4e33-9d24-c794c57cb167,"7208064002000200 - UMKM - 5",7208
b016f810-8cce-40e6-b773-b8317e9711f0,"7208064002000200 - UMKM - 1",7208
807bf0b2-ef29-4f27-90d4-8dd341fd80e5,"7208064002000200 - UMKM - 6",7208
8c87c1ab-6603-4162-9dba-baefb5c25e1f,"7208064002000200 - UMKM - 8",7208
f7d62d3b-70f9-409a-bbbf-59f6d6fa2b0a,"7208064002000200 - UMKM - 2",7208
fdb17714-6b2b-47c8-aff8-c62cd1214b9e,"7208064002000200 - UMKM - 7",7208
dd88f280-3c10-4b34-885a-03422cdd8a90,"7208064002000200 - UMKM - 4",7208
5a3943ad-2932-4545-9c6a-97244fdd952f,"7208060031000300 - UMKM - 1",7208
b8acd1d2-fe91-4060-93f6-8e0959c1726e,"7208060031000400 - UMKM - 1",7208
2bf93ced-2bcb-45b5-a03c-54aa4e424e51,"7208060031000400 - UMKM - 5",7208
24c8bd8b-c6b1-4fa6-aff4-6b03fcb2fa84,"7208060031000400 - UMKM - 3",7208
cad3d44e-b3dd-4e32-b1b2-49830e2bf4c7,"7208060031000400 - UMKM - 4",7208
51216dda-b116-4345-bc99-4bd37d10330b,"7208060031000400 - UMKM - 2",7208
75a99e77-402e-42bb-8c3b-f752e906ff9d,"7208060031000200 - UMKM - 1",7208
ce182d1f-3662-49b9-ad10-5a4211e3879c,"7208060031000200 - UMKM - 2",7208
baa771aa-5c5b-4a86-9d04-69cf14ce3782,"7208030010000300 - UMKM - 1",7208
cc388e97-05e7-4e24-991d-154dbf47446c,"7208030010000400 - UMKM - 1",7208
8728e498-c9fe-4c13-90bd-407d7ff65806,"7208030010000400 - UMKM - 2",7208
00b63d20-ae5e-47ca-9863-2f0c92a9231c,"7208030010000400 - UMKM - 3",7208
2abb617c-3b0c-480a-a6e3-40358febce60,"7208030010000500 - UMKM - 4",7208
f910d492-9147-4956-8267-26f7c340b4fb,"7208030010000200 - UMKM - 1",7208
4b198881-ad97-497e-a1b4-42b796364bcb,"7208030010000200 - UMKM - 2",7208
8121503d-253b-49e6-af8e-e45f3795c0f5,"7208030010000500 - UMKM - 8",7208
e75824b9-3bf6-49b5-812e-99e84e4032b8,"7208030010000500 - UMKM - 7",7208
7b80ed55-472c-43e6-8230-a66e9d03c8a3,"7208030010000500 - UMKM - 6",7208
9bd51a4d-3fed-414a-a413-c1a77f576933,"7208030010000500 - UMKM - 5",7208
d2f399d1-126d-4964-96f7-e51f567e8322,"7208030010000500 - UMKM - 9",7208
981f2d35-76ee-4b12-bc88-8a00359c52de,"7208030010000500 - UMKM - 1",7208
5917fd31-ab67-4381-886e-0d44a7b2c776,"7208030010000500 - UMKM - 3",7208
3e8cfdcd-66af-41d0-9a9a-92a8fb0aa912,"7208030010000500 - UMKM - 2",7208
0c51648f-cb5f-49f1-a633-33eba46a2c75,"7208033004000202 - UMKM - 2",7208
6693da21-a140-41a7-ae25-86518b6f8444,"7208033004000202 - UMKM - 1",7208
d7d68626-aea5-4fa5-ab59-486db7734f35,"7208033004000101 - UMKM - 1",7208
163e3920-51b0-494e-8bce-9457d7263f7b,"7208033004000302 - UMKM - 1",7208
ea61bfc1-0a11-4d45-a508-dc47bf200757,"7208021007000300 - UMKM - 1",7208
b33c93a1-2b8d-43f4-bd0b-c5e9f0dec6ad,"7208021007000100 - UMKM - 2",7208
ae2b3651-d68f-4ab8-90a5-2f71e2d6593b,"7208021007000100 - UMKM - 1",7208
6655c42e-6973-46f5-8988-d13156eca67e,"7208021007000500 - UMKM - 7",7208
acde580d-dea5-4f97-a7c4-da118ab51b33,"7208021007000500 - UMKM - 2",7208
553c73fe-cd84-4e0d-8ffa-202d82a41c61,"7208021007000500 - UMKM - 1",7208
7f5fa5c4-a66a-4cb6-a552-89b345fd74d1,"7208021007000500 - UMKM - 3",7208
cf320a07-7d24-42ff-bffc-3f9d64b1f90f,"7208021007000500 - UMKM - 6",7208
7ec06ccd-74df-4f27-a45a-1b6b3385b0d0,"7208021007000500 - UMKM - 5",7208
d85b35af-1e56-4fab-8f8f-1fbb1069936e,"7208021007000500 - UMKM - 4",7208
ff2aab0d-7fd2-43c4-85a0-5aeeb04b83f5,"7208021007000500 - UMKM - 8",7208
69278eb6-6f4e-4aec-b1d0-6a336a25cfe9,"7208050017000100 - UMKM - 2",7208
682be123-9869-4098-851c-69b2ce41051c,"7208050017000100 - UMKM - 3",7208
38a01fb2-f735-4509-b826-d6d39fb4d5ba,"7208050017000100 - UMKM - 1",7208
2794c0de-c935-4b3d-a245-ca516d0450e9,"7208041011000100 - UMKM - 1",7208
13cffce2-131a-47f8-a9ac-ea9395b33783,"7208041011000100 - UMKM - 2",7208
925be313-1887-4ee9-bf71-7d02f5e000dc,"7208041011000100 - UMKM - 3",7208
9777eeed-1324-4f8e-82ec-78ed4ca44aac,"7208041011000400 - UMKM - 1",7208
ac467483-cc75-4089-9208-3e5dcbd5a747,"7208063012000100 - UMKM - 3",7208
66399d70-fa6b-4936-addd-a0d380ca04a0,"7208063012000100 - UMKM - 1",7208
aea42f62-3aa3-4592-87bc-83cf1c6287f6,"7208063012000100 - UMKM - 2",7208
18a081b2-7d4b-43d8-a790-e6a1349e4d3a,"7208060025000100 - UMKM - 1",7208
94bb3fe7-7746-499e-9f08-76fbd45703ce,"7208064006000100 - UMKM - 1",7208
0a044a27-779e-4d92-b038-646d87e39cc6,"7208064006000300 - UMKM - 1",7208
dbf15f51-fc82-43e3-bf8e-e5c693ba63b5,"7208051011000200 - UMKM - 1",7208
3433783a-764f-4638-b1a7-71971b83d229,"7208051011000300 - UMKM - 1",7208
0c8bc215-f900-4527-97f0-1ff28bee274a,"7208062008000200 - UMKM - 2",7208
80f984ff-3057-46fb-997a-6e84817ded33,"7208062008000200 - UMKM - 1",7208
335ab8e8-bc4f-460f-92eb-63573b18228a,"7208062008000200 - UMKM - 3",7208
06c629cc-ccc7-4f2e-a184-05ac9b0578bf,"7208062008000300 - UMKM - 2",7208
10016814-5abf-4a39-b848-6a8ad1a40b77,"7208062008000400 - UMKM - 1",7208
1399a727-565d-42a7-9d4f-0cfa661b8d78,"7208062008000300 - UMKM - 1",7208
ef7dfc17-9769-4a64-ab24-d8fa4809254c,"7208030018000400 - UMKM - 1",7208
69f8d414-254a-40f7-aed2-cf244d330c23,"7208030018000400 - UMKM - 2",7208
dea2ccaa-c4d4-4cc2-851b-b1124f41fb5f,"7208031002000400 - UMKM - 2",7208
d5fab768-4a97-4b03-9f4c-a282628192f5,"7208031002000200 - UMKM - 1",7208
e8fb3d75-7e59-4d38-a02b-4992be91f429,"7208031002000400 - UMKM - 1",7208
572a819f-8a3e-4ffa-b505-994becb28f49,"7208031002000400 - UMKM - 3",7208
479a114e-b7cf-4bf3-ba09-08682e7094d8,"7208031002000300 - UMKM - 1",7208
c5099c8f-348f-4653-950f-77ac08a91be5,"7208052007000200 - UMKM - 1",7208
2010fbac-1368-4eec-ba91-2c104a13dc44,"7208052007000500 - UMKM - 1",7208
c1078a50-b4aa-4df9-8b3e-919efc7859a0,"7208052007000102 - UMKM - 2",7208
0da1592b-1b9f-4651-a27f-6ccce79608f3,"7208052007000102 - UMKM - 1",7208
0b5f4113-429c-447b-8524-f0807b0e5d14,"7208052007000101 - UMKM - 2",7208
f0997ef3-0c2c-43f3-b0d0-46bfaff3c588,"7208052007000101 - UMKM - 1",7208
e9c4b669-043a-472a-93b1-00fba2ee93ed,"7208012008000500 - UMKM - 1",7208
1239649a-f7dc-45db-9249-2d89df604da4,"7208023004000400 - UMKM - 1",7208
cca0929a-f920-4a39-9846-4005d0272c39,"7208023004000400 - UMKM - 2",7208
a4e77aa0-c1da-4fda-a3c1-b5f4759a6b26,"7208023004000100 - UMKM - 1",7208
ffb33977-6ef8-4b2a-928b-5086e287633b,"7208040027000100 - UMKM - 1",7208
2488300b-cb90-463b-910f-2a7692d0b4a7,"7208040027000100 - UMKM - 2",7208
40e54732-0381-4fe0-8eb9-2fc373ca5520,"7208040027000200 - UMKM - 1",7208
3e414ba4-de0a-4196-922a-aab9e481544c,"7208031017000400 - UMKM - 1",7208
96923316-f79a-4277-836a-8208cf21c9aa,"7208031017000100 - UMKM - 1",7208
c123f102-16fb-4f9d-9eca-1832001491f9,"7208031017000200 - UMKM - 2",7208
c87c84c3-9b30-4af3-8762-de48aa624685,"7208031017000200 - UMKM - 1",7208
6fb8df24-1d49-47a0-a797-4b3f3ea320a5,"7208050015000300 - UMKM - 3",7208
e4dbfe0c-3e5f-4e46-84a2-c48e754629b4,"7208050015000300 - UMKM - 1",7208
52171ac1-a191-4800-ab14-fbe2ff9ab391,"7208050015000300 - UMKM - 2",7208
d39f4d5a-6983-498a-9261-84bf0dfb3c0a,"7208063007000600 - UMKM - 1",7208
a0dab33d-7e7e-4bef-9f3b-4124075a872c,"7208063007000600 - UMKM - 2",7208
868ce29b-3aad-4437-a649-31cc8872b19d,"7208063007000100 - UMKM - 1",7208
38d6fd24-f694-4adf-b35d-7360e59cfb96,"7208060002000302 - UMKM - 4",7208
b03f9aea-378d-4021-940b-ca40c58c0a72,"7208060002000100 - UMKM - 3",7208
436eb939-9505-46d1-9813-1877a5694586,"7208060002000100 - UMKM - 1",7208
4556664e-4ee2-4dda-88fd-ea39283a2a62,"7208060002000100 - UMKM - 2",7208
29577ac4-ecdd-4d3a-9984-52f1537f4f13,"7208060002000302 - UMKM - 2",7208
d18d0e8a-c08b-4243-b077-1fff2f1da309,"7208060002000302 - UMKM - 3",7208
300fe409-7f31-49fc-b361-e6b0ba43964b,"7208060002000302 - UMKM - 1",7208
3e86b947-e3b6-4baa-a6b6-709a4a44254a,"7208060002000502 - UMKM - 1",7208
398c404f-ff6d-4501-9a71-0f3270bc402d,"7208060002000301 - UMKM - 1",7208
982353fa-ce9e-4b04-8580-a5c78bde8c67,"7208030021000300 - UMKM - 1",7208
b7d453f4-060f-4ef1-bf0e-000d48892c26,"7208041002000400 - UMKM - 1",7208
d3270025-7d3f-48f2-b316-bd915039a12d,"7208041002000400 - UMKM - 2",7208
e228d028-fd38-46a8-b52e-cf6c06000538,"7208051005000100 - UMKM - 1",7208
6b27d300-9386-43ea-bddb-cfe538d46473,"7208051005000300 - UMKM - 1",7208
89430a23-5b63-4e5a-b862-60d985c2c824,"7208051005000200 - UMKM - 1",7208
09dd5c31-cf80-4ceb-a40b-c0b2e97130af,"7208042007000300 - UMKM - 1",7208
5671c2b9-9d3f-45da-80e8-944f19431851,"7208042007000300 - UMKM - 2",7208
4c682e0f-e6e9-40ef-ae7d-05563904940a,"7208042007000200 - UMKM - 2",7208
cdcb298b-e237-4a4d-b998-bcb27d488d1f,"7208042007000200 - UMKM - 3",7208
181e3554-885b-454f-b806-e7bf68197add,"7208042007000200 - UMKM - 1",7208
d977d907-263c-4ccd-bd0b-7c967426a2de,"7208042007000100 - UMKM - 1",7208
f1aa0327-b3bd-4db2-8895-40b09f0b2407,"7208042007000100 - UMKM - 2",7208
d78b0e67-2ccc-4ce5-ba06-5b9ec1b4e43d,"7208042007000800 - UMKM - 1",7208
f20076da-a892-4df1-ae7e-6dc90e626e41,"7208021009000100 - UMKM - 1",7208
b587fe09-9559-4652-9a10-03be793769b8,"7208021009000600 - UMKM - 1",7208
0dad78c9-9cd1-46c7-bc52-4a0708e0210a,"7208021009000600 - UMKM - 2",7208
405c0607-710d-49ab-b08c-8613f53c4966,"7208021009000500 - UMKM - 1",7208
f8981820-23ae-4a78-964b-b3a533b4d4ad,"7208021009000200 - UMKM - 1",7208
d6056a0d-dd01-408f-aa69-3ce7fe5e7a6e,"7208040028000600 - UMKM - 1",7208
968f65bc-7183-4b39-bba3-73f7ff1b481b,"7208061031000100 - UMKM - 1",7208
bee2ae68-3427-4772-a926-2ebac52375ee,"7208061031000100 - UMKM - 3",7208
3a1c677c-a485-44eb-8d34-45dc5d7cc557,"7208061031000100 - UMKM - 2",7208
b9182268-9528-4c96-855a-8a82d10313d4,"7208061031000100 - UMKM - 4",7208
3ab152e6-b74d-46bf-a843-1e85a6a76f2e,"7208061031000200 - UMKM - 1",7208
913bdeae-8825-4646-b415-cf8186b4bb88,"7208061031000600 - UMKM - 4",7208
8d63d89d-25c4-4758-8df4-00b794546985,"7208061031000600 - UMKM - 2",7208
f590a133-5847-4a6c-9371-0448d9d3ff16,"7208061031000600 - UMKM - 3",7208
c3b4300b-60b4-4605-8e69-24bd11c266e5,"7208061031000600 - UMKM - 1",7208
15836364-2d66-475f-bc5e-85ad719e12e2,"7208061031000500 - UMKM - 1",7208
396bfcdf-0496-4d32-ab4b-db7ae6784d63,"7208061031000500 - UMKM - 2",7208
a25b8521-8a44-4400-82a3-1bc777d82a3a,"7208061031000500 - UMKM - 3",7208
ed3614b5-919c-44a9-a6c8-1583f8e456da,"7208042005000200 - UMKM - 2",7208
8226770b-4c50-4c1e-892a-53ef9f37b426,"7208042005000200 - UMKM - 1",7208
50e2c215-2e22-4031-81d8-b4dcd5d451ea,"7208042005000300 - UMKM - 1",7208
d30083df-4304-41f3-b4fa-f438e1bda7d1,"7208052004000100 - UMKM - 1",7208
2ea5f383-f146-4383-b5f0-63a721ee54bc,"7208062006000500 - UMKM - 1",7208
5f6f78ab-d3d2-4302-999f-03fb179aeb05,"7208062006000400 - UMKM - 1",7208
41edabd3-12cd-4554-bd95-7787975ac62e,"7208062006000600 - UMKM - 3",7208
8c31584b-c9d6-42a3-830c-279dcbd9fa76,"7208062006000600 - UMKM - 1",7208
32aa0984-2987-4d65-af21-d29e2dd76f72,"7208062006000600 - UMKM - 5",7208
9287425e-6ed6-426f-b68d-8cf58ee1b780,"7208062006000500 - UMKM - 2",7208
6ba320a7-15dc-47c8-9a0a-7f12912d088b,"7208062006000600 - UMKM - 4",7208
2819fcf6-d163-4156-aaf2-108400b0c174,"7208062006000600 - UMKM - 2",7208
0f572308-7309-4ac0-a757-c8b188b8852d,"7208062006000100 - UMKM - 2",7208
6119d97f-dcd2-4992-9dce-28418046c871,"7208062006000100 - UMKM - 1",7208
e421e45e-2296-4be7-a0e8-0584c5e0b882,"7208061004000200 - UMKM - 1",7208
dfd25b65-cff5-434c-9feb-355b2265911a,"7208061004000200 - UMKM - 2",7208
699babae-684f-49b8-9ef9-2b5d24b4678b,"7208061004000100 - UMKM - 1",7208
c8ea4361-f182-4e98-b1bb-1beacb08a86b,"7208033001000400 - UMKM - 1",7208
c44dd316-cb90-4552-aff5-fca8cbb45ef5,"7208033001000100 - UMKM - 1",7208
56489cf4-665c-4724-9515-5f1f6ac4ac9a,"7208033001000300 - UMKM - 1",7208
464173a9-471a-4e75-b6df-135266961563,"7208033001000200 - UMKM - 1",7208
ed6772f9-ce4f-4a37-943c-d6586b02682d,"7208060029000300 - UMKM - 1",7208
2726dcd2-5935-4d95-97b1-f1f9ba43a3db,"7208060029000300 - UMKM - 2",7208
fd156781-5518-43fb-8b3d-53b722916b98,"7208060029000300 - UMKM - 3",7208
ef7c1544-3217-444a-8ac6-ac2039c4cbf4,"7208060029000100 - UMKM - 1",7208
13674368-57b0-4163-aa1e-2ea85eb8d8e0,"7208060029000200 - UMKM - 3",7208
60eb3e5a-f53a-4998-91e0-06911b87dc93,"7208060029000200 - UMKM - 2",7208
e5ef856a-a261-474f-b37e-81199554b92c,"7208060029000200 - UMKM - 5",7208
457b0c16-f942-4644-865b-97eb032152a4,"7208060029000200 - UMKM - 4",7208
3648cc1c-b43b-4b14-8289-07851d063eda,"7208060029000200 - UMKM - 1",7208
1e684871-808b-438b-b5aa-82af5f8a7fb9,"7208023009000700 - UMKM - 1",7208
4a827c11-e81d-499b-bc25-0dbca89522bd,"7208011006000100 - UMKM - 1",7208
d89701dc-e757-4533-aa68-8cfc823ecd41,"7208011006000200 - UMKM - 1",7208
89766256-671a-454b-9886-c1896f2bb87e,"7208020020000102 - UMKM - 1",7208
dce2129d-5e7d-4b49-9203-53c39bbf9413,"7208020020000101 - UMKM - 1",7208
801c87c6-e30b-4ca6-896d-37b7e6fb7017,"7208020020000101 - UMKM - 6",7208
ad30b4e9-236b-4f14-bba5-d3e702e5a907,"7208020020000101 - UMKM - 2",7208
0ac1fbe8-7694-4111-9e80-2880605c06bc,"7208020020000101 - UMKM - 3",7208
1ec357d8-775e-4c00-894b-71866fbaab2d,"7208020020000101 - UMKM - 4",7208
74195834-8404-4188-84f9-edb75dbd8d83,"7208020020000101 - UMKM - 5",7208
7624871f-ede9-4fd2-890a-f6338a6aad84,"7208050011000200 - UMKM - 1",7208
ffeed380-0f75-4e99-af15-054652810ef2,"7208050011000400 - UMKM - 1",7208
45a2ca48-507c-4367-8200-0b152530f31c,"7208050011000400 - UMKM - 2",7208
7772e50c-d7eb-4748-92cf-25f2bffad416,"7208050011000400 - UMKM - 3",7208
571685b5-b2ee-488d-9fda-ec5c7bae7079,"7208050011000400 - UMKM - 4",7208
3c70cb56-1315-40d4-9798-bb689e13bf8e,"7208050011000100 - UMKM - 1",7208
fa308947-2623-4c3d-90b9-5517e6a7c23b,"7208050011000100 - UMKM - 2",7208
00c3f9b0-1737-4934-9005-ac12cc7339d6,"7208041007000200 - UMKM - 1",7208
94327375-3ac2-4a26-b14e-359a231b640a,"7208041007000500 - UMKM - 1",7208
ebca0a9d-8965-47eb-ad6d-bc31fcaa93a7,"7208041007000100 - UMKM - 2",7208
3ffb5ba7-2678-49c6-9186-0934d1815ed1,"7208041007000100 - UMKM - 1",7208
2db16069-5617-4ed4-a2ee-7c5d1755c947,"7208041007000300 - UMKM - 2",7208
55758b03-f4af-4c90-92c7-88ae36ccd4df,"7208041007000300 - UMKM - 3",7208
e24fb0f8-c277-4b83-9407-0155648ae1c5,"7208041007000300 - UMKM - 1",7208
a0ae4dc6-f8f9-40e2-bd32-e787114b56bb,"7208064010000100 - UMKM - 1",7208
b5daf271-f579-4416-b138-641b025bb9af,"7208033008000100 - UMKM - 3",7208
8e0a557a-ce5a-4fa2-a7b2-11d4c48cac33,"7208033008000100 - UMKM - 1",7208
c8d81c19-1fdd-4809-b67c-f475b424123f,"7208033008000100 - UMKM - 2",7208
73158f0b-5d5d-4f7e-a43c-1f1c71f9eae6,"7208031012000100 - UMKM - 1",7208
a970dbab-bc60-4682-b1de-f4ce78f91f86,"7208031012000100 - UMKM - 2",7208
927c4561-2056-428b-8187-ad01984a2e83,"7208031012000200 - UMKM - 2",7208
a96d71c1-395f-4e7e-a14c-8f72e6ea5d4f,"7208031012000200 - UMKM - 1",7208
845c4154-d7fc-49af-a275-eb533944750f,"7208030005000100 - UMKM - 1",7208
25197834-3217-40d9-a004-c1ce533cab56,"7208030005000100 - UMKM - 3",7208
d8b61b96-ed39-454c-bfd3-b51065ceaa6c,"7208030005000200 - UMKM - 1",7208
aee78bb9-e0ec-4f0b-8460-49da7f0f21a3,"7208030005000400 - UMKM - 2",7208
b634089e-2233-44aa-a745-1f21d3a0b213,"7208030005000400 - UMKM - 1",7208
1beabfcb-4eca-4ef2-9972-6fdd3286d0d1,"7208030005000400 - UMKM - 3",7208
8f1921f1-a859-487a-99b0-cb0f8c0465cd,"7208030005000100 - UMKM - 2",7208
9f693307-6913-42ce-ba89-34addc681d07,"7208064008000100 - UMKM - 2",7208
2c5a9f31-e865-4a02-9ead-957933f576c9,"7208064008000300 - UMKM - 3",7208
8a6fc749-e6e2-40c3-b51d-bafc81ef09b2,"7208064008000300 - UMKM - 4",7208
24f4e666-12bc-4e70-a8a0-fe0cef1e7697,"7208064008000100 - UMKM - 4",7208
292c8701-20a8-4d94-9eb7-266b0f8876c4,"7208064008000100 - UMKM - 3",7208
85600045-af69-4dfb-878c-dcc255a9f2a4,"7208064008000400 - UMKM - 8",7208
095d383d-a38d-42f4-af3e-29d5dff49840,"7208064008000400 - UMKM - 5",7208
72caa57b-60a5-4c7b-a1dc-11e18843fbf3,"7208064008000400 - UMKM - 6",7208
02630235-695f-429f-b43d-187517e6e025,"7208064008000400 - UMKM - 7",7208
b58b501e-8ead-42ea-8d4c-34c0713878f6,"7208064008000400 - UMKM - 4",7208
e7860d89-41b8-4e0f-9075-7560e6e1724a,"7208064008000400 - UMKM - 3",7208
8dc2c121-4bb1-4093-8d1b-ce75d407a3e5,"7208064008000400 - UMKM - 1",7208
4a0a3979-7060-4f89-8684-5d0b1a74730a,"7208064008000400 - UMKM - 2",7208
830172c6-bf02-4d9d-a6a3-f5153b90d44e,"7208064008000300 - UMKM - 2",7208
b67305bd-c472-4ec4-80fd-9034393b2cef,"7208064008000300 - UMKM - 1",7208
8895ee2d-75db-4a98-bd4d-8f8089e6c04a,"7208064008000100 - UMKM - 1",7208
3b03fd72-9f63-45fe-9c31-0fce5448c47b,"7208064008000100 - UMKM - 5",7208
e3e87c02-f102-42ed-af3f-cd719894c050,"7208064008000500 - UMKM - 2",7208
7ab534d7-b3a7-4d49-9e25-ceb720639849,"7208064008000500 - UMKM - 1",7208
bd3c4960-2a1d-4608-8c15-56f2adf455f9,"7208030013000200 - UMKM - 2",7208
99e43e13-b625-4fc7-bf2d-a3a4e763afac,"7208030013000200 - UMKM - 1",7208
9584c6a1-57b6-40f4-a99e-6cb65d0c1ffd,"7208030013000400 - UMKM - 3",7208
10caff01-e859-4106-ad66-84ff85d119dd,"7208030013000400 - UMKM - 1",7208
618acb78-4271-4915-8eed-203c94b849a5,"7208030013000400 - UMKM - 2",7208
3522f084-3055-4a56-b879-658355f04745,"7208051015000100 - UMKM - 1",7208
4f83e010-74a1-46eb-8d03-abb366f7d4bd,"7208051015000200 - UMKM - 1",7208
a22a0ad8-39d6-4ee9-9d32-e00222d4ed1d,"7208051015000200 - UMKM - 2",7208
a395afae-cd8d-4050-b927-0571ec843023,"7208031016000400 - UMKM - 1",7208
61b4a041-450b-40d5-b6c6-5ae7cef5dd19,"7208031016000200 - UMKM - 1",7208
458c9413-e6ef-4da4-be33-9026e2130a74,"7208031016000200 - UMKM - 2",7208
32a199e9-a622-4ea2-84f3-0a61edd6a78a,"7208031016000300 - UMKM - 2",7208
9b346652-bfe3-459e-8ae9-b07cb4a1381f,"7208031016000300 - UMKM - 1",7208
a9e383ab-c72d-4a25-9aa1-96edbe1e5d25,"7208060023000200 - UMKM - 23",7208
9c62a2ce-452c-4e3c-955c-5dcb64fc96fd,"7208060023000200 - UMKM - 5",7208
62fc62cc-bb40-42de-8735-f80b5c3ae702,"7208060023000200 - UMKM - 6",7208
01991775-2d23-444b-8c3d-7146dfa00636,"7208060023000200 - UMKM - 17",7208
6d5b71bb-3a42-4e55-a2b1-3b7cffdb1472,"7208060023000200 - UMKM - 19",7208
d51699f4-7358-4184-85e7-10d4ea8d9a28,"7208060023000200 - UMKM - 9",7208
0b1d5212-5e61-4365-a862-9c6e3cc6eba0,"7208060023000200 - UMKM - 12",7208
0b9831fe-62bd-4eba-898f-ad6ce3b16ab7,"7208060023000200 - UMKM - 20",7208
38da573e-cc0b-41cb-b826-8828e7a98f4c,"7208060023000200 - UMKM - 22",7208
6c860222-e9c7-4d1b-b143-42e208892d08,"7208060023000200 - UMKM - 18",7208
ac44ea77-5c0d-4e86-b33c-735fb53d90fa,"7208060023000200 - UMKM - 16",7208
b3c36c9e-0adf-4dd2-ae7d-679c36a11521,"7208060023000200 - UMKM - 3",7208
c5423407-f84c-41df-9ac8-9539cfbe2591,"7208060023000200 - UMKM - 15",7208
d572964c-d9fd-4b7d-8c4f-760c557e6a11,"7208060023000200 - UMKM - 11",7208
d81669a1-5d50-4a62-bec6-0e02cfdfe54c,"7208060023000200 - UMKM - 2",7208
e3db4a0f-c3bd-4d38-8fe5-dc319ed5557f,"7208060023000200 - UMKM - 10",7208
343c6c6d-24b2-4a08-9984-4ee5070d25e9,"7208060023000200 - UMKM - 4",7208
72db53ec-3779-4702-9d8c-da921b87b379,"7208060023000200 - UMKM - 13",7208
8914fe6c-c8d6-4277-aa81-084f044b5d99,"7208060023000200 - UMKM - 1",7208
90348af6-f947-41b6-8f52-0215a59d371c,"7208060023000200 - UMKM - 7",7208
b5579115-bb4f-418f-8985-da685f50e337,"7208060023000200 - UMKM - 8",7208
bc6caaf2-3837-4283-be9f-85080c0abaee,"7208060023000200 - UMKM - 21",7208
61fbac23-47d5-4002-a957-740f2ae2bd29,"7208060023000200 - UMKM - 24",7208
e3db4c10-da01-42f8-8427-26bfbc36e3d9,"7208060023000200 - UMKM - 14",7208
bff1e276-5b6b-479f-9717-d5f3b70cd198,"7208060023000403 - UMKM - 3",7208
419a9fbc-f578-4303-9fd0-548d8ecde445,"7208060023000403 - UMKM - 1",7208
9ea8bef6-80cf-4aab-b658-857071add9e3,"7208060023000404 - UMKM - 3",7208
bb131810-c191-4d78-b65b-a1c6ac8824a2,"7208060023000404 - UMKM - 1",7208
263305be-2ec0-49fd-ab73-140f3c0c789e,"7208060023000404 - UMKM - 2",7208
eb75b5e9-2b90-4883-a85a-d68207e68e28,"7208060023000402 - UMKM - 1",7208
48510a62-d1f2-4d7f-a00b-d14f73d3f425,"7208060023000401 - UMKM - 4",7208
d2772ee6-406f-4d92-b812-1ee6b5ce45d7,"7208060023000401 - UMKM - 3",7208
b34bc6c7-3702-4fa8-b4df-5bea2ff1969f,"7208060023000401 - UMKM - 1",7208
a612f695-ccd1-4d5b-b8fe-f88045755d4a,"7208060023000401 - UMKM - 2",7208
f170d255-aa27-4b4f-ba67-425ad3224c52,"7208060023000403 - UMKM - 2",7208
4b617e8e-3ceb-4be2-9901-6098c866c581,"7208060023000503 - UMKM - 3",7208
a63e9712-d1df-4c6c-b24c-eb10884144d2,"7208060023000503 - UMKM - 1",7208
692564e8-5807-44d9-b6cd-e042cb0eca4c,"7208060023000503 - UMKM - 2",7208
82cb1b68-1cc5-4dc5-8cc6-f1cd51372476,"7208060023000503 - UMKM - 4",7208
1544006b-beb3-43f1-b3af-7d5183556094,"7208060023000502 - UMKM - 1",7208
0c47e31b-c838-4001-8b0b-42208debdcef,"7208060023000502 - UMKM - 2",7208
16f43148-0bc2-4ca7-93a9-74bff57c2a80,"7208060023000301 - UMKM - 4",7208
4c20a094-9d5b-4cdc-a454-668de0be7dac,"7208060023000301 - UMKM - 3",7208
4045a837-9e85-4a62-a4d4-13b9104aa789,"7208060023000301 - UMKM - 1",7208
53819967-011d-4981-9c65-448a2f5501ba,"7208060023000301 - UMKM - 2",7208
85ddace1-d23a-42f6-b238-424102c2fc2d,"7208060023000302 - UMKM - 3",7208
3647aa9e-124f-4f93-a4d1-9ad0c4fb30df,"7208060023000302 - UMKM - 1",7208
7b6ef775-ead6-476d-bffb-dfc0148c8cf7,"7208060023000302 - UMKM - 2",7208
30e87d9e-2b61-47b8-b058-4452a2dd5156,"7208060023000102 - UMKM - 1",7208
c208d4b8-0cbc-4865-8ffd-b9ad5aa105cc,"7208060023000101 - UMKM - 6",7208
e485bfd4-cb90-4ca0-9660-985fbf108529,"7208060023000101 - UMKM - 4",7208
6372e58f-e8f0-4eba-bce4-c577b9771e1c,"7208060023000101 - UMKM - 9",7208
8f9a82c1-1ff0-41e3-abfe-f1dc110acf0f,"7208060023000101 - UMKM - 7",7208
a6859f03-8a96-4b57-9967-9dc6b079e65b,"7208060023000101 - UMKM - 8",7208
f788e045-957d-4d61-bad3-40f1db8f1212,"7208060023000101 - UMKM - 5",7208
42f3ce03-da35-4fb2-84eb-874094613cb7,"7208060023000101 - UMKM - 2",7208
015bced0-2a64-4eda-81c6-9c9ce5a9b834,"7208060023000101 - UMKM - 1",7208
095ebe80-f4e7-423e-8225-149a5cbedf5c,"7208060023000101 - UMKM - 3",7208
7fcefd66-4d19-499a-b900-a114a14394ea,"7208021008000600 - UMKM - 1",7208
78dcf242-c05d-4cb3-a2e1-063b4106cd8a,"7208021008000100 - UMKM - 1",7208
7d45f40c-198c-4832-af0c-1292ee4efd46,"7208021008000400 - UMKM - 1",7208
914ca8ba-50a7-4284-b7d3-c8ff3793b76a,"7208021008000500 - UMKM - 1",7208
c067e59e-fe07-473a-82b8-ed274be4e664,"7208021008000500 - UMKM - 3",7208
2247632e-71f7-40a2-9e91-f58001a08098,"7208021008000500 - UMKM - 2",7208
45c5fb7d-7a2b-4c18-b7d6-3604c4d2332d,"7208062005000400 - UMKM - 1",7208
4865cfd4-e2e3-47fa-8f19-c5b4382af402,"7208062005000400 - UMKM - 2",7208
2e2a2810-17c0-46af-8542-268795d85d37,"7208061002000100 - UMKM - 1",7208
b2c52266-0550-4137-8bb1-d90c3c933eb8,"7208061002000500 - UMKM - 1",7208
cfea83b0-9399-4028-bed8-f4781679cbf9,"7208061002000700 - UMKM - 2",7208
b3daa71d-5367-439f-9a89-8f5ba125ba87,"7208061002000700 - UMKM - 1",7208
877a5bc5-3ec0-49eb-baac-8f58224bc40b,"7208061002000700 - UMKM - 3",7208
639fc236-545b-4a76-a261-a0fae0f6d52c,"7208061002000700 - UMKM - 4",7208
5eb87755-8a28-4141-917a-f320bae7bc07,"7208061002000200 - UMKM - 2",7208
cdb5d591-3ef5-44ac-b031-bb849db29518,"7208061002000200 - UMKM - 1",7208
9021970f-8d4c-4a2b-894b-baec5b5122d3,"7208061002000300 - UMKM - 1",7208
65a7ffcd-dcdf-4f60-9b12-c0d1025e6bf1,"7208052005000101 - UMKM - 4",7208
84f2204a-6aaf-450d-859f-4c2e31b99e88,"7208052005000101 - UMKM - 5",7208
b0b151f2-22c3-4bf3-9d77-a54c0d266ac1,"7208052005000101 - UMKM - 3",7208
130cfc4a-e731-4d9c-bac4-1e36e7cda3d9,"7208052005000101 - UMKM - 6",7208
7d64fb8e-dbea-4e45-8b84-92912304386e,"7208052005000101 - UMKM - 2",7208
5237555c-e23d-4355-900c-9c16c9c8fa61,"7208052005000101 - UMKM - 1",7208
c225eed9-d777-4dcd-8ac2-1514ff13b276,"7208052005000102 - UMKM - 1",7208
807ef43c-34d5-4935-94b2-27aa1e212a2b,"7208052005000102 - UMKM - 2",7208
8df2bc10-54dd-4c5e-b0cc-01df09991790,"7208052005000500 - UMKM - 1",7208
ae78457d-2118-400c-a349-b281b228a370,"7208052005000400 - UMKM - 3",7208
4eae5cff-40ee-462e-8f81-f0033d92dcb7,"7208052005000400 - UMKM - 2",7208
c8344a9f-c9c3-4780-9ae0-513e9ff4f122,"7208052005000400 - UMKM - 1",7208
c2470726-77c9-4801-b303-83ad1e030e89,"7208052005000200 - UMKM - 1",7208
b5644c07-7f23-4d07-920d-caced351a6b5,"7208040008000200 - UMKM - 1",7208
c7ce4222-fb1e-4e89-8ba9-e3c53f5f0a02,"7208033007000100 - UMKM - 1",7208
2fce3a50-f649-4ab1-9a02-dab69e850a51,"7208033007000100 - UMKM - 2",7208
ab4739a3-2ba3-44d3-ab96-2779da3483bd,"7208033007000400 - UMKM - 1",7208
db2d247e-dc8f-4cdf-9e1e-4ad44408d63e,"7208042009000300 - UMKM - 1",7208
e20d475b-4c05-4ffe-be13-a492dddb2a56,"7208042009000400 - UMKM - 1",7208
35185cf4-ed8b-43ca-91c2-7be0234e7c54,"7208031011000500 - UMKM - 1",7208
5edbd6b3-8d66-4501-beb3-715b40943b2e,"7208031011000300 - UMKM - 1",7208
3cec2afd-d3c1-4054-bc67-404b3bcfa2fc,"7208031011000200 - UMKM - 1",7208
1d0cdedc-3681-4391-b03e-985bac3c96ea,"7208061037000200 - UMKM - 1",7208
b150eedf-df21-47b7-b42a-22c3fd4edbd7,"7208061037000200 - UMKM - 2",7208
7aeba130-8d6a-4695-b72f-88062631e87a,"7208061037000200 - UMKM - 5",7208
f6c14823-3461-4fd2-b83f-2866eed6c3ab,"7208061037000200 - UMKM - 3",7208
c4237f29-2afc-498a-ab1c-2558a580dbc5,"7208061037000200 - UMKM - 6",7208
30950502-9d0c-4bb9-96f4-ee2d0d299903,"7208061037000200 - UMKM - 4",7208
e04a9430-5712-4b32-a084-48d9791dc3b1,"7208061037000100 - UMKM - 2",7208
702b2547-d418-4713-adc6-261adbfdac40,"7208061037000100 - UMKM - 1",7208
233e4b4b-c37c-44a2-981c-f58663cb7003,"7208063004000100 - UMKM - 1",7208
8d8b53bf-6aed-4656-95b2-61884dbff7cf,"7208063004000100 - UMKM - 2",7208
357463b5-3a7d-459a-86de-51d8bd21de35,"7208063004000100 - UMKM - 3",7208
560f55ef-b447-4222-8379-6ea6a4930192,"7208063004000100 - UMKM - 4",7208
5955b8a0-feed-4722-bcf2-a396ce1fd44b,"7208063004000100 - UMKM - 5",7208
3361f83f-9eb6-4fe4-860e-ca2041a2fd21,"7208030022000300 - UMKM - 1",7208
c4e2c9b1-f999-4306-9fb4-8d7c38b5dc82,"7208052011000200 - UMKM - 1",7208
f5b145ec-eee7-44fa-8a9b-47d84ba931b9,"7208052011000200 - UMKM - 2",7208
6f8b1447-2972-4a92-b018-9440a9c7eedd,"7208052011000400 - UMKM - 1",7208
123a3c13-419c-4f5d-a9af-c4b70fd77472,"7208052011000300 - UMKM - 1",7208
4688c774-cfc1-4289-8d59-caa764ceb410,"7208011002000202 - UMKM - 1",7208
4f148165-3bd3-4812-8ea6-605a6aec3c2b,"7208011002000100 - UMKM - 2",7208
b47682a6-2b67-48f3-9be6-ae28897c94b3,"7208011002000100 - UMKM - 1",7208
abab0091-1284-4617-be49-42b7adc8dd93,"7208011002000302 - UMKM - 1",7208
90af6121-67af-4a1c-9be5-45cd51126e6e,"7208064012000100 - UMKM - 1",7208
8a0c81a2-6d4f-4956-8497-72644841ffe4,"7208064012000200 - UMKM - 1",7208
d31d5d8a-71df-4ce3-bf28-0d5d13f6dbe4,"7208011007000300 - UMKM - 1",7208
4da1d6b7-28e7-4feb-ac3b-edefc9a84438,"7208011007000200 - UMKM - 2",7208
1f63c2d2-fe50-4570-9914-905edceacb45,"7208011007000200 - UMKM - 1",7208
7290adc5-fabd-45e1-8869-98fdb501f842,"7208051013000400 - UMKM - 2",7208
03224a73-3552-41ce-ad1e-cff5a65992df,"7208051013000400 - UMKM - 1",7208
483c6ae2-37e4-4ef0-815b-6e6ffdf3b899,"7208023007000200 - UMKM - 1",7208
6eb7a0db-0ba7-4a9c-8e77-2bfd9a5394ac,"7208040013000100 - UMKM - 3",7208
de2176f9-b927-4fd0-b8c1-cb93c093fd0a,"7208040013000100 - UMKM - 1",7208
9676fa09-1722-495b-846d-a8c61a7304b0,"7208040013000100 - UMKM - 2",7208
0bf2cc15-97b9-4af2-a832-df1fb9cb8b1f,"7208021003000400 - UMKM - 1",7208
6bd2e5a1-9fbb-42ac-ae1e-5b6406e37ad4,"7208021003001200 - UMKM - 1",7208
85135c13-bd2b-4e8a-b467-660039e2a0cb,"7208021003001200 - UMKM - 6",7208
3dcc88c3-127b-4e6f-9c86-4a894522e006,"7208021003001200 - UMKM - 3",7208
67e0d08b-90b7-438a-bde3-c67487c1ca2d,"7208021003001200 - UMKM - 2",7208
e1fe8fdd-d2ed-4b79-a8ed-bc04d66c2cd5,"7208021003001200 - UMKM - 4",7208
f8edc539-fbba-477e-9d49-1042e7cba5b3,"7208021003001200 - UMKM - 5",7208
67ff14f3-0062-4ec6-810e-ae66848d81ae,"7208021003001100 - UMKM - 4",7208
01fa8d33-30e9-4ce2-8eb6-125a08a7d0f0,"7208021003001100 - UMKM - 5",7208
7e97193a-f34c-4839-9ab5-220706b99950,"7208021003001100 - UMKM - 3",7208
1792d173-a708-4e30-8c2a-e696f989b8e7,"7208021003001100 - UMKM - 8",7208
a0e5a539-f6e0-4a38-b6c5-8f29dac7cec9,"7208021003001100 - UMKM - 6",7208
2e3c6461-8ec8-4464-abef-bfad6031954a,"7208021003001100 - UMKM - 1",7208
5ee633cc-a536-420e-b665-29daa2cca3e3,"7208021003001100 - UMKM - 2",7208
f20ea6d8-329f-4f75-8d49-1905d1e458a8,"7208021003001100 - UMKM - 7",7208
d24479ff-558e-4c09-9686-f4d42e7995b6,"7208021003001100 - UMKM - 9",7208
71b20a9f-29fb-4a3f-a020-5321d513296c,"7208021003001100 - UMKM - 10",7208
75a2ee3a-05be-46fc-bf3b-4822fd6fb652,"7208021003000900 - UMKM - 1",7208
c1bc9042-a676-4a24-b8e5-a67d92480437,"7208021003000200 - UMKM - 1",7208
9b88ec40-b1bc-41a6-b1dc-d2e113019805,"7208021003001000 - UMKM - 1",7208
c290884c-b787-4902-ac06-c90ac5143537,"7208061036000200 - UMKM - 2",7208
15a6bcf7-8ee9-411e-878f-1494ae4dacb7,"7208061036000200 - UMKM - 1",7208
70a282b2-8f80-42c7-a97f-3681729847fc,"7208061036000100 - UMKM - 1",7208
5d7a950f-e9a4-4eb8-85ab-464b300497ce,"7208061036000400 - UMKM - 2",7208
7d25ae80-9953-4588-b4dd-1edb116ab107,"7208061036000400 - UMKM - 1",7208
a4839840-25e2-4e8b-9c17-609b69a20571,"7208033009000100 - UMKM - 1",7208
e22a465e-f4a0-48a2-ba5a-cffc7edf1b43,"7208041001000500 - UMKM - 4",7208
e16d843e-abb2-41cd-9bd1-762cdf8862f3,"7208041001000500 - UMKM - 1",7208
2bc955ee-6cfa-426e-9202-910b3a4a7361,"7208041001000400 - UMKM - 1",7208
e12e0d0a-6570-4ad6-9c02-d808c0a81358,"7208041001000500 - UMKM - 2",7208
43bd8598-da5a-4b55-bf43-6caf39dfe6d0,"7208041001000500 - UMKM - 3",7208
d6006dc0-2618-4d2b-b588-edbe456c84c2,"7208041001000202 - UMKM - 2",7208
baed1152-2e75-4b12-8f05-ef24a21ad5eb,"7208041001000202 - UMKM - 1",7208
205168fa-0847-49d2-b4f1-d47bedcc0a04,"7208041001000300 - UMKM - 2",7208
00c58209-b49c-48c8-9999-5a734b5ffe22,"7208041001000300 - UMKM - 3",7208
066547d6-24c4-4722-a922-219dbc11ec27,"7208041001000300 - UMKM - 1",7208
0e38b19f-f863-48aa-9009-c00648f78579,"7208041001000101 - UMKM - 1",7208
5f258f97-4aaf-42c5-9518-1c8bfa476f29,"7208041001000201 - UMKM - 1",7208
7366f1a6-1a69-47b8-a169-ff06166d5158,"7208050020000200 - UMKM - 2",7208
74e34fbd-ff5b-42f5-b97e-0cdf1c5f0aa2,"7208050020000200 - UMKM - 1",7208
38291bfc-5d0f-4860-bddf-a6019a2e46a3,"7208050020000100 - UMKM - 1",7208
e0a73d38-c614-4b6d-9ffd-f79acfbfaeee,"7208042002000200 - UMKM - 1",7208
6157caad-ae60-40b5-ba0f-2db0f9ee92a6,"7208042002000500 - UMKM - 1",7208
8fa42d0a-e731-45ca-9ad6-a7e10b2c7647,"7208042002000500 - UMKM - 2",7208
40c1f746-9641-433b-a586-fadd80aab443,"7208042002000400 - UMKM - 1",7208
5b4baaa7-c685-449f-adb0-27e16e45fc23,"7208042002000301 - UMKM - 1",7208
26ad8bf6-d370-4107-ae5b-a9bdcc9afdc1,"7208042002000600 - UMKM - 1",7208
fb17c223-fcb9-456b-aa0c-12395e1c4c26,"7208042002000600 - UMKM - 2",7208
e6741413-ca18-47d8-83fa-ede33c5bf922,"7208042002000100 - UMKM - 2",7208
a1df0f2c-72cd-4c2f-8919-9bc8b3619ae9,"7208042002000100 - UMKM - 1",7208
2b67c4e2-f849-4728-a968-bebfbe19752c,"7208042002000100 - UMKM - 3",7208
ad320a1e-9a88-4572-80a4-015d6c2a7a28,"7208042002000302 - UMKM - 2",7208
9a752ca3-8cb9-4c38-a97f-897b3000c81e,"7208042002000302 - UMKM - 3",7208
9d7addc1-0418-4cb2-b88f-f7346d644407,"7208042002000302 - UMKM - 1",7208
fcabe419-8c61-4779-995b-f6b37ad5e57e,"7208020012000302 - UMKM - 1",7208
82ca2617-64de-46b6-b53b-f932660b12be,"7208063009000400 - UMKM - 2",7208
652df30e-58ee-414a-9b03-fcbf7e1f6fda,"7208063009000200 - UMKM - 2",7208
c3716f06-73b3-4c1b-8d2f-8bb412f342a7,"7208063009000200 - UMKM - 3",7208
4c28e39b-3eb4-43e5-a2a3-a64738657549,"7208063009000300 - UMKM - 2",7208
cda448d6-a0b3-416f-b787-c5501c061a55,"7208063009000300 - UMKM - 1",7208
5cea31ba-2e67-4f8c-ac59-721879493188,"7208063009000200 - UMKM - 1",7208
9d582ec2-d322-45e8-91b8-9e2c4514fe57,"7208063009000400 - UMKM - 1",7208
834ecc55-8c1e-4d6e-bfc5-f15d4ddae984,"7208050009000200 - UMKM - 1",7208
57402d49-9157-469f-aaac-a6976fd05266,"7208050009000300 - UMKM - 2",7208
4e2f1ffe-7aa5-4583-9048-f96b26de44d4,"7208050009000500 - UMKM - 1",7208
8bc348a0-8599-4179-aacc-382a0a5c9f3b,"7208050009000200 - UMKM - 3",7208
07c33911-c7ad-4f09-8a99-895ac01078c3,"7208050009000200 - UMKM - 2",7208
79fdd6e9-e753-4505-ba9f-0e0901bcd33e,"7208050009000400 - UMKM - 1",7208
f87a9a3d-e5c6-4ada-a4ec-798411c6eee4,"7208050009000400 - UMKM - 4",7208
b805c727-dc71-419a-986c-539180bbb0d8,"7208050009000400 - UMKM - 3",7208
369c5568-569a-4520-b5a4-0ee04487944b,"7208050009000400 - UMKM - 2",7208
95cf8d98-b1ea-4b60-b1db-a5b3ce444c0c,"7208050009000100 - UMKM - 1",7208
c433925c-29a4-4804-aa9f-5eba95e0b2f6,"7208050009000300 - UMKM - 1",7208
475aba6a-eeee-464c-8699-f16b4fba84c4,"7208051003000500 - UMKM - 2",7208
a8afd350-54ff-402a-aeac-0619bdb38ebd,"7208051003000500 - UMKM - 4",7208
66757edb-643f-4c0b-845c-444c00906a13,"7208051003000500 - UMKM - 5",7208
5957043d-dd00-42f9-a397-49f72cad74cf,"7208051003000500 - UMKM - 1",7208
5c4aa03b-6c23-4a28-8704-9108a895d52f,"7208051003000500 - UMKM - 3",7208
ed644255-e4a7-4882-a5c5-4e176bc1aa69,"7208051003000600 - UMKM - 3",7208
43353d45-58bc-4350-89e8-f96f54fbd782,"7208051003000600 - UMKM - 2",7208
13e9b4be-141e-44e2-81d5-1c654f5a1632,"7208051003000600 - UMKM - 1",7208
9f643703-04de-4d88-afdc-c900c044bde7,"7208051003000200 - UMKM - 3",7208
7bae33d7-998e-41c9-913f-cc8951c7988f,"7208051003000200 - UMKM - 6",7208
69846f51-fa85-4ee0-a4a1-af1ba9014eb0,"7208051003000200 - UMKM - 8",7208
346e7b64-e99d-4d91-a141-d36cbda034f8,"7208051003000200 - UMKM - 5",7208
1cd4a28e-6096-48a9-a6a3-18be970dd46e,"7208051003000200 - UMKM - 2",7208
7d3640b7-68b3-4cdd-a254-120c376aa4bf,"7208051003000200 - UMKM - 1",7208
9d36a427-a824-4748-8b26-0502541e4feb,"7208051003000200 - UMKM - 4",7208
af01861e-abe7-4a16-9c04-046d978a849b,"7208051003000200 - UMKM - 7",7208
a42767f8-b9b2-4aff-b7bd-2312aaff6c35,"7208051003000200 - UMKM - 9",7208
6e049fe7-6624-431c-bea7-50c0e7cd81e1,"7208051003000700 - UMKM - 1",7208
9cd9d9bc-97a7-4654-9ffd-ecc008bfd4e5,"7208051003000100 - UMKM - 1",7208
a9c7f2da-e9e2-49d2-a4a6-11caed473f98,"7208040011000100 - UMKM - 2",7208
b36f41dc-2b5a-4788-99d1-bead0f9e523a,"7208040011000100 - UMKM - 1",7208
826678a2-27b4-491b-aa9c-1d0ba12df6f7,"7208040011000300 - UMKM - 1",7208
8e566301-f5f1-4464-a742-da5cd3db8807,"7208040011000300 - UMKM - 2",7208
eb286eb3-4c67-4b37-803c-a589f95f2de6,"7208040011000500 - UMKM - 2",7208
2c2bc664-bbd5-4762-8439-5e9e796fb28b,"7208040011000500 - UMKM - 1",7208
67ee8696-ba01-4df3-bea7-9820ddb8e134,"7208040011000200 - UMKM - 1",7208
70da1cc4-3906-4093-8821-4f5b07632f64,"7208062003000500 - UMKM - 2",7208
cc30f33e-e08b-4aa2-acf2-deaa2f19cf4f,"7208062003000200 - UMKM - 1",7208
1e299247-4b2b-4892-8256-1b9d1711d547,"7208062003000600 - UMKM - 1",7208
c141e389-03a0-448d-b9a3-bfbf00b1a789,"7208062003000800 - UMKM - 3",7208
f17187c2-e2f0-459a-8d19-f1a92facffcc,"7208062003000800 - UMKM - 2",7208
5880179b-0982-4814-b77d-9c407803786a,"7208062003000800 - UMKM - 1",7208
59926c80-2f8c-4c01-981e-6a994b4b978a,"7208062003000700 - UMKM - 1",7208
2100455c-5ec6-496f-a3e2-ff171646108a,"7208062003000400 - UMKM - 1",7208
d51a2793-cb36-4125-ac6f-4eb70f3dfb8f,"7208062003000400 - UMKM - 2",7208
aa742d88-b467-4ab7-ae3f-ec4b4dc65ea2,"7208062003000500 - UMKM - 1",7208
be377a10-5021-4cb3-b666-7dd934a32554,"7208030006000100 - UMKM - 1",7208
c3f43579-818e-4fdc-87bb-f91a2b00a244,"7208030006000100 - UMKM - 2",7208
d0cf78fc-ad39-4e0e-ac97-a62acbf17069,"7208031015000100 - UMKM - 2",7208
aac52eb8-c266-486f-8749-545551808c65,"7208031015000100 - UMKM - 1",7208
69b6cbfe-2c31-4296-8a5a-15abbf171236,"7208064016000400 - UMKM - 1",7208
0d64f852-da43-46f2-936a-a43cb0edc056,"7208041008000200 - UMKM - 1",7208
47cd7f0e-5f47-4cf9-8909-9956d5869e6d,"7208041008000300 - UMKM - 1",7208
9e870cd7-997b-4648-815f-2a4072b336f1,"7208042010000100 - UMKM - 1",7208
e534e65a-df71-4327-b9ec-3ca43f8128f0,"7208042010000100 - UMKM - 2",7208
0df14586-e4b6-4d3b-a697-5aba20d0ae00,"7208042010000200 - UMKM - 1",7208
ba2941bd-a7f0-448a-a837-fc7e77b2986f,"7208033003000200 - UMKM - 2",7208
93c2b102-0a1e-4328-9767-8e3cff9a8215,"7208033003000200 - UMKM - 1",7208
da5c4aba-3513-4887-99c1-4baa16a21bab,"7208033003000102 - UMKM - 1",7208
be748ba7-8cdf-4638-ac58-87fa3890889a,"7208033003000300 - UMKM - 5",7208
96418084-75d1-4ff8-b05a-52aded1c0546,"7208033003000300 - UMKM - 6",7208
b03beaa8-57e6-45d5-a177-e539b4e8484e,"7208033003000300 - UMKM - 3",7208
a37df4c6-d306-4b9b-9f50-23f026c34aa9,"7208033003000300 - UMKM - 4",7208
502ea569-0c2d-4078-9543-436002ddb6b0,"7208033003000300 - UMKM - 1",7208
b699d9be-b769-4b16-a747-957b7eea6cb0,"7208033003000300 - UMKM - 2",7208
29e2d56c-5f48-4f8c-9e0d-1d62860ef713,"7208031001000300 - UMKM - 3",7208
a108ec28-0aed-48c2-bd20-f030ac074ffc,"7208031001000600 - UMKM - 3",7208
ebe9662c-6086-4ab9-9aef-f727727cff67,"7208031001000700 - UMKM - 1",7208
b394b4ca-a23a-4e34-bcce-d8645dbd9c67,"7208031001000700 - UMKM - 3",7208
4932e502-6e3d-40f6-99bb-b211d29fa4b3,"7208031001000700 - UMKM - 2",7208
1f7b423b-7470-4566-bb78-3a33a0bda0cf,"7208031001000600 - UMKM - 1",7208
923ec60d-eb61-465e-8404-7c887e1bc1e9,"7208031001000600 - UMKM - 2",7208
1d43793f-c288-4e5b-a415-81f582a5e66d,"7208031001000700 - UMKM - 4",7208
1b96995b-9b41-48ed-9d1a-a82c160b12e6,"7208031001000800 - UMKM - 3",7208
8036220b-573d-43ec-80cd-e11579a49e9d,"7208031001000800 - UMKM - 2",7208
5d485346-c836-40c1-8b88-f275402071d6,"7208031001000800 - UMKM - 1",7208
9456267a-ec3d-492f-abb3-03c7cca652a1,"7208031001000400 - UMKM - 1",7208
43a7553d-c133-4eba-9b7e-57b6ca6fa648,"7208031001000300 - UMKM - 2",7208
2591f0f2-4ac8-43ef-af6a-01cbf586a447,"7208031001000300 - UMKM - 1",7208
5db931fc-c3fb-41c4-8749-b996acab61c2,"7208031001000200 - UMKM - 1",7208
148a3add-2d51-4b9c-9548-8382f98ab6dd,"7208031001000100 - UMKM - 2",7208
ed63f9db-6fb2-4ff1-a62b-fba86d42ad23,"7208031001000100 - UMKM - 1",7208
271e75f8-8793-4df5-ad64-a1c44487c627,"7208052010000200 - UMKM - 1",7208
f69f495e-e42c-4850-ae1e-4f25d1810d5b,"7208052010000200 - UMKM - 2",7208
6fd0fadb-b8e6-4c8f-ac31-306b765f1a8a,"7208052010000300 - UMKM - 2",7208
bf72c04a-3ea6-4be2-8d43-fd571c2b45af,"7208052010000300 - UMKM - 1",7208
f1677e66-fcfd-4069-b83a-e186bd71647e,"7208040009000200 - UMKM - 2",7208
0f58edd8-f67e-4f0d-b451-dab4dd863c3b,"7208040009000200 - UMKM - 1",7208
4f7dc60d-3e38-4d7b-84d3-039d7d584904,"7208040009000300 - UMKM - 1",7208
c2b00742-36f9-4848-a959-b9c4422c070f,"7208030007000100 - UMKM - 1",7208
e0ca64e6-1ef5-4ca1-8963-943cc1488a21,"7208030007000200 - UMKM - 1",7208
680433c0-85e1-4304-8ef8-ed3553f41d90,"7208030007000300 - UMKM - 1",7208
5b484af2-9ea7-4887-843f-30b5428d036c,"7208030007000300 - UMKM - 4",7208
ce62d3ce-c156-4b14-856a-1e07c1a7ecd0,"7208030007000300 - UMKM - 3",7208
0745946c-94b7-42e6-810f-1e4df1286fa2,"7208030007000300 - UMKM - 2",7208
99dc1bb2-08a5-4a17-acf1-2b2e6d4c4a26,"7208021006000300 - UMKM - 1",7208
f5324a42-02a4-4f92-8f41-4133db48a258,"7208021006000100 - UMKM - 1",7208
e479c72e-61e6-4416-938b-4682208035bf,"7208021006000400 - UMKM - 2",7208
48b42631-db48-4296-ad8f-f44df0a07edc,"7208021006000400 - UMKM - 3",7208
dcf267f9-28e4-43f1-86be-10691167e5e6,"7208021006000400 - UMKM - 1",7208
d2b1dcf3-b09a-4540-b900-2731c8f2303d,"7208063013000100 - UMKM - 1",7208
366cddd2-af61-46b9-aaf0-f3f211ff7510,"7208060030000100 - UMKM - 2",7208
1e5f71c7-e07e-45fc-972d-711f6f316e6a,"7208060030000100 - UMKM - 1",7208
f87a737e-f74b-49fc-b360-90e7190c5fed,"7208060030000500 - UMKM - 1",7208
bab3015c-9b09-4a91-a2a5-838a197fafcf,"7208060030000400 - UMKM - 1",7208
c8610c19-73ae-4742-bdad-e14ab33b23a2,"7208060030000300 - UMKM - 1",7208
f7d6ee8a-c07c-4009-9d33-9ea8986e88ec,"7208060030000100 - UMKM - 3",7208
4f8ece83-43f4-4451-bcaa-9d290a479511,"7208062010000300 - UMKM - 1",7208
5e5e6705-2c0b-47e1-9875-0d095e7c9ee0,"7208062010000100 - UMKM - 1",7208
cc05eaf1-cd2e-4f2a-96b0-017759ce75ea,"7208062002000200 - UMKM - 1",7208
ba72d44f-5c8e-4a79-857f-2caa79bf255a,"7208062002000500 - UMKM - 1",7208
b3f27050-b2d0-4077-aa74-02b102757497,"7208062002000100 - UMKM - 1",7208
f833dcb4-486c-4e1c-aadf-404b8afbcf54,"7208062002000100 - UMKM - 2",7208
11f67ba4-efda-4f83-ac5a-69b799cc47f2,"7208062002000400 - UMKM - 3",7208
66a327bf-5656-4f88-a10f-ab7ad8136335,"7208062002000400 - UMKM - 1",7208
8d98aab3-89ee-4893-bef3-693ac6ddf78c,"7208062002000400 - UMKM - 4",7208
df68da9c-2fd4-4400-8523-7af67d017f6c,"7208062002000400 - UMKM - 2",7208
8a52ac25-3d10-4890-b31a-6daf87b2a2f4,"7208052006000200 - UMKM - 1",7208
2536564e-5bd6-4cb0-a83f-17030f1ea370,"7208052006000401 - UMKM - 1",7208
25cced35-07df-4de0-b7b5-8c4cb6050be3,"7208052006000402 - UMKM - 1",7208
ede368ec-58a1-409d-a05e-b0600089b987,"7208050019000300 - UMKM - 3",7208
a48bf7f2-698d-4264-8467-f6e5b4675f2d,"7208050019000300 - UMKM - 2",7208
b0e8c9e9-db0a-493c-9785-5027330f997c,"7208050019000100 - UMKM - 3",7208
e4bc137a-7d43-4bfd-9d6a-f10d15fbd6e6,"7208050019000200 - UMKM - 2",7208
5c574ca6-b920-4e38-a338-ebf36f7beb28,"7208050019000200 - UMKM - 1",7208
3c392f8d-a30e-40e2-8dec-2d550e848ce2,"7208050019000200 - UMKM - 3",7208
50647e81-1556-4d52-9c8e-fe5ed8c99fb1,"7208050019000300 - UMKM - 1",7208
f6b90d40-a922-421d-839f-d52e56450fd5,"7208050019000100 - UMKM - 1",7208
d0cf93e9-1e90-45b8-a8f8-54fe0cb33541,"7208050019000100 - UMKM - 2",7208
ff135c5c-9962-49be-9d74-09cca87f8675,"7208031003000300 - UMKM - 2",7208
260b0572-c462-4bc2-858b-7dd32ba0cbf6,"7208031003000300 - UMKM - 1",7208
1cbe4e6b-019e-4bca-b6c9-92ed76b8ecd5,"7208031003000300 - UMKM - 4",7208
f313bb5e-e44b-47a5-a790-9a7b95b3d3c3,"7208031003000300 - UMKM - 3",7208
98e0ddc6-1de0-4a7a-b8ec-c19a34738f02,"7208031003000600 - UMKM - 1",7208
d050dc71-35fc-446a-a90f-9bb88d7caa63,"7208031003000600 - UMKM - 2",7208
719779f3-2dc1-4942-9c9d-ae308ae97085,"7208031003000100 - UMKM - 2",7208
e786decc-b01d-40e3-a442-d7de433111d8,"7208031003000100 - UMKM - 1",7208
fa882ce2-c87c-432c-b234-568d013d4044,"7208024005000102 - UMKM - 3",7208
f7c627b6-5afc-40e5-b1da-cbba52e2b73d,"7208024005000400 - UMKM - 1",7208
7766871e-09f9-4726-8cdc-78f1227e4391,"7208024005000102 - UMKM - 2",7208
76737c5b-4eaf-4fb7-b4b7-084489f66947,"7208024005000102 - UMKM - 1",7208
f85298c1-d42b-4a70-88cf-1d5ca399e774,"7208030024000300 - UMKM - 1",7208
feeba9eb-a4ce-4a5c-8fef-d0d762e0fd01,"7208063002000100 - UMKM - 3",7208
36084f8d-371b-4f00-bf07-7d46d9fa42b6,"7208063002000100 - UMKM - 2",7208
61ceff46-7577-4074-8f44-cdb18aae4a67,"7208063002000100 - UMKM - 1",7208
dd4c0112-2802-42af-8a6b-93a3448c010f,"7208021002001100 - UMKM - 1",7208
f9254864-0b8e-450d-83b9-56c66fadbb13,"7208021002000700 - UMKM - 1",7208
bb2888ee-6654-4a58-af14-08801bcbfe8d,"7208021002000800 - UMKM - 1",7208
8596b993-7a63-4a4b-a15a-70ebc906a5b7,"7208021002000800 - UMKM - 3",7208
29a8de8f-6a4a-4573-b11b-e28b7c15f63b,"7208021002000800 - UMKM - 2",7208
854d1dfe-a7a6-4716-baf1-e8038ba915e6,"7208021002000400 - UMKM - 1",7208
617b03e1-129f-456f-bef5-c15fe25548c9,"7208021002000400 - UMKM - 2",7208
3bd57dfa-c59d-4829-9329-41bedc757ca1,"7208021002000500 - UMKM - 1",7208
1a92dc9f-f486-4ac9-b31a-deaaf15208fb,"7208021002000100 - UMKM - 9",7208
456746eb-6915-4ffd-9b9f-55ea20289e9c,"7208021002000100 - UMKM - 2",7208
fc5c8c30-7495-4d0b-afd3-2d276131ba75,"7208021002000100 - UMKM - 5",7208
481df637-6a41-471f-a8cd-155f2fcc0933,"7208021002000100 - UMKM - 4",7208
8c678d44-10f9-41b6-a650-a8208cc19b09,"7208021002000100 - UMKM - 1",7208
16cb243f-a5a7-4484-ab3a-626c8896c3ca,"7208021002000100 - UMKM - 7",7208
3a25f2ab-8e9c-4f54-a541-acdf89535f3e,"7208021002000100 - UMKM - 8",7208
b90060a0-406b-489b-b1d4-29f0bfeead09,"7208021002000100 - UMKM - 3",7208
d09b24a2-15ae-44b2-89cc-586b76c9f56d,"7208021002000100 - UMKM - 6",7208
c403b700-aaf8-40f2-aead-401fcc9e973b,"7208021002000600 - UMKM - 4",7208
8bafea98-d599-432e-8518-7abbdc99f133,"7208021002000600 - UMKM - 2",7208
1c624903-248b-48e7-96ed-c5c0a0ebc547,"7208021002000600 - UMKM - 5",7208
de44d780-26d7-43d8-96e4-62591cb2af22,"7208021002000600 - UMKM - 1",7208
264591ce-1e08-4f04-b864-0371abb5f6e5,"7208021002000600 - UMKM - 6",7208
31f1d47a-bb81-45e1-8751-bd4055164673,"7208021002000600 - UMKM - 3",7208
7d6d7b16-79ea-452d-8cce-507f54e6e894,"7208021002000200 - UMKM - 2",7208
77e4f236-2039-46ab-a725-3ea7f3909eb0,"7208021002000200 - UMKM - 1",7208
18951ffc-aac5-4730-a4b1-833120bb8c9e,"7208020019000200 - UMKM - 5",7208
401ea89e-5699-43b2-91b4-4f00a27a38db,"7208020019000200 - UMKM - 3",7208
475f3227-921b-4f3e-b64d-ced6dda04343,"7208020019000200 - UMKM - 4",7208
3b7212d8-353f-4dcc-8772-4e99b0c32c20,"7208020019000200 - UMKM - 2",7208
9bbd68bf-3399-47a9-bba4-4ef60fd06910,"7208020019000200 - UMKM - 1",7208
ca7a6603-9ac0-47e8-ab57-4a4acae6e933,"7208020019001100 - UMKM - 1",7208
afaab82b-9a6c-4872-ab23-da1bf576e402,"7208042004000400 - UMKM - 1",7208
347566ca-9368-4f8d-b349-456086ee3aeb,"7208042004000300 - UMKM - 2",7208
d65197bd-6b87-4c9a-ba4e-f38730af1f52,"7208042004000300 - UMKM - 1",7208
d87affa3-0f97-49dc-9348-d7fd673aa78a,"7208033002000200 - UMKM - 5",7208
62c28b42-72b0-45d3-98b0-c33e6121f7ae,"7208033002000200 - UMKM - 3",7208
449ca9a0-dada-42a7-987f-ed1db4fce85b,"7208033002000200 - UMKM - 4",7208
5bd65679-8a5b-460f-a27f-950c22d10859,"7208033002000200 - UMKM - 2",7208
e86b2fea-a01e-4eff-97b7-ecc96d505c82,"7208033002000200 - UMKM - 6",7208
0cfd0476-7a33-48ee-9d4a-2df940aa43dd,"7208033002000200 - UMKM - 1",7208
cc2afbd8-b3da-4af3-b8a6-ccbbf7f228d5,"7208033002000200 - UMKM - 7",7208
4552d92d-4194-4be8-acac-039dad0f44d1,"7208033002000400 - UMKM - 1",7208
2c54e028-815e-434b-a41e-8fee381074d9,"7208033002000400 - UMKM - 2",7208
10101000-a2a1-44c5-a068-2a90c60f881c,"7208033002000100 - UMKM - 1",7208
690c0daf-c3c1-4384-9872-8b8f62427ac2,"7208062001000300 - UMKM - 1",7208
f9540698-c2eb-4511-b00f-e8ed1a0b3c1a,"7208062001000300 - UMKM - 2",7208
db87d1a0-f4a1-416f-89e8-120f497b8fdd,"7208062001000300 - UMKM - 4",7208
a9835191-a30f-46d0-ae17-e0edde9345f8,"7208062001000200 - UMKM - 1",7208
2bbfbae7-8793-4dbc-bbeb-4fb29f4973ce,"7208062001000100 - UMKM - 2",7208
654ea301-0710-4088-b1c2-7dd919c2bdda,"7208062001000100 - UMKM - 3",7208
792de10f-7fd5-4cab-b17c-07139a25ac96,"7208062001000300 - UMKM - 3",7208
3e43fb70-2d6c-4bf6-b27b-826ce8e2dd9f,"7208062001000100 - UMKM - 4",7208
458ec31e-edd8-4f26-9d9b-3c56d07c1f91,"7208062001000100 - UMKM - 1",7208
c52667ea-8e6e-473f-83d7-a29342489bce,"7208062001000400 - UMKM - 2",7208
229aac0d-0a11-4524-bb0e-d7fed614f738,"7208062001000400 - UMKM - 1",7208
5bfecdf9-6a8e-461a-8acc-8a25b0edb0c6,"7208062001000300 - UMKM - 5",7208
7384e3fe-b070-42f9-9098-12dba1447ec5,"7208060035000100 - UMKM - 1",7208
ccf3e01d-1db2-464e-800d-b91b048b6bb3,"7208060035000200 - UMKM - 1",7208
5b4bd33b-a113-4e0e-9c79-59aab9ab9817,"7208031008000200 - UMKM - 1",7208
5c2c634d-e93d-42d0-ad29-0789af683572,"7208031008000200 - UMKM - 4",7208
3df6f4c2-4ead-4038-bf85-051edaee70c7,"7208031008000200 - UMKM - 3",7208
e9927fae-a287-4c8a-b94e-7e382f416d72,"7208031008000200 - UMKM - 2",7208
00aab93b-322b-4e9d-bc0b-16452fcdb4af,"7208031008000300 - UMKM - 2",7208
78d83bce-69f2-46d0-819d-1901b0ee4be8,"7208031008000300 - UMKM - 1",7208
1b6df981-df56-4f21-ace2-1264a5653ae4,"7208031008000101 - UMKM - 1",7208
f6ace5cd-141a-42c3-b3ee-ac373d14ff85,"7208041015000200 - UMKM - 1",7208
defd304f-f299-4fba-a9d1-40cb9794bde8,"7208041015000100 - UMKM - 1",7208
9276f200-87e6-4176-be36-a757c450994c,"7208041015000100 - UMKM - 2",7208
47ce0324-fea4-4338-90d7-2f75ae7cc30a,"7208041015000100 - UMKM - 3",7208
c00f1d93-b04e-4d4d-ba58-8648d6fbff32,"7208051001000300 - UMKM - 1",7208
5787f14e-3679-4197-a7d0-58e7d551b658,"7208051001000100 - UMKM - 2",7208
19c8f458-6090-4908-8146-54d473dd5830,"7208051001000100 - UMKM - 1",7208
3cec2724-cc2c-458f-9148-7ad0e7ce0bd5,"7208011004000800 - UMKM - 1",7208
0a048814-c878-49d7-aa38-9ab2182a6fe4,"7208011004000200 - UMKM - 1",7208
9db8cf41-0a72-45db-83df-8ab2e6655171,"7208020014000400 - UMKM - 1",7208
8a58b955-d0fe-44fc-89ed-412466c49aac,"7208020014000400 - UMKM - 2",7208
eaefaba1-7b9a-463b-9c37-45e9989a9a1c,"7208020014000200 - UMKM - 1",7208
0c4a2d7b-d5b5-4c29-935b-f3fa5fcf633c,"7208020014000600 - UMKM - 1",7208
38416ee5-b8da-4ac1-85de-844b9d7e0260,"7208020014000800 - UMKM - 1",7208
1bda4335-4a4e-4000-b584-b9b7273f2f73,"7208020014000800 - UMKM - 2",7208
e755d399-5be4-4547-8a34-5ebdbcdcb28a,"7208020014000300 - UMKM - 1",7208
ee6815b9-b1de-4708-860d-478565786505,"7208020014000100 - UMKM - 2",7208
ab72e1c4-ea27-4725-9ba2-9675e68c975d,"7208020014000100 - UMKM - 1",7208
4bb93f20-3679-4bc2-8556-773a03f68d41,"7208064001000300 - UMKM - 1",7208
e6bee2f4-d5c8-46b9-a922-fd19c853653e,"7208064001000100 - UMKM - 1",7208
5665e60b-ba2b-4563-a6a6-0127e2cd0a5d,"7208064001000100 - UMKM - 3",7208
86d09606-919e-47ce-8998-4f6590cc0298,"7208064001000100 - UMKM - 2",7208
083dffac-b5ca-4977-83cb-135333ad2d10,"7208050014000300 - UMKM - 1",7208
3904f511-f507-46d6-b7dc-bad8e0f0a96e,"7208060034000300 - UMKM - 2",7208
3b2d1fa5-8b3a-47f3-b3df-3b6c71754551,"7208060034000300 - UMKM - 1",7208
6e3d3c22-5f98-4fed-81e0-4eb27333b843,"7208060034100100 - UMKM - 1",7208
c3c96e13-bcae-4b6c-ad7a-d0649112a03d,"7208032006000400 - UMKM - 1",7208
efe37640-4952-4e18-8561-d10086c82745,"7208032006000400 - UMKM - 7",7208
1f10fdaf-ae32-4536-bd4f-61ebc8febf46,"7208032006000400 - UMKM - 6",7208
e617370d-0eff-436d-8c5c-409be7cc42ed,"7208032006000400 - UMKM - 3",7208
997c0a3a-1ab7-4919-84a1-f580aa358dbc,"7208032006000400 - UMKM - 5",7208
8c4e880f-83ff-485f-b16c-6f75eec2c3e5,"7208032006000400 - UMKM - 2",7208
58618ee8-f241-4c32-950d-1680afb529ca,"7208032006000400 - UMKM - 4",7208
c68daaa8-5b1e-4964-aa02-19209f765248,"7208032006000500 - UMKM - 1",7208
d1330c35-70db-4d20-ba9d-cf0c8c82f4f3,"7208032006000100 - UMKM - 1",7208
506e9d9d-be0a-41de-8087-e48389cc00df,"7208032006000100 - UMKM - 2",7208
e929e1b9-11f9-4374-9f07-525edfed3f90,"7208060024000100 - UMKM - 1",7208
9e8a0d25-6af9-49f0-94c2-af0eebc51fe8,"7208061038000100 - UMKM - 2",7208
5af00fee-00a8-4856-b837-cf24f278d4a9,"7208061038000100 - UMKM - 3",7208
ee10d82d-28d6-462e-a1e2-71ac4780f2a7,"7208061038000100 - UMKM - 1",7208
299ffdcd-f3a1-40ba-8d13-4f6a0732023c,"7208061038000200 - UMKM - 2",7208
75a6cb4e-85b6-49a1-8a8a-89372f6b2741,"7208061038000200 - UMKM - 1",7208
c56fffbd-a2e7-49aa-bd5f-6a01bf44cf47,"7208061038000300 - UMKM - 1",7208
e3c8e33d-a1dc-4ab7-8013-e2e5fae03931,"7208052009000100 - UMKM - 2",7208
8561f5c7-dcf8-4cf7-bf5a-c804b980d44d,"7208052009000100 - UMKM - 1",7208
d9be1b7c-ea88-4210-bc38-951b46457d9c,"7208052009000500 - UMKM - 1",7208
b9c38d56-9bb1-40ad-9d84-b5bf302a9b1f,"7208052009000200 - UMKM - 1",7208
83ee61f7-3251-4e7e-9e12-fa6d0777e699,"7208050013000200 - UMKM - 1",7208
3f168cb0-08e1-439f-9584-04458c95c143,"7208050013000200 - UMKM - 3",7208
2c19243a-6d44-4623-b9b6-c2c93e4821f1,"7208050013000100 - UMKM - 1",7208
ecef1af9-3c4a-4e03-b221-4db57c4ddbc3,"7208050013000200 - UMKM - 4",7208
a3cd0da7-a250-4246-94aa-3160658dd73a,"7208050013000200 - UMKM - 2",7208
d29ec636-4829-424f-a4bd-a3414bd7a6e0,"7208050013000300 - UMKM - 2",7208
1a6de3a3-fe09-4158-b4d3-c1e7ad17e259,"7208050013000300 - UMKM - 3",7208
7dfd6e26-369b-4eac-8beb-94e6a69a8726,"7208050013000300 - UMKM - 1",7208
a934251c-5d29-4d28-9bf6-6e5228d501a5,"7208024003000200 - UMKM - 2",7208
7d4822f0-ba3c-4899-b3cb-22fd188c365b,"7208024003000200 - UMKM - 1",7208
72343259-06b5-482a-8fd7-2901f6e5af53,"7208024003000200 - UMKM - 3",7208
ce7c92a3-9bf3-4300-9f3f-2a057a67fb22,"7208024003000300 - UMKM - 1",7208
b223a07e-bd77-4fdb-b537-f9c4f3064fd9,"7208024003000100 - UMKM - 1",7208
0248b9a1-0da3-4592-8e6a-a302257d48e8,"7208024003000100 - UMKM - 6",7208
bd9463a4-019b-4260-a466-fe755444613a,"7208024003000100 - UMKM - 2",7208
f73c897d-aae2-4825-9678-dc654473a60b,"7208024003000100 - UMKM - 4",7208
7ef1fe5c-6c36-4392-a620-31cd8dc032b7,"7208024003000100 - UMKM - 5",7208
bee24cc5-7ba0-4481-b50c-8ff52f5ea4a9,"7208024003000100 - UMKM - 3",7208
d0479b17-9bf4-408c-8175-06ad4ca7e145,"7208033005000200 - UMKM - 3",7208
31d156f9-2840-466f-a567-b3d75a0d31f7,"7208033005000200 - UMKM - 1",7208
a593084d-8a77-41ba-8d51-2f391f7789a3,"7208033005000200 - UMKM - 2",7208
1ef6c0be-a587-4b69-a7b2-92e66ade3897,"7208033005000100 - UMKM - 1",7208
604e0883-21ba-4ec4-896f-d4beefece9f8,"7208033005000500 - UMKM - 1",7208
ecbd893a-c4bb-4494-80d1-134cc76437ca,"7208033005000302 - UMKM - 1",7208
e28ed64a-890e-4873-a842-e7fecf2cfd68,"7208033005000302 - UMKM - 2",7208
7d3c6874-3b30-4f1d-ad2a-12de4eb47a4b,"7208033005000301 - UMKM - 1",7208
b0ba9d5d-8c54-4e29-a3c2-26ddcf40e421,"7208062004000100 - UMKM - 1",7208
249792e1-3e97-4f9b-a152-8d4f3cf63fb4,"7208062004000400 - UMKM - 12",7208
8044a1bb-cc7e-48e0-a2ae-fed18b750279,"7208062004000400 - UMKM - 1",7208
9cebe96e-26f2-4c71-8e9c-f3e06be1e76a,"7208062004000400 - UMKM - 4",7208
e6b57ed0-5354-4665-ad18-fcb7752871b1,"7208062004000400 - UMKM - 10",7208
f6af2f79-620e-4652-8c13-256bc019edc3,"7208062004000400 - UMKM - 2",7208
19077a63-c448-4260-bf39-7eb0e6f2a4a1,"7208062004000300 - UMKM - 2",7208
7d0ca9da-997f-40f6-907a-cf9fe5d75f80,"7208062004000300 - UMKM - 3",7208
2187e1f3-51e4-4b7c-90db-7b8be0d24d5a,"7208062004000300 - UMKM - 1",7208
de078dd8-9106-44d9-baab-cb2f1709c503,"7208062004000200 - UMKM - 4",7208
9a3a2b7e-de54-4de0-a652-f6ada2688a2c,"7208062004000200 - UMKM - 1",7208
1bc73e97-1a97-4bc3-a9a0-855f4340b07e,"7208062004000200 - UMKM - 2",7208
aa9c352c-d566-4cd1-a9aa-c4c742a123f6,"7208062004000200 - UMKM - 3",7208
55ec2e81-c97f-4703-8c28-cdf91b00ac14,"7208062004000600 - UMKM - 3",7208
e5f42a55-4638-4bb5-b347-499fc919af75,"7208062004000600 - UMKM - 2",7208
7fc26cd5-eb84-4da6-a546-1611e9ea5a21,"7208062004000600 - UMKM - 1",7208
34c21252-2dab-4d4d-8d20-ada5516e23de,"7208062004000600 - UMKM - 4",7208
1d736259-fd0a-4858-b571-8f690d47e648,"7208062004000100 - UMKM - 2",7208
b6a7df43-8e6c-46d5-8a8e-43a28860eb2e,"7208062004000500 - UMKM - 1",7208
c5932bed-40ae-4f36-95c8-ba5f4e9ca843,"7208062004000400 - UMKM - 5",7208
af0a58eb-ed5a-456c-9623-1b1fb0ddb603,"7208062004000400 - UMKM - 7",7208
783e7bd9-3578-46a9-83f2-02bd2de0f925,"7208062004000400 - UMKM - 3",7208
a2d879fd-7e2c-478b-8297-92c5e618bba9,"7208062004000400 - UMKM - 11",7208
e692e665-b452-4b37-b81e-5aca6da43fcd,"7208062004000400 - UMKM - 6",7208
6f409571-1e8f-46cb-bcce-ec5ca739b67d,"7208062004000400 - UMKM - 9",7208
eaedcc19-4fef-485e-be9f-bd1a530dd1cc,"7208062004000400 - UMKM - 8",7208
0daefa76-8bac-4376-a12f-129ed1125374,"7208020015001300 - UMKM - 5",7208
b67f1bbe-59a6-4369-87b9-e8e23475ef85,"7208020015001300 - UMKM - 3",7208
df7ca69f-f5ac-40eb-8aca-c62a33a8d12c,"7208020015001300 - UMKM - 4",7208
e9d4046c-a824-4143-97c3-fa620eabecdf,"7208020015001300 - UMKM - 6",7208
f6d66454-74e5-4526-bfa7-960ff8124e7b,"7208020015001300 - UMKM - 2",7208
16d0e074-2314-4d45-b778-05c0cb9c75a9,"7208020015001300 - UMKM - 1",7208
75bab431-ffd3-4db7-85b2-8f68cb9f322d,"7208020015000400 - UMKM - 1",7208
7e5484ef-a460-4a3d-939d-395ea326342a,"7208020015001000 - UMKM - 2",7208
7e16f588-89be-475c-ad79-eefe1efc3fc2,"7208020015001000 - UMKM - 4",7208
fa4e20e8-3444-4717-8d42-d0523fb966d3,"7208020015001000 - UMKM - 6",7208
2ffd7e3d-7baf-404a-8326-0d1dc9a22041,"7208020015001000 - UMKM - 5",7208
2f11d9cf-10cb-40a4-b8c0-e4fe1a7019ba,"7208020015001000 - UMKM - 3",7208
226f84ec-2d46-4c88-8b58-f32e182c123b,"7208020015001000 - UMKM - 1",7208
32e6f196-441e-4e01-baa5-017fec6f6ce1,"7208020015001500 - UMKM - 1",7208
bbc06543-e72e-4784-bfef-46a0666a338b,"7208020015001500 - UMKM - 2",7208
c62bb559-a6cd-4216-a9f5-457f9623c761,"7208020015001500 - UMKM - 3",7208
dba416fa-8f11-45dc-a9e4-9266c395be8e,"7208020015001200 - UMKM - 2",7208
ff8f1783-2378-4920-af5f-fda01453b8f7,"7208020015001200 - UMKM - 1",7208
c311f92d-9f19-49fd-b62d-8ad224e8e638,"7208020015000800 - UMKM - 5",7208
4fcfab3a-5a94-42de-b000-91f40d840138,"7208020015000800 - UMKM - 3",7208
05b2c28a-fabd-4f9f-80d5-fa3a0e198772,"7208020015000800 - UMKM - 4",7208
b5edb641-2a4b-46a7-bcf0-892a62fc4217,"7208020015000800 - UMKM - 1",7208
7161ad0b-543f-4c86-91c8-e3469f6e0c0b,"7208020015000800 - UMKM - 2",7208
5031c11e-b396-48dc-abcc-49cca86caa73,"7208020015000800 - UMKM - 6",7208
5effaad9-b13f-431e-b41e-776a94595e8f,"7208020015000800 - UMKM - 7",7208
f11f2121-11f7-4dda-8590-1019f5ea6fce,"7208020015000200 - UMKM - 1",7208
7f79ac90-2813-47f7-9d3b-5df4e3e66534,"7208020015000200 - UMKM - 2",7208
c6f950d7-8964-4933-a054-ba9b0d563c0e,"7208020015000200 - UMKM - 3",7208
6e5c9a1d-cbe7-49cf-a9b8-df53c4aa2dba,"7208020015000100 - UMKM - 1",7208
82037649-723c-41fb-ab8d-65283195349f,"7208020015001400 - UMKM - 1",7208
17da19d2-e9a8-4c9f-bc9a-709338380d45,"7208020015001400 - UMKM - 3",7208
f0841219-fa57-4d1f-99a1-884c920c9fd9,"7208020015001400 - UMKM - 6",7208
a81e1f15-7df8-4ef7-b9f4-d58dab44c830,"7208020015001400 - UMKM - 5",7208
3031865c-5f6c-42e7-aff9-f2530c21f492,"7208020015001400 - UMKM - 2",7208
3d29d264-55eb-4a10-8956-7d65bfc59348,"7208020015001400 - UMKM - 4",7208
bb8aa8cc-9072-4d1c-a7e4-6df85cde043f,"7208020015000502 - UMKM - 1",7208
86e2abd6-c612-4e05-9561-d20e798d945a,"7208020015000501 - UMKM - 2",7208
f4dccc6f-0e1b-4fff-83ab-c7216b8a870f,"7208020015000501 - UMKM - 1",7208
af03a22a-48d5-41d4-a601-04a9a3178130,"7208020015000900 - UMKM - 1",7208
622ed21c-b415-4688-b374-048f0ba706c5,"7208020015000900 - UMKM - 2",7208
64cf1b26-7277-467e-9334-3b103a756a7f,"7208020015001100 - UMKM - 2",7208
5c6a0d2b-ffca-474c-b592-282a64ec5135,"7208020015001100 - UMKM - 4",7208
0ccd16a7-b97d-46b1-9b87-210d1b664deb,"7208020015001100 - UMKM - 1",7208
25b67468-9c2c-4695-8cd0-51ac155d4a8c,"7208020015001100 - UMKM - 3",7208
b8ace244-75d8-4712-be40-6fc3906c55c0,"7208020015001100 - UMKM - 5",7208
6476f331-15c1-4a67-bebc-1d35e9fb91c3,"7208020015000700 - UMKM - 1",7208
10d62d9a-9ce9-4a73-a5df-ac83fcd9882d,"7208020015000700 - UMKM - 3",7208
613e9b9d-d52c-49ca-897e-58139dbf5e8b,"7208020015000700 - UMKM - 4",7208
5c3af907-5ea5-478b-a6c1-90f933b2bf70,"7208020015000700 - UMKM - 2",7208
60632d08-31ca-484c-be9e-2cd5db3fe9c2,"7208060036000200 - UMKM - 2",7208
b0870b6f-2a43-40cf-bafe-114f235e7e3b,"7208060036000200 - UMKM - 1",7208
a425769e-e7b0-497c-b857-48dc2ad621bd,"7208060036000300 - UMKM - 1",7208
4c7d571e-feac-4769-a693-a29677168a89,"7208041012000400 - UMKM - 2",7208
4aa00c34-ec38-41de-9006-b9fa98de0dcf,"7208041012000400 - UMKM - 1",7208
757b5040-a897-4a68-ab58-e37ad9a61126,"7208041012000200 - UMKM - 3",7208
420f4500-291f-49c4-aff4-7b96be473bd7,"7208041012000200 - UMKM - 2",7208
54cd76b2-5123-4bac-a73b-7b539c443e5f,"7208041012000200 - UMKM - 1",7208
2eb62362-529a-4eb9-a2f8-0d1ae1ca904f,"7208041012000100 - UMKM - 1",7208
8bdecff8-d769-4810-888c-02ee1e760d60,"7208012009000400 - UMKM - 7",7208
3fefa707-12d2-45e7-9cfd-c9905e17e3e6,"7208012009000400 - UMKM - 5",7208
03b6868f-faca-4eee-b244-ab712e42e538,"7208012009000400 - UMKM - 2",7208
672f6a8a-66cd-4183-b87d-ce15b9952bd5,"7208012009000400 - UMKM - 6",7208
767f393e-cb91-4565-b4f7-a32853ea2960,"7208012009000400 - UMKM - 1",7208
852887e9-ef1e-4448-beb7-edd653be0527,"7208012009000400 - UMKM - 4",7208
9f38420c-f517-48d9-bda8-b1c87325950c,"7208012009000400 - UMKM - 3",7208
967bbcb4-b4b4-4866-a144-e98d15c37327,"7208031004000101 - UMKM - 1",7208
3f29b783-9ae5-415c-9861-55fe3c412cf2,"7208031004000101 - UMKM - 2",7208
5f2f111c-df5d-41c5-8f11-c24b63da09bd,"7208031004000101 - UMKM - 3",7208
baa3d0d4-1431-4f2a-a3df-ab5c7f146606,"7208031004000600 - UMKM - 1",7208
1978690b-a668-43bb-a9d3-e5a976524756,"7208031004000800 - UMKM - 1",7208
0c29809a-ebd9-4b9e-8b6b-13a5e1b15c72,"7208031004000300 - UMKM - 1",7208
06d3a6ab-2a98-4694-a33c-a07bd6db29ee,"7208031004000102 - UMKM - 1",7208
8549d333-de82-4bc8-9f43-6a2b122946b7,"7208031004000700 - UMKM - 1",7208
551eaa18-cd06-4054-9075-9bdfd13a477f,"7208064014000200 - UMKM - 1",7208
658e614e-64be-4ded-be7b-90214995c180,"7208064014000400 - UMKM - 1",7208
80c78af0-26a5-4c59-a260-999dddfdf964,"7208064014000400 - UMKM - 2",7208
5f4d9cf7-27bb-486f-b3b2-dfa86918ab5a,"7208030008000200 - UMKM - 9",7208
0c2dd909-79e9-49b9-a3c1-49104ac531f8,"7208030008000200 - UMKM - 3",7208
e105ea55-9b2a-48dc-8d64-23123994ea88,"7208030008000200 - UMKM - 4",7208
526e6e9b-8147-457c-81d3-d307a7e3eb97,"7208030008000200 - UMKM - 8",7208
e1906aea-69fd-4c75-bd8c-9966f00f2d49,"7208030008000200 - UMKM - 11",7208
dc2ed343-a859-4543-87cf-112b378eeb33,"7208030008000200 - UMKM - 6",7208
4e647013-700f-46e6-bf17-a22b4af6dd3e,"7208030008000200 - UMKM - 2",7208
b51c6f2c-bc59-4916-956f-b141202440c5,"7208030008000200 - UMKM - 1",7208
74c98a91-7b60-4488-b406-e39373db1d7e,"7208030008000200 - UMKM - 10",7208
4fc40e7c-e2f8-4074-ae58-4f0a39b249cb,"7208030008000200 - UMKM - 7",7208
26588072-c32e-442b-91ec-1268f900c673,"7208030008000200 - UMKM - 5",7208
2b261280-dfea-4732-8ead-b56cf0bb9659,"7208030008000300 - UMKM - 5",7208
eeed625b-4c41-41a9-9121-f199e2d8fc5f,"7208030008000300 - UMKM - 4",7208
b28987d6-8d50-4484-9c5f-baead2e8f6c4,"7208030008000300 - UMKM - 1",7208
0fc82357-4b42-43e1-a1ff-1fe9b89b5d7c,"7208030008000300 - UMKM - 3",7208
18f0afa1-a87e-4b2e-a823-680cd49ab1ec,"7208030008000300 - UMKM - 2",7208
7ef6f19c-3396-415e-ab48-21008920f88e,"7208030008000402 - UMKM - 2",7208
03089da4-9f9f-42f4-8541-cd805bbae77e,"7208030008000402 - UMKM - 1",7208
c060bf57-916b-4850-bcdc-6bbc9f9c8052,"7208030008000401 - UMKM - 3",7208
aa0e2d1d-48cc-47fc-ac84-38ed5b60b3fa,"7208030008000401 - UMKM - 5",7208
2b07c9d7-f0c0-477e-a1bd-17d9cfc39eaf,"7208030008000401 - UMKM - 6",7208
c4d9b267-6d56-4f05-9c78-8288ee10ee13,"7208030008000401 - UMKM - 4",7208
e18c3860-a52d-4e32-ac2b-e06d6780c1b6,"7208030008000401 - UMKM - 2",7208
fd3b65f3-8690-47f6-b32d-60d6d282db46,"7208030008000401 - UMKM - 1",7208
abb31278-cb6f-4626-9eb0-37f432cfa54d,"7208030008000100 - UMKM - 1",7208
9f03bfb2-087e-47f8-ad24-7dd64969c1d2,"7208041003000200 - UMKM - 1",7208
b54ad5dc-7b5c-479a-98a6-dbd91e3f8b26,"7208041003000100 - UMKM - 3",7208
c15ba327-c555-476f-b2ab-8c95b3f0066e,"7208041003000100 - UMKM - 2",7208
caceb3a9-d4eb-4867-a9db-af7b44b3d04d,"7208041003000100 - UMKM - 1",7208
4fb36322-de92-4e30-a0ff-f70602c7ce20,"7208041003000300 - UMKM - 3",7208
5b1208c5-8524-451c-b31d-37c79e3c26f2,"7208041003000300 - UMKM - 1",7208
f24094fa-f5c9-4ec6-97de-3da7675e1ea8,"7208041003000300 - UMKM - 2",7208
76669fa6-2da0-412b-9d8e-e844a39a5500,"7208041003000300 - UMKM - 4",7208
409a6e72-7be1-49b3-bc73-a43ad2092eef,"7208041003000200 - UMKM - 2",7208
03046a0c-da0f-4d4a-923d-8f946dec33e1,"7208041003000200 - UMKM - 3",7208
3116f711-5cee-4346-bbe7-7a60d8030de2,"7208041003000500 - UMKM - 1",7208
491abade-fd03-434c-86b7-f28f2545f42c,"7208041003000500 - UMKM - 3",7208
a413e3a7-51e5-4b7b-8aae-b63f1f8b9f88,"7208041003000500 - UMKM - 2",7208
86ae6140-0ebf-44ba-8bfa-f6c5b3126249,"7208031010000400 - UMKM - 1",7208
894b00cb-68bf-4cb1-a733-8bcbef0d7d97,"7208022005000700 - UMKM - 1",7208
12eb4e4f-8bab-4a15-a25d-0370a311ae8e,"7208022005000700 - UMKM - 2",7208
9ec2ef87-a6a0-4ef5-a085-f5462112299e,"7208040010000104 - UMKM - 5",7208
7edc0935-b36d-4df7-93ab-91c6fed3ba85,"7208040010000104 - UMKM - 4",7208
9632764c-06eb-4f0c-be07-50b801c589a8,"7208040010000104 - UMKM - 3",7208
3db864d5-1daa-40cd-9697-c1b09c2682dc,"7208040010000104 - UMKM - 1",7208
574466ff-3017-4194-8163-7bfbdd350b00,"7208040010000104 - UMKM - 2",7208
f72f4a73-cf7c-44f6-849d-44a6e8364c3e,"7208040010000103 - UMKM - 3",7208
3eb36c96-b70a-4968-ac1c-0a8818e8fd3b,"7208040010000103 - UMKM - 2",7208
d53a67dd-dd70-4303-a36f-55e0bbf300c2,"7208040010000103 - UMKM - 1",7208
df75ae42-18a9-41b7-8818-4d4bd70780e1,"7208040010000102 - UMKM - 1",7208
42ef90e3-9222-4600-8eea-86b267bb2191,"7208040010000101 - UMKM - 1",7208
278c6ae1-368a-4b7a-9936-b60074a2e109,"7208040010000302 - UMKM - 2",7208
0caf7b95-a24f-48da-8748-8b92cad905c7,"7208040010000302 - UMKM - 1",7208
d7341d39-75ee-47fb-a800-33c7b067c310,"7208040010000302 - UMKM - 3",7208
c55be788-0a33-47d7-83e8-ae93444e8bad,"7208040010000200 - UMKM - 1",7208
b2df2880-51e7-4d51-b6d7-5d3ca5e109e4,"7208060032000400 - UMKM - 1",7208
a87e17e2-43a7-4286-be21-9b6cfb7cd0db,"7208024006000100 - UMKM - 1",7208
4eee9ab1-386a-42fd-a2f3-dc7e281d1ff7,"7208061035000100 - UMKM - 1",7208
a0083079-0833-4232-9646-be060a1cfebc,"7208061035000100 - UMKM - 2",7208
bec759ae-322e-4a7f-b09f-23b3383f162d,"7208061035000200 - UMKM - 2",7208
5701d6dd-63bd-42f6-a759-9410aa47e668,"7208061035000200 - UMKM - 1",7208
aa07a487-f093-498c-bbc4-71b29d696b73,"7208041006000300 - UMKM - 1",7208
73c27af6-c7a3-4907-ba4d-669721638a25,"7208032001000200 - UMKM - 2",7208
67028c02-f6d6-4432-8124-d27ed0fd0183,"7208032001000200 - UMKM - 1",7208
3bb05afb-f665-45b8-aefa-b961f9926434,"7208032001000500 - UMKM - 3",7208
f92ff7a9-f57b-4ac6-9540-dc7368dec3c3,"7208032001000500 - UMKM - 2",7208
6c284ed9-3642-4f34-9ccf-fef3322c0079,"7208032001000500 - UMKM - 1",7208
e7d6aa1e-41c7-455d-a5f6-7fd25b46520b,"7208032001000300 - UMKM - 2",7208
09d2fbae-aeb1-4441-b4f7-babe6976ba08,"7208032001000300 - UMKM - 1",7208
eb551fff-d972-4f3f-89b1-c0734681fd29,"7208032001000400 - UMKM - 2",7208
5f8f89cc-ccb1-4d4e-87f5-a32bee060c9a,"7208032001000400 - UMKM - 1",7208
5cc730b3-2032-4bf9-b56c-1542ab5c0703,"7208032001000100 - UMKM - 1",7208
4b373610-b234-4f73-a5fb-d7242d87c431,"7208032001000100 - UMKM - 3",7208
9da24b04-522c-4707-b542-d2aed41fb69e,"7208032001000100 - UMKM - 2",7208
a7645693-f6fc-4e7a-bc8b-f99071899769,"7208060028000300 - UMKM - 1",7208
a5350d1c-f926-4096-bbc7-2b7e1660acdf,"7208050016000300 - UMKM - 1",7208
671c884f-c57f-4f28-b4a9-087062d7f461,"7208050016000300 - UMKM - 2",7208
85ad0c52-e8ed-4a15-9706-bf7cd6a54619,"7208050016000200 - UMKM - 1",7208
8ad022e3-03fa-4f8d-9760-1133ed76663a,"7208050016000100 - UMKM - 1",7208
da5b7f40-1b93-486e-8fe9-8239f9a5227b,"7208050016000100 - UMKM - 2",7208
6fca652c-1ec6-47d9-9839-aab5b7177512,"7208050016000100 - UMKM - 4",7208
dc43ef72-117d-404b-8b03-7d09ccb4b4fa,"7208050016000100 - UMKM - 3",7208
25a582a5-ae3f-45e2-a4c7-2dc96402ceb5,"7208030009000200 - UMKM - 2",7208
72a84c7b-65bf-4974-b651-2b668462bc97,"7208030009000200 - UMKM - 1",7208
60460155-c818-46ec-9ed1-bce9774208d2,"7208030009000200 - UMKM - 3",7208
4d31243f-d6bf-4319-8ab4-44209a9ac1b9,"7208030009000300 - UMKM - 1",7208
cbb49bdd-44d0-4968-99af-b6f01bfbaf4d,"7208030009000300 - UMKM - 2",7208
03e3f9cd-41c4-429e-a538-fcba5e9dc2f6,"7208030009000102 - UMKM - 2",7208
ee649e90-678b-4b23-ba4d-5143a006492c,"7208030009000102 - UMKM - 1",7208
af28c007-ed5f-4f6b-af88-3f47da6e0d91,"7208030009000101 - UMKM - 3",7208
10d6031a-3b7d-4cc6-b87d-eabad55c65d2,"7208030009000101 - UMKM - 4",7208
d7f1cb98-e7fb-47c5-a20c-03c8cb692879,"7208030009000101 - UMKM - 2",7208
ddf19871-d3ec-4856-b806-471ad0e0bd77,"7208030009000101 - UMKM - 1",7208
95367ba6-94e3-48ee-9dea-1261f5abe38c,"7208030009000400 - UMKM - 3",7208
34e855e5-fa75-453d-9b11-48c93a36f900,"7208030009000400 - UMKM - 2",7208
2a8983a4-e8e8-400b-87e9-3d0072614ebf,"7208030009000400 - UMKM - 1",7208
a1a2ee18-7ae5-466f-a905-d285949935e7,"7208030009000400 - UMKM - 4",7208
b5901a80-70fb-45f9-8df9-bfa107bb569a,"7208012002000500 - UMKM - 2",7208
b37385b3-8332-4a6a-9bf0-d801df3f83e4,"7208012002000500 - UMKM - 1",7208
52eee2df-a265-4170-bd63-bf9566e81668,"7208012002000700 - UMKM - 1",7208
b8d92266-9445-4064-8724-7a6b2735eb46,"7208012002000600 - UMKM - 1",7208
3f218ede-4160-49f4-9033-6a8d10305769,"7208052003000602 - UMKM - 1",7208
baf22f15-d779-4aae-a9c4-f924d4c456bb,"7208052003000301 - UMKM - 1",7208
94ebf0c1-c3d4-4747-bc01-0c984022c66b,"7208052003000200 - UMKM - 1",7208
395b80eb-6d2c-45c1-9182-afc6cff2a299,"7208052003000102 - UMKM - 2",7208
bebc2339-002f-4c5e-b383-dc8c1e447351,"7208052003000101 - UMKM - 1",7208
e820452e-1ecc-4543-9737-7f3499f8e83f,"7208052003000102 - UMKM - 1",7208
c39885bc-3963-4ace-94d0-1a590120c249,"7208052003000400 - UMKM - 3",7208
4fb4256b-6c38-4ea8-bc4c-1643c90365fb,"7208052003000400 - UMKM - 1",7208
dffa33fb-6276-4c5e-be0d-185a5b743c1c,"7208052003000400 - UMKM - 2",7208
920ae39a-4450-4065-9dff-6394554438e4,"7208010001000300 - UMKM - 1",7208
65a8b69e-992c-4c23-b060-52df0713c891,"7208010001000501 - UMKM - 6",7208
a5101b7b-062e-4f64-ad0b-00cd5e3c903a,"7208010001000501 - UMKM - 2",7208
f8302868-b7a3-4e36-b5ac-af6508444d4d,"7208010001000501 - UMKM - 1",7208
ca1c318d-207c-4e16-8a8b-675854609bbd,"7208010001000501 - UMKM - 4",7208
6a10cf4c-8fe3-4d5d-97de-c4bced28ac2d,"7208010001000501 - UMKM - 3",7208
2a86ea72-db3e-4e35-b83f-9dc49725a4bc,"7208010001000501 - UMKM - 5",7208
7e7dd452-80bf-4b72-b6d9-5081530e6af0,"7208010001000401 - UMKM - 1",7208
5661c085-9e07-4c21-8d94-cb97c2682fea,"7208010001000402 - UMKM - 1",7208
e7413d04-b0fb-46f8-9bd1-10b96e59c20b,"7208041004000600 - UMKM - 1",7208
d66d0f7a-5b12-43f8-8ce8-d35d407776fc,"7208041004000100 - UMKM - 2",7208
1cb019d4-3312-4e67-b5cd-9d862c6139a4,"7208041004000100 - UMKM - 1",7208
eebb0224-826a-47f5-a59c-10e0f5c35300,"7208041004000100 - UMKM - 3",7208
25d42dd3-5540-4cf0-88d1-058386851141,"7208041004000100 - UMKM - 4",7208
ec26cfbb-ed68-40c9-9736-4d04af6568ac,"7208041004000500 - UMKM - 1",7208
a98e26e7-6d3d-4649-a7cc-1a0c45318b54,"7208041004000800 - UMKM - 1",7208
e5759b27-1d63-4808-aa76-c1b8af772804,"7208041004000700 - UMKM - 1",7208
b3b1b61f-df1b-456a-a99f-ff61df4ca991,"7208041004000700 - UMKM - 7",7208
5d803d35-dc13-492c-8076-cbdddd04e9aa,"7208041004000700 - UMKM - 2",7208
ae63b19c-2d6e-4eed-bb69-d4eaea1961c5,"7208041004000700 - UMKM - 5",7208
122328a4-91de-40a2-8db4-c9e2b8638821,"7208041004000700 - UMKM - 4",7208
2976d0d3-9105-4d41-9b51-886157434b33,"7208041004000700 - UMKM - 6",7208
167a7f35-4855-41d9-868e-8817a07df8f6,"7208041004000700 - UMKM - 3",7208
bd7439e1-2b6c-46f5-8378-f4d9d51c6a21,"7208041004000200 - UMKM - 2",7208
be800b7d-7fdc-4afa-8959-5f6c4cea71ef,"7208041004000200 - UMKM - 1",7208
75ef969b-529c-417d-ab75-397b43208731,"7208041004000200 - UMKM - 3",7208
6ea5a3e0-b943-455b-8a6b-06bd72aaf858,"7208041004000400 - UMKM - 2",7208
bd13a67f-5024-4ce5-a2bf-6cd9474b751d,"7208041004000400 - UMKM - 1",7208
f6f4e660-1918-4ab0-b29f-0b8b6cadb346,"7208041004000400 - UMKM - 3",7208
43a295f1-d087-4a26-afd6-30652eb82f62,"7208041004000400 - UMKM - 4",7208
96bed7f0-a57f-4d78-9540-dec58e3c8c6d,"7208012001000100 - UMKM - 1",7208
9c4a095f-4de4-479b-b5c6-e430653d4789,"7208012001000100 - UMKM - 5",7208
a2edb4fa-1883-4da7-99a7-f20901c97390,"7208012001000100 - UMKM - 2",7208
c1035d36-1955-4394-b0a7-80ffcfed3513,"7208012001000100 - UMKM - 3",7208
efad5d1a-521e-4fcb-a248-cdc14b486327,"7208012001000100 - UMKM - 4",7208
4c8fceb7-5a34-4884-8cd5-8fbdab1d9361,"7208050008000100 - UMKM - 2",7208
a7b7d199-8988-4811-9ca2-8a407cbe3b53,"7208050008000200 - UMKM - 2",7208
90eabfd5-4fe5-44e1-90ef-5fb77cd1c057,"7208050008000500 - UMKM - 1",7208
e2e5399f-3ea9-4133-8da4-b13fbe821f22,"7208050008000100 - UMKM - 1",7208
8ba2d1a6-b23a-4ba9-ae17-794ac0ebd1c8,"7208050008000300 - UMKM - 2",7208
e7d4b504-7d81-4a1c-be30-ecb9303cdfac,"7208050008000300 - UMKM - 3",7208
d0816d42-3b36-4753-8137-ea1019cbea19,"7208050008000300 - UMKM - 1",7208
bd2be3a7-77e8-4102-a7f7-9d868aa1b472,"7208050008000200 - UMKM - 1",7208
01cd3ec9-9d23-43e7-9fba-f2614a931b69,"7208040019000200 - UMKM - 1",7208
d6efb886-4b3b-41a9-a6af-f51dbcc940d8,"7208040019000300 - UMKM - 1",7208
5e8e9e4b-c510-4940-abd9-d2c0722d4766,"7208040019000400 - UMKM - 1",7208
798f7366-f9ff-4a5c-b364-d769d8da5c95,"7208010003000202 - UMKM - 1",7208
4c26f7b6-d8b2-4b03-9ac5-e61af7dbaa2f,"7208010003000101 - UMKM - 3",7208
a54bcf10-8d22-4141-8bb5-719d2fd80c63,"7208010003000101 - UMKM - 2",7208
313e864d-dd3b-4404-9c12-0f587dd6ff96,"7208010003000201 - UMKM - 1",7208
e0969732-3289-45f1-989f-689454186e4b,"7208010003000201 - UMKM - 2",7208
ba1318fb-692f-4e0a-a2d3-cee0fc6f2ff0,"7208010003000201 - UMKM - 3",7208
3ef78259-473f-4f47-82bc-22ccf4948562,"7208010003000101 - UMKM - 1",7208
51b7ae6f-8d08-49df-a318-3a0fa62e63c7,"7208010003000300 - UMKM - 1",7208
76581f8d-10ac-41cd-a5db-df22b6855c7d,"7208010003000400 - UMKM - 1",7208
800a570d-7fbc-4058-ab1a-7400eba7d6ef,"7208010003000102 - UMKM - 1",7208
f5ae9b80-2e4a-45a7-a3fd-e544994ba04e,"7208064011000600 - UMKM - 1",7208
514c11d1-f80a-431f-8f2d-fa3c60633e1d,"7208064011000800 - UMKM - 1",7208
9812e1e7-9a30-4532-9f1b-d9840f849a61,"7208064011000800 - UMKM - 2",7208
abbe4143-654f-4ec1-8c46-578b7aad58ee,"7208064011000400 - UMKM - 1",7208
8d801906-5912-448a-bc2a-5d0b5359afa1,"7208064011000400 - UMKM - 2",7208
123e4828-4cb0-48d3-b5be-0c14e9a55e5e,"7208064011000300 - UMKM - 1",7208
57b5ffcf-c71f-4f51-b58e-5b62b8a6484f,"7208030011000300 - UMKM - 1",7208
841ebc25-4ff4-4f0c-9abd-2a7034c647fd,"7208030011000200 - UMKM - 4",7208
9aa8297c-ea18-412f-be98-bd29aa916e41,"7208030011000200 - UMKM - 2",7208
f36b3dd2-e170-426a-87a7-0f2678558c1c,"7208030011000200 - UMKM - 1",7208
759f41ff-fd32-4d29-b883-627b14ca91bd,"7208030011000200 - UMKM - 5",7208
f126e43f-8016-44b5-8118-48e441e7d8f1,"7208030011000200 - UMKM - 3",7208
5cc4afc3-d0ae-4732-a016-b16ad2ea6501,"7208030011000100 - UMKM - 3",7208
854b521b-b38c-46cb-a8dc-dc61b4b59962,"7208030011000100 - UMKM - 2",7208
246fb1b8-40e4-4172-8cb8-4858019bf4f6,"7208030011000100 - UMKM - 1",7208
f294b697-2f90-491e-b730-d4e29abb02f6,"7208030011000100 - UMKM - 4",7208
c91ae9c0-18cd-4494-90e5-985834fb3236,"7208030011000600 - UMKM - 1",7208
9fc54281-ae62-437b-a1ae-a4e23dee4ed0,"7208030011000600 - UMKM - 4",7208
8364aa53-6db5-4b59-a581-24fc895758ca,"7208030011000600 - UMKM - 3",7208
3d6acb00-940d-4dcc-beb2-323636a242e2,"7208030011000600 - UMKM - 2",7208
32468031-ca32-4aa6-8544-0198aba58499,"7208030011000600 - UMKM - 5",7208
46caa18f-62dc-4a0b-8da0-423e65681528,"7208012004000900 - UMKM - 2",7208
bc2ae265-3113-4a19-8689-a338deedf326,"7208012004000900 - UMKM - 1",7208
f0c62cb3-565e-40bb-bc50-61ed002ad4a8,"7208032003000600 - UMKM - 2",7208
7626c8ed-3c4b-44cb-bae5-c334e3bf5e81,"7208032003000600 - UMKM - 1",7208
79b89d22-8560-4cb5-8177-5efc4b2d078b,"7208032003000700 - UMKM - 3",7208
50fa218f-55a9-4584-8c11-95c09f370564,"7208032003000700 - UMKM - 2",7208
f3708dbb-03c3-4e08-a596-dbb86f539eb8,"7208032003000700 - UMKM - 1",7208
5c08c45a-e5ff-4d35-bad4-c3975c58b00b,"7208032003000400 - UMKM - 1",7208
0b1beb68-5351-47ef-93c4-037b162943a7,"7208032003000400 - UMKM - 2",7208
d657c619-81f6-4646-9bc2-b231cb602a8b,"7208032003000400 - UMKM - 4",7208
583cdc93-cf11-4f8f-8157-27f476a41bf1,"7208032003000400 - UMKM - 5",7208
380dfc5c-e218-4dae-8812-e68c1b427dca,"7208032003000400 - UMKM - 3",7208
5044cb5a-1853-46d1-9ef5-8945095b38c0,"7208032003000500 - UMKM - 1",7208
772f57f3-6cc5-4b03-bc7c-1fa1d579a670,"7208032003000500 - UMKM - 2",7208
3e490f45-dcd8-42de-a621-3c573dac2684,"7208032003000100 - UMKM - 1",7208
6b93bda7-96dc-481b-bdf1-5c106246ff7b,"7208032003000202 - UMKM - 1",7208
23b1132a-1105-4a67-9690-d576ecd9ab81,"7208032003000202 - UMKM - 2",7208
93dad854-c6ca-46e7-9bb2-044106b6de3c,"7208051007001100 - UMKM - 1",7208
f54184c5-37ab-4ed4-bb11-55ec52d99424,"7208051007001200 - UMKM - 1",7208
ee997676-303c-40ed-9215-faf0820a50bf,"7208051007001300 - UMKM - 1",7208
46eaeb47-058d-4155-9c3f-6afd618c6f4d,"7208051007001300 - UMKM - 2",7208
4c108ea2-2132-4b7a-9c82-8a4997674bf4,"7208051007000900 - UMKM - 1",7208
ef09cf84-6f6d-46b6-abce-3004caba955e,"7208051007000700 - UMKM - 1",7208
4c90e7f5-e6f7-42bc-b26b-18c38a27c124,"7208051007000700 - UMKM - 2",7208
0205d4a1-ddf2-4ed8-aa4c-94300dde64ae,"7208051007001000 - UMKM - 1",7208
045decb0-5504-4932-b155-80d7d2303f16,"7208051007001000 - UMKM - 2",7208
a288c75d-1b19-4ba2-b959-d9c744d82a49,"7208051007000200 - UMKM - 1",7208
487c2c53-f261-419d-abdc-e6ed0bc22cad,"7208051007000400 - UMKM - 1",7208
917b4abf-ea90-4ae1-8584-011825a459be,"7208051007000800 - UMKM - 1",7208
9ce92019-cc95-4967-aac1-0c609df8eeab,"7208010004001600 - UMKM - 2",7208
10a17028-99ff-4d37-b2a6-c424ad32d9a6,"7208010004001600 - UMKM - 1",7208
56686de4-757b-4432-a65b-e7586b8d76c5,"7208010004001600 - UMKM - 3",7208
05cf7e38-a602-4d5a-bdab-90fa60e2eb67,"7208010004001300 - UMKM - 1",7208
ade93025-960c-4f2c-b474-456fe8ab0f3f,"7208010004001300 - UMKM - 2",7208
1dde5f3a-d927-4067-82e0-48f38684aeab,"7208010004001200 - UMKM - 1",7208
8b0904bc-4d30-470e-83ee-63cb1b994935,"7208010004000500 - UMKM - 3",7208
92b267e0-fcf6-4293-8d34-b9aea73b6bf1,"7208010004000500 - UMKM - 7",7208
5fa232fc-9396-461c-830a-02dc65bac4f1,"7208010004000500 - UMKM - 2",7208
93d53e11-1160-401d-91f8-763353672444,"7208010004000500 - UMKM - 1",7208
d60638ef-88cf-4485-a965-c5d4539d3fdc,"7208010004000500 - UMKM - 5",7208
27c6d6a5-95e8-4a9d-b2c9-2f3dadbb43ac,"7208010004000500 - UMKM - 4",7208
bbb9501c-664c-4b0c-b7fe-def7b0233480,"7208010004000500 - UMKM - 6",7208
05530f20-4452-4d65-94ef-10796e004bae,"7208010004000800 - UMKM - 3",7208
9f11080d-d8b8-4159-82f4-ee7dc2b194da,"7208010004000800 - UMKM - 1",7208
c0738c6f-1ea1-4772-82c5-3132fa7b8c0b,"7208010004000800 - UMKM - 2",7208
a1960a53-602d-44eb-a421-6134df917f82,"7208010004000100 - UMKM - 1",7208
bd5d3191-b010-4c72-b7e7-ac3900573ed6,"7208010004001000 - UMKM - 1",7208
c13d937d-9138-4f30-862f-0ef448394832,"7208010004001100 - UMKM - 1",7208
2585b443-5a43-4547-a12b-a8b999959075,"7208010004001700 - UMKM - 1",7208
c423ffff-0cd9-44ea-a748-9a2d582d1fc0,"7208010004000700 - UMKM - 1",7208
efd8801e-69e7-480b-a3f5-eca8ee199b24,"7208052002000300 - UMKM - 1",7208
aee4f030-d70c-4f2f-b4a7-a308eb6c8a6d,"7208052002000102 - UMKM - 1",7208
f0927ab6-9984-4bab-9116-609135ce8121,"7208052002000101 - UMKM - 1",7208
df40ac84-7287-4887-b808-07815a47b4e1,"7208052002000402 - UMKM - 3",7208
60b0265e-d319-48d2-b03b-3e9d62fdc6c3,"7208052002000402 - UMKM - 2",7208
4aa6006c-fc5b-42d5-a2ca-b18ae7280054,"7208052002000402 - UMKM - 1",7208
b52abb67-de37-4523-986d-ac0bb7deac33,"7208052002000401 - UMKM - 1",7208
7c054dd3-d23c-4e8c-80e0-dcdb3ddb88bb,"7208062009000100 - UMKM - 2",7208
78a98166-6a29-4b8b-940c-aab54efbce57,"7208062009000100 - UMKM - 1",7208
95afbc5e-0bba-4c1f-bd4a-083386a224a4,"7208064009000400 - UMKM - 1",7208
d86c9a5f-baeb-48e4-a0ef-5aebd3ed5df3,"7208064009000100 - UMKM - 1",7208
b800d24d-1164-4b0f-8fc9-a1f6f2fa2056,"7208064009000200 - UMKM - 1",7208
1ef954cc-ac15-4770-9a60-1fb6b28da71d,"7208020017000700 - UMKM - 1",7208
fed19a56-5d5e-4fb2-b5ce-b3542b123838,"7208020017000102 - UMKM - 1",7208
a0e27094-a074-4c23-a083-fb0821746d59,"7208020017000101 - UMKM - 2",7208
b9062d5a-7ec6-47a3-9c6b-604d229629a0,"7208020017000101 - UMKM - 3",7208
af251ccc-c4ed-420f-8f84-922b68893495,"7208020017000101 - UMKM - 1",7208
2e63f17d-ab35-403a-8156-fdd4482633b6,"7208020017000900 - UMKM - 1",7208
3e5c97a5-6fdd-4128-8715-3e1d5afbce3e,"7208020017001000 - UMKM - 1",7208
9bd2fd7b-2fe3-4c7b-a4b4-1b61fa67e4f7,"7208020017000202 - UMKM - 1",7208
36f96462-155f-41b2-ae6e-d00252cd4473,"7208020017000202 - UMKM - 3",7208
ba1cd35d-69e0-4244-bb69-5697784c4e42,"7208020017000202 - UMKM - 4",7208
ac8b042b-fe55-4ba8-901d-4cf20fb3ee03,"7208020017000202 - UMKM - 2",7208
151f27a7-d715-478f-9f9a-0c85ed7f7179,"7208020017000201 - UMKM - 1",7208
2ef1ef58-2afd-47ce-bf3d-1b5362095683,"7208020017000301 - UMKM - 2",7208
a61949ea-4e6a-465c-a41f-3c86c553e7cf,"7208020017000301 - UMKM - 1",7208
15cc8480-e818-47fa-87ef-7a4112a926ce,"7208020017000302 - UMKM - 2",7208
23019171-41a7-4921-997f-24b6cb653e28,"7208020017000302 - UMKM - 1",7208
c26ae74d-67f6-447e-adb2-a11cce4884c0,"7208020017000800 - UMKM - 1",7208
4c275fcd-6b28-43c8-8eec-97616e4647cd,"7208020017000800 - UMKM - 4",7208
550a128e-65f6-4dc4-93ce-57bd7ba044c9,"7208020017000800 - UMKM - 3",7208
35cfa1fd-dcc8-48ab-aae8-dc4700843e09,"7208020017000800 - UMKM - 2",7208
eb31991e-5279-41f6-99b9-5519b0f5af3e,"7208020017000502 - UMKM - 5",7208
838761c5-2764-4c7f-9b0d-dd79ffb7a6e2,"7208020017000502 - UMKM - 2",7208
0cb10e40-a1e0-49df-a00a-44fb90b5bb51,"7208020017000502 - UMKM - 3",7208
78ebe2c6-24c3-4fa3-9752-8983587549a4,"7208020017000502 - UMKM - 7",7208
76fcf8fe-e08e-484b-9c66-224d191d5559,"7208020017000502 - UMKM - 1",7208
edae8d8c-fbe1-421b-8dfc-6389a04df0f1,"7208020017000502 - UMKM - 4",7208
79fc4835-ff63-4863-a9a4-5e0935547bfc,"7208020017000502 - UMKM - 8",7208
c261a0f2-3181-4a4c-af40-853bd2da3df0,"7208020017000502 - UMKM - 6",7208
38cdde2c-4b3d-4507-b86b-005db1e38cc9,"7208020017000501 - UMKM - 3",7208
185a0e0b-91eb-4b74-becf-abffca25bac3,"7208020017000501 - UMKM - 2",7208
cadb5f85-9c52-48ea-848a-55f18abdd0a1,"7208020017000501 - UMKM - 1",7208
c8433fb8-1f8f-4291-8e03-0f914d39eeb0,"7208020017000400 - UMKM - 2",7208
6d2d53f6-405a-4128-811d-ea9c8f3a1477,"7208020017000400 - UMKM - 1",7208
99e29755-3868-41cc-8d92-5a0985d6defc,"7208020017000400 - UMKM - 3",7208
e76a85d6-9c89-49be-a3ea-91ce29f2a14c,"7208020017000400 - UMKM - 4",7208
a5a97378-7ef7-44e8-a49d-26ba76222577,"7208030016000200 - UMKM - 1",7208
3676ad73-1211-4167-8005-b501af107897,"7208030016000100 - UMKM - 1",7208
cfcbba78-4250-4904-b65a-62414e6aa481,"7208030016000300 - UMKM - 1",7208
02310d8e-de54-4ded-8649-0c740cc27aa9,"7208011005000700 - UMKM - 1",7208
2e814951-aeae-4266-b66b-d287050fe8a6,"7208011005001000 - UMKM - 1",7208
1d539d5d-1338-4d03-b261-22ef06a6a864,"7208011005000900 - UMKM - 1",7208
17739194-e169-4c5a-b7cf-86775dd33627,"7208012005001000 - UMKM - 1",7208
48db41b1-6f22-424a-bd2d-79217bcb879f,"7208010002000401 - UMKM - 1",7208
584d2101-383a-497f-82c8-9953fbfc9a33,"7208010002000401 - UMKM - 4",7208
2001526f-80a2-40bf-85bf-9a0d0d181ce2,"7208010002000401 - UMKM - 3",7208
0d5793d8-ffcd-4cd0-8d4d-96e188394240,"7208010002000401 - UMKM - 5",7208
f23ca7d3-8042-4690-bade-d3e316363fb4,"7208010002000401 - UMKM - 2",7208
7686cddc-88ac-4559-a0df-d85934ec3a10,"7208010002000202 - UMKM - 2",7208
ca5eb3d9-e466-4f9f-92c0-fbda79b9f266,"7208010002000202 - UMKM - 1",7208
1227802e-7c6d-4509-b5ba-f5a658e49026,"7208010002000301 - UMKM - 2",7208
361b236b-63ae-47c8-9cc0-668ae5075182,"7208010002000301 - UMKM - 1",7208
d79b126c-2dad-40cb-902b-75b6fa1e1883,"7208010002000100 - UMKM - 1",7208
8dc6f856-8e2a-452b-9d58-8655d0da742a,"7208031007000600 - UMKM - 1",7208
af063d17-c379-49f2-bb41-54a19c4a13b0,"7208031007000100 - UMKM - 1",7208
3d4ed3d1-db77-408c-93a2-3a6060e5479e,"7208031007000500 - UMKM - 1",7208
31818327-19d2-4aaf-9808-e5e476490f37,"7208023005000200 - UMKM - 1",7208
9917cff6-9f00-4bce-9cc4-d4d15179ec9a,"7208023005000200 - UMKM - 2",7208
110358ad-378f-4a10-b05f-ef74dd50d1f7,"7208023005000400 - UMKM - 8",7208
8b409211-e0ea-47ef-afd7-d2765e3d94b1,"7208023005000400 - UMKM - 6",7208
a3a3289d-12cb-43a1-abb1-83c56a6b1616,"7208023005000400 - UMKM - 7",7208
d1ca48d1-bae2-4428-ba92-b9a54fba9adf,"7208023005000400 - UMKM - 2",7208
7e43ba7a-e4f2-4050-bfc1-c721e50d9c5a,"7208023005000400 - UMKM - 5",7208
dbfc3959-094c-4a3d-8dbb-4039dd74518c,"7208023005000400 - UMKM - 3",7208
42c73e38-1cf2-4ea7-b142-55c5b0779eb8,"7208023005000400 - UMKM - 1",7208
96bc4d37-9bb5-4ced-a5c2-1603c7befc68,"7208023005000400 - UMKM - 4",7208
7d4111fe-66fe-4ba7-b581-0bc75c282611,"7208023005000300 - UMKM - 1",7208
36470a68-940b-43bf-be4d-b46c8d8e143b,"7208023005000101 - UMKM - 1",7208
f8642b63-b08d-4b1e-a6c9-c54ea66a29dd,"7208010017000500 - UMKM - 1",7208
053d3c72-d7d5-4ed5-9d6b-ba8f0dfd5ae8,"7208010017000300 - UMKM - 4",7208
49892512-58fd-4ba5-a451-0f93d5b790aa,"7208010017000700 - UMKM - 4",7208
3262c8fb-2404-458e-97a1-60387ec2c997,"7208010017000700 - UMKM - 1",7208
79a95447-e49d-4123-bb71-a141309c2826,"7208010017000700 - UMKM - 2",7208
4ab74cc3-d242-4159-a45f-d84886a896c4,"7208010017000700 - UMKM - 3",7208
7be5445c-f5b4-4e15-9c35-7ffafa2184a5,"7208010017000300 - UMKM - 3",7208
f51a88ca-90cf-495e-8d6a-85beafd006fc,"7208010017000300 - UMKM - 1",7208
924d2d6a-e9d1-4dde-9d4d-c5b53858b476,"7208010017000300 - UMKM - 2",7208
ba2b80eb-85a3-4ef5-8cc3-4478fa3aae76,"7208010017000200 - UMKM - 1",7208
6ee97400-68ba-45f4-97bc-a6f756b96775,"7208010017000800 - UMKM - 2",7208
5d09f536-1c99-4c3f-b96f-b7b2c042cedf,"7208010017000800 - UMKM - 1",7208
dcf6d93e-9126-40c2-bb5f-9584d1747966,"7208060003000400 - UMKM - 1",7208
e9b2621b-fe5c-4047-8975-3757944eb8b7,"7208060003000400 - UMKM - 2",7208
802c6d9c-2545-47ba-8903-e286fc244be3,"7208060003000300 - UMKM - 2",7208
ffef09b6-e337-4cbd-8a22-b92644dfd6b3,"7208060003000300 - UMKM - 3",7208
f468ae23-aa00-44d5-8e56-e0a70a5beb3b,"7208060003000300 - UMKM - 1",7208
e3486233-e61f-45b5-ab7b-5f7a1404b3f8,"7208060003000500 - UMKM - 2",7208
5a5aecc7-ff8e-4c71-9336-e7fc3a58461d,"7208060003000500 - UMKM - 3",7208
ada576e0-e551-4309-9294-aee2698db417,"7208060003000500 - UMKM - 5",7208
86daf228-91f6-4d5a-8eb7-682b427d212b,"7208060003000500 - UMKM - 1",7208
94b2e712-d0bd-463f-bd43-e8d7c4166eb3,"7208060003000500 - UMKM - 4",7208
388e3d3e-ecb1-46ff-8a3f-c793368a6a29,"7208060003000600 - UMKM - 1",7208
9df65d12-e32b-4ece-96b4-07ab1b95fbf2,"7208061018000700 - UMKM - 4",7208
236dd725-6ed0-4560-ba75-86a2a4d8c63a,"7208061018000700 - UMKM - 2",7208
7ea7ba1e-27ce-41a5-b6db-7815d7775191,"7208061018000600 - UMKM - 4",7208
728b5a0c-5e64-4cae-8750-1d08e5d0b14e,"7208061018000600 - UMKM - 5",7208
af9d5c96-67ce-4fa7-ae31-41ecb704d40b,"7208061018000600 - UMKM - 8",7208
82130993-5d05-4d47-9904-2a285f321236,"7208061018000600 - UMKM - 9",7208
5e97d0d1-b4fc-4d73-ad54-62a075579263,"7208061018000700 - UMKM - 3",7208
0a273295-84aa-4018-ac3f-6e027d3b7425,"7208061018000300 - UMKM - 1",7208
cf60c5d8-90c8-488c-b9d3-30661cdd371a,"7208061018000500 - UMKM - 1",7208
c64dc123-39cb-4376-9b0d-5201053dec73,"7208061018000500 - UMKM - 2",7208
3e3ba176-844b-44e5-b817-d5310456e435,"7208061018000700 - UMKM - 1",7208
811bb0fe-6a30-4861-9b0b-0609f765741d,"7208061018000600 - UMKM - 3",7208
3cf57b14-2927-4591-b24e-1ac7cc75c8b0,"7208061018000600 - UMKM - 1",7208
df877cbd-b3d0-4187-ad51-99ca63cb7511,"7208061018000600 - UMKM - 6",7208
a7fb0952-2094-4c0b-bbc5-da2ba51c1869,"7208061018000600 - UMKM - 2",7208
1d608e12-d218-49f3-96f2-0630fec7e195,"7208061018000600 - UMKM - 7",7208
06a9fb60-da06-48f1-bed6-4605edce7bf3,"7208061018000600 - UMKM - 10",7208
c42618de-f90c-4e6d-b4f8-e99eb27318fc,"7208011003000400 - UMKM - 1",7208
2b537b44-a2a5-4719-b8b6-97adb3242d9a,"7208011003000500 - UMKM - 1",7208
4dda8bbc-bec0-4f74-8f1f-1b7c4164d460,"7208011003000500 - UMKM - 2",7208
86e3ad44-2de4-4456-af3c-57a10688e676,"7208011003000800 - UMKM - 1",7208
9fd6c5db-6301-4d75-9333-05d1c22ab8a6,"7208011003000100 - UMKM - 1",7208
8cd44b35-bc9b-4a2a-a9a7-e20f0d87279b,"7208011003000300 - UMKM - 1",7208
6b78dff1-7a92-4c21-a02d-8e3f66524be9,"7208011003001300 - UMKM - 1",7208
0e499819-1beb-4885-a2e6-22d3a1c370d7,"7208052001000100 - UMKM - 1",7208
9fbb43e8-79df-4e22-b58f-c3d3c92fef7f,"7208052001000300 - UMKM - 1",7208
7d1158c4-3ddf-4c1a-9b59-999c97c44669,"7208052001000600 - UMKM - 1",7208
a61c1d45-6514-492c-a145-8a9531e5288c,"7208012007000600 - UMKM - 1",7208
514ea5ae-e3ad-4aa5-a209-abe821c33a48,"7208012007000500 - UMKM - 1",7208
51d1f2e9-3454-4be4-a0e4-a2fa703cf63b,"7208011001000801 - UMKM - 1",7208
7fa2b11a-c563-4f9d-8eb8-66738b6bc182,"7208011001000603 - UMKM - 1",7208
501ed68a-c0ac-4df0-9ff6-c16607793639,"7208011001000601 - UMKM - 1",7208
1fbb1ab9-479e-4c1f-b793-690fa0ac173d,"7208011001000601 - UMKM - 2",7208
a0696094-258e-43f9-a7c7-a762440b0c45,"7208011001000401 - UMKM - 1",7208
69e7deb6-f211-4e7a-8362-4434b15de3a9,"7208011001000401 - UMKM - 3",7208
9720e046-2318-4d49-8a5c-0d2fc94a271c,"7208011001000401 - UMKM - 2",7208
d3601bb0-6cef-425e-8ec8-1e90b85b0312,"7208011001000401 - UMKM - 4",7208
e5941f49-bd94-441d-9ce9-420228e9524e,"7208011001000404 - UMKM - 4",7208
7551da23-43a9-454b-b288-09792b4b47b7,"7208011001000404 - UMKM - 1",7208
211b320c-7366-4ea1-82fb-b31c045f798f,"7208011001000404 - UMKM - 5",7208
f428c3b2-7a81-40dd-8e60-2c39be7af372,"7208011001000404 - UMKM - 3",7208
27887ee7-6697-406f-a69d-6c11ef901c6d,"7208011001000404 - UMKM - 2",7208
d1eb8cfc-df96-43da-a4c4-6839a6f81903,"7208011001000405 - UMKM - 1",7208
6f72a161-cc6d-49bd-b96e-4f52b0e8b5ed,"7208011001000403 - UMKM - 2",7208
90750f23-8255-448f-ab72-46547687a33f,"7208011001000403 - UMKM - 1",7208
bc48220e-7dd3-43ce-93af-7b3b5bd34adb,"7208011001000702 - UMKM - 4",7208
1f263929-b5aa-4306-861f-fe3dbd868350,"7208011001000701 - UMKM - 1",7208
43b1da70-b00b-48aa-92ef-689b948e3b75,"7208011001000701 - UMKM - 2",7208
c9f3f731-45b6-44f1-9a52-490c93182c61,"7208011001000701 - UMKM - 3",7208
89177495-0475-4251-ba2c-ec5ac86bcfad,"7208011001000702 - UMKM - 2",7208
0f66d23d-0158-465f-af6f-4ec849836ab6,"7208011001000702 - UMKM - 1",7208
3738a857-09b8-4e08-bbcd-eb78db562579,"7208011001000702 - UMKM - 5",7208
4eca512d-02ec-42c8-80d7-bed836faa55e,"7208011001000702 - UMKM - 3",7208
6fe5d000-e3a1-405f-b0b4-a5de9d8844a3,"7208011001000900 - UMKM - 1",7208
1088f37b-ff5f-4c5a-b4ab-48c19a393d47,"7208011001000100 - UMKM - 2",7208
2a7161c3-01a8-481a-8d06-b3605cfb08d5,"7208011001000100 - UMKM - 1",7208
596bbb16-1cd9-4ff7-9834-8ece07781a52,"7208011001000100 - UMKM - 3",7208
dd420dcc-6dd2-42fe-8858-7385c93dc277,"7208011001000301 - UMKM - 1",7208
a0276856-4230-4efe-bda1-30f0975785e5,"7208011001000301 - UMKM - 4",7208
fb05ef79-8ae6-4b91-b056-4a6ef36e75d9,"7208011001000301 - UMKM - 2",7208
f3ffb2a9-d456-4735-9857-e71b94aaccea,"7208011001000301 - UMKM - 3",7208
92ead90c-a7a5-4708-90c0-f048c0fc88e8,"7208011001000302 - UMKM - 1",7208
afb3749b-d87b-492f-b9e4-183b06634d3e,"7208042006000200 - UMKM - 1",7208
0d7a7ae1-3df9-4c96-86f0-e9cd353ded80,"7208042006000100 - UMKM - 3",7208
6b8564c0-b7d7-4bc4-8fcb-33b98240f306,"7208042006000100 - UMKM - 5",7208
c5e79633-488a-402b-80b5-77f006de2d01,"7208042006000100 - UMKM - 1",7208
1de0752f-bf03-45d2-b2bc-58633edecd65,"7208042006000100 - UMKM - 2",7208
442c65d4-8efa-4f01-bd0b-1ccb3b874a4f,"7208042006000100 - UMKM - 4",7208
662a1303-2ea8-42ac-bf95-d4efb42bd5da,"7208042006000200 - UMKM - 2",7208
231d1f7a-036a-4431-957b-586fe2a6c621,"7208042006000400 - UMKM - 1",7208
5064ccc4-abaf-4e90-93ad-d6d167a28fa2,"7208042006000300 - UMKM - 1",7208
d519dc16-b8c1-44f5-99e3-30e2c934ae5e,"7208020008000200 - UMKM - 1",7208
5819a87f-2867-4253-b6b7-bfabcc7bcc95,"7208020008001200 - UMKM - 1",7208
0b38b352-d201-475f-a220-4a47ba18ad66,"7208020008000300 - UMKM - 2",7208
1cf37367-2887-439a-bb6a-cae4ae1970ba,"7208020008000300 - UMKM - 1",7208
f435b3bb-ad53-4294-99fa-905d154750eb,"7208020008001000 - UMKM - 1",7208
e083f37c-1914-47be-9ed7-e91c585413c2,"7208020008000400 - UMKM - 1",7208
2bffca91-1f60-41b1-9d49-bfbb9ef6ff81,"7208020008000500 - UMKM - 1",7208
da613a9f-a0c1-4888-8ec6-d3e3835f1d09,"7208024001000100 - UMKM - 1",7208
6e0285d8-3d4c-4445-ae79-15b8f4fee6a0,"7208024001000200 - UMKM - 1",7208
3a683b5c-438f-4cd4-81f0-fdd2200cf9b8,"7208050007000400 - UMKM - 1",7208
aa123716-dc12-48ad-a0aa-b52ef579f894,"7208050007000200 - UMKM - 3",7208
0251afe4-01cc-41c0-8bf2-217e70ea1e02,"7208050007000200 - UMKM - 1",7208
cdeda7f7-5be0-41f9-a831-7a3337d21a12,"7208050007000200 - UMKM - 2",7208
6c12df35-0dd3-4e90-b32c-5c3474663f73,"7208050007000100 - UMKM - 1",7208
6aab3ae2-214b-4b46-9c78-d059fe873cce,"7208032002000500 - UMKM - 2",7208
f0983608-1d0b-493a-ad01-6802204a6712,"7208032002000500 - UMKM - 3",7208
fcc1314c-4822-481f-a4b7-f3f5e9297e44,"7208032002000500 - UMKM - 1",7208
71393b6d-40c1-416a-abd6-9819a2ce779f,"7208032002000100 - UMKM - 1",7208
0f22b20f-6da1-46b2-8a2f-ec157e68b59c,"7208041005000400 - UMKM - 3",7208
5c3e9ad8-93c6-49d0-9f36-24a8276c1b18,"7208041005000300 - UMKM - 1",7208
075287a0-ea58-4abb-953b-f3a213b19e99,"7208041005000100 - UMKM - 1",7208
e9d665d1-374b-4e79-a1cf-3c41a5b5911d,"7208041005000400 - UMKM - 2",7208
b6c43d70-8f32-4c74-9b6e-d8e95ac57b6a,"7208041005000400 - UMKM - 4",7208
b611822a-4fbc-4a68-a64d-37ec43fac221,"7208041005000400 - UMKM - 1",7208
fd34d869-262c-47f5-8f95-66af4facdd07,"7208041005000500 - UMKM - 2",7208
e7ce5201-aa19-4290-8a93-e36a04ea99cb,"7208041005000500 - UMKM - 1",7208
df5cfb3a-463f-4d40-a830-9fe7ba94f474,"7208021005000102 - UMKM - 8",7208
eae54963-ea2e-4bb3-8326-1ca6612f4cec,"7208021005000102 - UMKM - 6",7208
281520d1-6f3d-4a03-a837-ba185c2d3336,"7208021005000102 - UMKM - 7",7208
b0e59d27-405a-4680-8d22-8c53388f02e8,"7208021005000102 - UMKM - 3",7208
291c8d5f-d687-452c-96c6-34603fe392bc,"7208021005000102 - UMKM - 5",7208
baee7027-c9d8-48f3-bcfe-db57af867031,"7208021005000102 - UMKM - 1",7208
14da72cb-aef6-49cf-8439-c8510c02ee29,"7208021005000102 - UMKM - 2",7208
fd992278-0774-4b45-9b21-1d7a3ab98eef,"7208021005000102 - UMKM - 4",7208
0005d1f4-0cdd-4cca-8f8f-a6217885110a,"7208021005000101 - UMKM - 1",7208
e4994f72-0e50-491e-92e3-1902a5b0df6f,"7208021005000101 - UMKM - 3",7208
0c610052-ab32-4f2c-8965-e58c5b8f3804,"7208021005000101 - UMKM - 2",7208
f17e32f3-770c-4271-b458-1e038cd53141,"7208021005000301 - UMKM - 1",7208
58184f88-85ad-4caa-93d1-e621a13a85ee,"7208021005000500 - UMKM - 1",7208
46ec8345-ae92-49cd-aa3b-423a06647953,"7208021005000401 - UMKM - 1",7208
d7d8e250-c2d9-4ce9-b484-b4d0af6e755a,"7208021005000202 - UMKM - 1",7208
2570b9a0-2e98-4fa5-b7cc-52bcfe7acd60,"7208021005000202 - UMKM - 3",7208
509c8e20-b7ad-4c9c-8fe6-308dc41d6f9b,"7208021005000202 - UMKM - 2",7208
720488ef-d049-49a2-81ca-8776f114ec40,"7208021005000201 - UMKM - 1",7208
03a76e23-62dd-4c2f-9258-d4be87877fc1,"7208021001000600 - UMKM - 3",7208
d6a5f52b-c579-41ba-8a69-fd0afb47b910,"7208021001000600 - UMKM - 1",7208
fa75ec24-14e2-4f7e-bfec-520cd1a2a435,"7208021001000600 - UMKM - 2",7208
0f0901a8-db15-4939-b1ff-6c9c67a8d5b8,"7208021001001300 - UMKM - 1",7208
f2ac0415-f608-4927-bd9e-cbaa189dc901,"7208021001001500 - UMKM - 1",7208
f5c9f83b-5447-4034-8742-60df1340b0f3,"7208021001001500 - UMKM - 4",7208
447ab9c6-0c16-4a48-873d-46d5ac53de83,"7208021001001500 - UMKM - 6",7208
7937fbc7-0302-4d3d-a061-a1d2c0c25dcb,"7208021001001500 - UMKM - 3",7208
fa54be5d-304b-484d-9d55-f03b552d7f50,"7208021001001500 - UMKM - 2",7208
406400c8-f163-4a7f-ab3d-81f4e1a67204,"7208021001001500 - UMKM - 5",7208
d4f9d7bc-45f7-4647-9752-b72aeca5e8a0,"7208021001000500 - UMKM - 1",7208
c95fa77a-71e5-4cf3-b001-87fc423cfc0f,"7208021001001600 - UMKM - 2",7208
d4f37736-bb1f-440f-a4d8-0a0fd0d01c66,"7208021001001600 - UMKM - 1",7208
15cce264-0eb4-4a53-905b-834525024f29,"7208021001000300 - UMKM - 2",7208
797e5e9b-a223-402b-bb5a-76d0e2a1d05c,"7208021001000300 - UMKM - 1",7208
8d856730-b3f8-4ce5-9b2a-befcabc25c34,"7208021001001200 - UMKM - 1",7208
189c7e17-b85d-40e0-9499-fd749b65eb5d,"7208021001001400 - UMKM - 2",7208
65162170-79d7-462b-9d35-685d3fb2e896,"7208021001001400 - UMKM - 1",7208
08fc5b8a-d768-4f0e-83a4-a59394c8ad69,"7208021001001100 - UMKM - 1",7208
6a4101a9-4743-458c-b166-1c81dbe06043,"7208021001000400 - UMKM - 1",7208
ca1adfff-2669-4940-8780-0d4f9fe4987b,"7208021001000400 - UMKM - 2",7208
ec87116c-6277-444e-abf4-c3fe1443efdc,"7208031018000100 - UMKM - 1",7208
6c9adc55-3075-4322-af0a-396658c40713,"7208031018000500 - UMKM - 1",7208
56d8e089-2a0e-48ab-b98c-bc8587b696b0,"7208051004000100 - UMKM - 1",7208
58d1b0a4-7dde-4a41-929a-92cb4fe95fc2,"7208051004000100 - UMKM - 2",7208
62a077ba-c7f7-4ce9-808b-baf9e75359f5,"7208051004000400 - UMKM - 1",7208
36903fa1-2924-474e-bd3b-1b64144833f7,"7208051004001000 - UMKM - 7",7208
2d51a804-1011-4bc9-b1fc-7ec9c7196126,"7208051004001000 - UMKM - 3",7208
ce739104-58c1-47ab-bb96-09aafcb05c28,"7208051004001000 - UMKM - 6",7208
e8518b76-7cb6-443b-aff2-7bd628402343,"7208051004001000 - UMKM - 2",7208
f8515e7e-96e9-4bf7-9085-4bab8a12c3bd,"7208051004001000 - UMKM - 1",7208
c4f3dec9-9d1b-4b12-9532-df9e2dc26c7d,"7208051004001000 - UMKM - 8",7208
fd137cc1-ed36-42ce-a677-bc33b2b2a695,"7208051004001000 - UMKM - 4",7208
d6291acc-7b49-4e63-be94-7003c53eb39d,"7208051004001000 - UMKM - 5",7208
88b67979-2624-480b-995f-b78b70c2df94,"7208051004000200 - UMKM - 1",7208
c02e4786-bbbd-40dd-a276-f730722f8bbc,"7208051004000500 - UMKM - 3",7208
b7d2c142-deb0-4e34-afcc-21fb24d00d1d,"7208051004000500 - UMKM - 2",7208
f273d347-272f-4eda-8160-50d02cec6bd5,"7208051004000500 - UMKM - 4",7208
ada6999c-5a3b-4399-9868-b2506eaa412e,"7208051004000500 - UMKM - 1",7208
f3e2f1f9-1858-4322-b153-bb3e391f587f,"7208051004000900 - UMKM - 1",7208
08ac1d75-dfd5-4d96-a39c-ee5c6c85d44d,"7208051004000800 - UMKM - 3",7208
4fcd6c77-37f4-4083-b992-9d9a437b9144,"7208051004000800 - UMKM - 1",7208
eae261f9-bf3f-4e0c-b2db-5fc1e1bbf43d,"7208051004000800 - UMKM - 2",7208
2e94f354-eae6-468a-86a8-9b67a35f7c13,"7208051004000700 - UMKM - 2",7208
a31aca9d-9110-4cfb-b2bb-34796a205212,"7208051004000700 - UMKM - 1",7208
9cea0dc2-47c3-480a-89ef-17eb205fd0f0,"7208051004000300 - UMKM - 1",7208
5b7810f1-9345-433b-aaab-e55131ef4c51,"7208020016001102 - UMKM - 3",7208
8d87dc78-cfbc-43c3-bd02-ca76f5d521cf,"7208020016001102 - UMKM - 4",7208
074292b4-e793-40ef-a1ca-ae23f2e1a18c,"7208020016001102 - UMKM - 2",7208
127f841b-120c-4cda-ace6-37bb1e9d9f43,"7208020016001102 - UMKM - 5",7208
bfc20557-9824-42f3-a21d-5246365cdaaf,"7208020016001102 - UMKM - 7",7208
d91ea398-4910-4cda-9666-a533bd3241de,"7208020016001102 - UMKM - 6",7208
d2ec64be-b348-4f51-9dd0-8c46d879b02c,"7208020016001102 - UMKM - 1",7208
880905f0-a0a3-4758-b411-6a64b1825106,"7208020016001102 - UMKM - 8",7208
3728cfb9-67c7-4359-b5c0-03c54b77da26,"7208020016001101 - UMKM - 4",7208
66bb554f-5cb6-4923-9b50-6aa3e2b6b310,"7208020016001101 - UMKM - 2",7208
3c25f049-288e-4d67-a44a-0799205edbe1,"7208020016001101 - UMKM - 3",7208
40f58278-e8b6-442a-86a6-c17f020b6c80,"7208020016001101 - UMKM - 1",7208
58be889d-a290-4261-a58c-df9254e313b5,"7208020016000600 - UMKM - 1",7208
2ef13c8d-4805-47c4-b0b5-4866ff763bc2,"7208020016001400 - UMKM - 1",7208
3b5756db-fb6a-4d30-89c5-49006e77479e,"7208020016001000 - UMKM - 2",7208
c1de942c-ed0b-4f48-a660-5c59aa1eb021,"7208020016001000 - UMKM - 1",7208
d7e30429-a6f3-49e9-8245-32360bcf87c9,"7208020016000200 - UMKM - 1",7208
6cb7f4d0-2de7-4ad2-875d-76b93bfe39e9,"7208020016001200 - UMKM - 1",7208
0d3028e1-2a4a-4150-bb8f-82ca8370ae6a,"7208020016000100 - UMKM - 3",7208
d9472cf2-ba77-46cb-bfad-2ed3a1ae9928,"7208020016000100 - UMKM - 2",7208
187fb3b6-2e0f-456e-8b89-4dbdad7431aa,"7208020016000100 - UMKM - 1",7208
a83dfb77-99ab-4171-8cf0-d67ec0d0f218,"7208020016000300 - UMKM - 1",7208
71265ee2-f949-46cf-945f-e5e8d4d56b38,"7208020016000800 - UMKM - 2",7208
7d582140-5526-430d-b7c4-79ffd0cc361f,"7208020016000800 - UMKM - 1",7208
7f5fdcab-79f0-4096-a4de-292fe2bb0295,"7208020016000400 - UMKM - 2",7208
0bf7136a-e634-4091-8851-73352687c70e,"7208020016000400 - UMKM - 3",7208
e46cbbd3-28a6-4150-a46b-e48cce3dca0c,"7208020016000400 - UMKM - 1",7208
f79da098-96f8-4566-ac7f-2b858ecc5b38,"7209070015000300 - UMKM - 1",7209
448f623d-1103-4421-8899-873674c328c8,"7209030003000100 - UMKM - 2",7209
c26156fe-5eab-4401-8c19-b55da9f40996,"7209030003000100 - UMKM - 1",7209
c9e56733-a593-4380-ba11-96ab310dc169,"7209030003000200 - UMKM - 1",7209
56c6802e-d1ee-4e6d-8ebe-4618f8354152,"7209030003200300 - UMKM - 1",7209
8f79860d-e553-4520-8c31-a659f45dcd3e,"7209060006200100 - UMKM - 1",7209
b9f1c4e8-53ca-4246-bae7-32bdb1c92374,"7209040007000200 - UMKM - 1",7209
0accb56d-2e6a-47ba-8201-7079dae14200,"7209040007000300 - UMKM - 1",7209
148e2a85-e16e-4c2e-91a1-c527bc9a9bd8,"7209040007000100 - UMKM - 1",7209
a28c9ce4-8573-4319-b1b5-5cae4bb785e1,"7209040007000100 - UMKM - 2",7209
8640a30c-ece6-47f9-aa92-587f9b6256ac,"7209040007000800 - UMKM - 1",7209
ff00986d-8687-49fc-92ef-d8a9fd715390,"7209040007000500 - UMKM - 1",7209
ba8944f4-1086-4a5f-afaa-8c5ff1a5a275,"7209010007000100 - UMKM - 1",7209
ef113cf2-9a14-4562-a8ec-8745c9317b2b,"7209010007000200 - UMKM - 1",7209
7cd11537-4352-4e0a-bf9d-d2e43a2f3fa9,"7209010007000300 - UMKM - 4",7209
78cf6246-72dc-4daf-b42f-4afaf7d2a296,"7209010007000300 - UMKM - 3",7209
52e33560-c6af-43d3-87e2-57a6e23a68ac,"7209010007000300 - UMKM - 2",7209
315d212c-f893-4181-8af5-ef3fefe847eb,"7209010007000300 - UMKM - 1",7209
c6863109-8f89-443a-8d68-c72216229713,"7209010007000400 - UMKM - 1",7209
9633f2d5-3842-44db-8035-e42c2539afde,"7209080009000100 - UMKM - 1",7209
a6f82b96-10ef-4fee-8c65-4bf82b4608be,"7209080009000100 - UMKM - 2",7209
9936f4e6-4b7a-4428-8d9e-2659dac6b7a9,"7209080009000400 - UMKM - 7",7209
3b661fe2-a526-457b-b813-cf057f6dec43,"7209080009000400 - UMKM - 5",7209
333928eb-46c6-4fa0-9c65-46ab245c8f18,"7209080009000400 - UMKM - 6",7209
57e4e673-9612-461d-8a00-7e1135e386e6,"7209080009000400 - UMKM - 4",7209
92ec1669-9a18-4be4-96b2-6e21a65144f2,"7209080009000400 - UMKM - 8",7209
b26cc051-140c-4ff0-aba4-b36ab30c35e5,"7209080009000400 - UMKM - 2",7209
0fb8d5bd-1d1e-4e85-9126-15a64a07f047,"7209080009000400 - UMKM - 1",7209
57aca02f-d155-4caf-b6d8-1add4e18c0d1,"7209080009000400 - UMKM - 3",7209
0edf96fe-8bec-40c1-b024-48e1e18e6e6d,"7209080009000200 - UMKM - 1",7209
267d81c9-060c-4a80-bee4-46f0f07ed330,"7209080009000500 - UMKM - 1",7209
49382648-0339-4cea-a78e-0f9fa0dc57cf,"7209080009000600 - UMKM - 3",7209
a67868c0-bb9d-44ce-a005-1852a383fc96,"7209080009000600 - UMKM - 1",7209
6148a45a-e7a1-4833-96b5-174c63713e69,"7209080009000600 - UMKM - 2",7209
889ca3b6-bd3b-4c19-92a0-2ca74d67a9ea,"7209050015000700 - UMKM - 7",7209
95fced83-f1ba-4e91-8bd8-398e3360428e,"7209050015000700 - UMKM - 6",7209
693ef0f6-edf1-4274-bee5-873780b6f219,"7209050015000700 - UMKM - 5",7209
287c81a2-1f8a-4f99-b0b4-964f2f6d296e,"7209050015000700 - UMKM - 4",7209
278a5acc-3873-43a9-ab02-bc91394e880f,"7209050015000700 - UMKM - 3",7209
2de75542-9e37-4b7f-a3b3-5266b7fc8513,"7209050015000700 - UMKM - 2",7209
43893067-4764-45b1-981e-0f4c34d83e63,"7209050015000700 - UMKM - 1",7209
41de003d-d0ca-4da1-854f-dbf8e166e51c,"7209050015000600 - UMKM - 1",7209
6a2fa5b8-cd8d-433e-acd8-016cd088e22f,"7209050015000300 - UMKM - 1",7209
584a93bd-1fdc-423d-9556-38a8fd6d41a9,"7209050015000300 - UMKM - 2",7209
f42dd560-3c72-49ae-bfeb-c5d4ee1ffffd,"7209030005000300 - UMKM - 1",7209
9c37a173-6a70-4b03-9c2b-25d4c4d815fc,"7209030005000400 - UMKM - 1",7209
690c62bb-97f1-414d-85b8-2d0fd24e779a,"7209080012000100 - UMKM - 1",7209
793fa54a-ca38-46e8-b3ae-5d6d607a9789,"7209080012000200 - UMKM - 1",7209
3ee5b378-e9c7-4013-ada2-a945f9bfd709,"7209082004200100 - UMKM - 1",7209
43faa210-ad40-4517-af0c-0157b65ead0a,"7209082004000200 - UMKM - 1",7209
5fd2c6c4-5586-421f-8536-3bc12e6cb387,"7209082004000200 - UMKM - 2",7209
8af8c711-4b7b-4989-8d7c-b93ecce00f1d,"7209010011000300 - UMKM - 1",7209
e84a6b43-ccdf-4ddb-9a32-66f4c5806518,"7209030008000300 - UMKM - 1",7209
7e7d6939-cef4-413d-979b-38c7ff8efb45,"7209030008000300 - UMKM - 2",7209
624bf7c8-61e6-466c-adce-968073a30b91,"7209030008000300 - UMKM - 3",7209
1c79c934-717f-4148-ab1a-a231e3745a5e,"7209030008000300 - UMKM - 4",7209
b45c5be0-a4ec-4344-9fdc-60caf9d88470,"7209030008000800 - UMKM - 3",7209
853b78ae-33ac-4c6d-a8fe-53fb36565393,"7209030008000800 - UMKM - 1",7209
3d3157d5-718c-4a0a-a8ce-57964107f07a,"7209030008000800 - UMKM - 2",7209
94ea0103-e5d7-4a22-9347-191d074f61d9,"7209030008000800 - UMKM - 4",7209
2f9267aa-1bb6-4ec7-a297-e27bbe75adb8,"7209030008000600 - UMKM - 1",7209
1983a541-31f8-471e-a265-6becb934c598,"7209030008000400 - UMKM - 1",7209
dd1e8988-f225-41fc-89a2-a9e3c5e7b48b,"7209070014100100 - UMKM - 1",7209
e96d6634-2955-4207-a6fc-cba8cc2f8118,"7209070014400300 - UMKM - 1",7209
d25b67b7-3cbf-4831-ad9c-c683206c2bec,"7209070014100200 - UMKM - 1",7209
a812648d-a1c1-4b84-9b1e-5a952075a8c1,"7209030011000100 - UMKM - 3",7209
b4aded1e-69bb-427e-a928-d71b5f4888b6,"7209030011000100 - UMKM - 2",7209
77027ade-9f4d-455c-929e-0a726a88aa1b,"7209030011000200 - UMKM - 1",7209
2798b5de-92f4-4c6d-9de1-286874630bb2,"7209030011000400 - UMKM - 1",7209
d5599850-278e-456f-8b6b-b3b342cc6578,"7209030011000300 - UMKM - 1",7209
fc7e7ef3-3767-470a-9c23-6d88605e2fcc,"7209030011000100 - UMKM - 1",7209
89c7b0f0-b158-449d-9e98-798d86d386aa,"7209010006000100 - UMKM - 2",7209
cf7f61e5-2737-4ba5-b6af-f56097fb39ee,"7209010006000100 - UMKM - 1",7209
bcf77fef-330a-42d1-a00f-eea675c180e9,"7209010006000300 - UMKM - 1",7209
e5a4566c-ad26-46e9-b264-42c3230c2939,"7209010006000300 - UMKM - 2",7209
6d9b3d3e-5c9c-4b2e-8b5b-1125f71abcd9,"7209010006000200 - UMKM - 1",7209
b1965268-d6d1-4f3e-8784-97af2d1142cf,"7209010006000200 - UMKM - 3",7209
8f0b9282-1960-4c78-a97d-c7d64c206463,"7209010006000200 - UMKM - 2",7209
eb666a76-2846-423c-a298-5936e18303f1,"7209010006000200 - UMKM - 4",7209
25b2f01d-9f08-455c-861a-e5a969dc14f0,"7209061009000200 - UMKM - 2",7209
06e90c9b-8d65-49fa-9801-3f1b30b7b2b9,"7209061009000200 - UMKM - 3",7209
3d4c7f0b-db4a-4465-ae30-a1c8066cd0d0,"7209061009000200 - UMKM - 1",7209
cd2b81b7-1aab-401e-b155-3367e6bccbe2,"7209082002000300 - UMKM - 1",7209
8759b345-33ab-4dbc-9864-a669f1c339ed,"7209082002000200 - UMKM - 2",7209
b1bafd5d-6a30-4458-afbc-8af7369e1022,"7209082002000200 - UMKM - 1",7209
faa15d84-820b-497b-973d-3d4dc420c9a4,"7209082002000100 - UMKM - 1",7209
5edc4589-d250-4500-9aee-dcf6be5c8ae8,"7209020031000100 - UMKM - 1",7209
540dcf92-8f79-49cf-95fb-5b4fab51cbb7,"7209020031000100 - UMKM - 2",7209
58e2b8d7-f5ac-48c9-9f2b-cad6d4710c9c,"7209020031000300 - UMKM - 1",7209
6ef82ff3-9949-435a-8c2b-fd5985f117ad,"7209082014000200 - UMKM - 1",7209
53242cec-7d86-48f5-9f03-f719f277ee97,"7209082014000300 - UMKM - 1",7209
45ae9fe8-5020-42b0-8733-1eff2260eb77,"7209082014200100 - UMKM - 1",7209
90b03e5c-9085-4f8b-99a4-79ee0e827dac,"7209020022200100 - UMKM - 2",7209
ded9ca53-7a88-48c9-8606-40176d28bd02,"7209020022200100 - UMKM - 1",7209
0136f06e-6089-476c-a577-a997ed2d55e6,"7209020022000300 - UMKM - 2",7209
8829e198-2fb6-4f45-b8b0-f63c16b59aaf,"7209020022000300 - UMKM - 1",7209
6a9828b3-561e-47ae-aaba-42164e07cdf6,"7209020022000300 - UMKM - 3",7209
857ddec3-99d9-4f9f-8091-6c04f9a2aa70,"7209080010200100 - UMKM - 1",7209
9329779e-90fc-4c75-95bc-30c7dcc56963,"7209080010000600 - UMKM - 1",7209
993bdc4f-a2d0-4ef5-83d0-859bb6086fd0,"7209080010000400 - UMKM - 2",7209
5adfeeba-fa36-40fc-ae81-bc4550d71983,"7209080010000400 - UMKM - 1",7209
31dbfd6c-cd5b-4a21-8f4d-5c4f79f63ee9,"7209040016000300 - UMKM - 1",7209
fbc1ded0-43d7-4984-b829-11ae304b0183,"7209040016200100 - UMKM - 1",7209
9928968a-53f2-4fa9-99e5-e7147ba130f9,"7209082003000200 - UMKM - 5",7209
4eb7fca8-6604-4151-9bc1-0f2d891279e4,"7209082003000200 - UMKM - 4",7209
de4d4adc-c861-4674-8fac-e86f70ce7922,"7209082003000200 - UMKM - 3",7209
8118d140-26fb-4dbb-9e55-9d6d83d99e9e,"7209082003000200 - UMKM - 2",7209
792689c3-ee35-4660-a337-1f02d01db26a,"7209082003000200 - UMKM - 1",7209
98343880-3c1f-4288-b191-c0f5816a482d,"7209082003000300 - UMKM - 2",7209
4347ce93-4b73-413a-8992-bb4f0b1915ee,"7209082003000300 - UMKM - 1",7209
cb8141f6-8015-4615-92ac-eb1497efeebe,"7209082003000101 - UMKM - 1",7209
22db77c0-9da5-4eeb-988c-7d1bceef6122,"7209020024000200 - UMKM - 1",7209
83b3f291-fb0a-4048-b3d2-2c3dd4328ac0,"7209020024000100 - UMKM - 1",7209
2d14e050-3bbd-49f3-b322-e58678c5805b,"7209020024200100 - UMKM - 1",7209
d18b8bc9-1c0b-4034-ad19-c02b51611ee2,"7209020021001200 - UMKM - 1",7209
3dfac0ee-9bf3-4cb6-b9a4-338a72b965d4,"7209020021000800 - UMKM - 1",7209
942bd552-f15b-4dfc-8aa6-28fb022ec60a,"7209020021000800 - UMKM - 2",7209
486b7102-e7ae-4912-8d77-033f983358d9,"7209061002000500 - UMKM - 1",7209
b876cacb-dd5c-477f-93fc-569554d5bbed,"7209061002000100 - UMKM - 2",7209
54ef5fea-c27f-4471-a567-860756f050af,"7209061002000100 - UMKM - 1",7209
c9be75b1-19ea-4d4c-b2e0-782a1d7ad65b,"7209061002000700 - UMKM - 1",7209
53462005-1e66-45c5-af5a-7fbb77264ced,"7209061002000300 - UMKM - 1",7209
cefa8075-91da-4807-a624-4e396784e210,"7209030010000100 - UMKM - 1",7209
e1c82b44-8ab1-4c8a-9072-ac5a3ca01952,"7209030010000400 - UMKM - 1",7209
f7ee5a4f-6c70-4403-ad2c-96754a4fe9a6,"7209030010200300 - UMKM - 1",7209
c8ee6c48-65d3-4b8c-8d0b-7e92408f849d,"7209080015200100 - UMKM - 1",7209
3f435fbb-1e6f-427a-8831-aae8ffc9d625,"7209080015200100 - UMKM - 2",7209
0e5954f1-a168-4f06-9e5c-b80134a64ee4,"7209050012000600 - UMKM - 1",7209
84b72d58-dad6-4184-b1c4-3ec5d9c4eb71,"7209050012000200 - UMKM - 1",7209
26fa3a7c-cf35-42d4-a919-dc467b471653,"7209050012000400 - UMKM - 1",7209
9e620a8d-df09-433f-ad02-77ec7e95767e,"7209050012000100 - UMKM - 1",7209
1f84c3f6-02a6-48de-909c-14be9bf8fbb8,"7209050012000300 - UMKM - 1",7209
a4cd1367-8e9e-48e5-a085-dbc09669f693,"7209082005000600 - UMKM - 1",7209
162e8378-10bf-4240-bd84-01e31aacd049,"7209082005000600 - UMKM - 2",7209
5f3a03d5-0df2-4ad7-8eef-9aa45210bb5f,"7209082005000600 - UMKM - 3",7209
442c553d-ed19-4c9f-bc5c-7c8008f95287,"7209082005000500 - UMKM - 1",7209
46ea05d6-dfd3-4602-a50f-81a3dfaa7a6e,"7209082005000400 - UMKM - 1",7209
3f84fdec-9c18-43cc-8033-034727b68985,"7209020016000200 - UMKM - 1",7209
6beb78b0-afa4-40fd-a7a6-ef3c4bfdf347,"7209030012000300 - UMKM - 2",7209
ba9135f5-97f2-4844-bfe2-eec6c3ca7e40,"7209030012000300 - UMKM - 1",7209
c936462f-24dc-4263-b21a-2166cb90e838,"7209030012000100 - UMKM - 1",7209
ec2a3eaf-58ea-4795-a4b0-4c33d1470cae,"7209030012000100 - UMKM - 3",7209
efc945fb-ec5d-493e-a01a-eece140a3045,"7209030012000100 - UMKM - 2",7209
7ae45be5-44e1-4b36-b2c6-9604b0cc39ac,"7209030012000200 - UMKM - 2",7209
7e02c70c-d8f7-47e3-838c-e860ddd0461f,"7209030012000200 - UMKM - 1",7209
556053d2-901a-4f9c-8461-65575b4fe9d8,"7209020015000100 - UMKM - 3",7209
032b8ef8-7e22-49e8-b043-f30c566fa86f,"7209020015000100 - UMKM - 2",7209
4f28040f-4e4f-4faa-9a4c-447afb897e1d,"7209020015000100 - UMKM - 1",7209
8fc2f8c9-9322-47dc-8c60-2f49954edaa4,"7209070004100100 - UMKM - 1",7209
dd60ae94-def4-45a1-869d-72f39aec4be8,"7209070004000100 - UMKM - 1",7209
03657253-7f69-47a1-9bb1-87ed3da375bf,"7209070004000400 - UMKM - 1",7209
e80b5b0c-56a6-4fe4-a99f-b4cda267b567,"7209050017000400 - UMKM - 1",7209
c90131c6-1858-40f6-a8d1-539ab30d8295,"7209050017000500 - UMKM - 1",7209
c5b4be06-1d43-4a56-bcc4-85ab54fb8529,"7209050017000600 - UMKM - 1",7209
750dbf86-5d57-417c-90ee-5e57f6920dc4,"7209040018000200 - UMKM - 1",7209
bb4db071-908a-453b-a6ff-4ae58b8f8610,"7209040018000500 - UMKM - 1",7209
0f501b96-cc0a-4258-9995-0baa9ab1e30e,"7209040020000600 - UMKM - 1",7209
5a35c5d7-f102-4892-a83e-c17f00fc2964,"7209040020000800 - UMKM - 1",7209
2e730fa3-ce23-4009-8be3-606726ee8402,"7209040020000100 - UMKM - 1",7209
d88133c1-2bff-4d52-ad1e-213ce0ef9969,"7209050013000600 - UMKM - 1",7209
b8d75259-c73d-4484-a089-e50376e4c95f,"7209050013100100 - UMKM - 1",7209
a369e296-5163-460f-92f6-d3af7c5be161,"7209050013000300 - UMKM - 1",7209
b31d27d0-6298-430d-8ae7-2da162119318,"7209050013000200 - UMKM - 1",7209
25d50b88-6a07-4d3c-962e-783590a4c279,"7209061011000100 - UMKM - 1",7209
cfdbf045-c29d-4204-a30c-b78c25250614,"7209061011000100 - UMKM - 2",7209
fd77686e-5b02-4722-9584-7e637bb1ac70,"7209061011000300 - UMKM - 4",7209
1c85de48-74cd-4625-a377-1616c3922079,"7209061011000300 - UMKM - 1",7209
b23d292d-6563-4d68-9072-9d1d89e34b01,"7209061011000300 - UMKM - 3",7209
21be7e52-5e57-48b5-b80a-1458ac30d1f8,"7209061011000300 - UMKM - 2",7209
d3addb25-6cca-4911-9d4f-ff0f191f4ec5,"7209030004400500 - UMKM - 3",7209
fe46d706-ad2d-4f17-8996-b686abc3be59,"7209030004400500 - UMKM - 5",7209
7c4a2444-8098-4514-8890-29f4ff31bdef,"7209030004400500 - UMKM - 4",7209
126222d0-fb9a-4867-a3e9-53911279745e,"7209030004400500 - UMKM - 2",7209
f6cd8fca-605d-4c9a-a0e4-fdd5f3d7a8b4,"7209030004400500 - UMKM - 1",7209
e1b1770d-69a5-4bd2-9924-6055d91e8948,"7209030004400400 - UMKM - 2",7209
55783482-07a2-4df1-85f5-4d616de9a712,"7209030004400400 - UMKM - 1",7209
b9c4da61-b02e-4649-9256-0d57a48d9197,"7209030004000600 - UMKM - 1",7209
90c25708-bd98-4364-a8f2-bd1ece91dbdb,"7209030004000600 - UMKM - 2",7209
d6fa0ea0-8fa8-4453-897f-27e06189e6f1,"7209030004000400 - UMKM - 2",7209
eb9d4c59-e742-4d8c-bf30-9ba4f75e6fb7,"7209030004000400 - UMKM - 3",7209
2986e258-acac-4cf7-8834-ab87f5196ba1,"7209030004000400 - UMKM - 1",7209
cb0ebb14-28e6-4ed4-a984-59b40aee751d,"7209030004000500 - UMKM - 3",7209
b0cfdfa3-164c-4918-a602-6f3dc6bca9b6,"7209030004000500 - UMKM - 2",7209
b1c18018-523b-466d-a83d-807aacaadb06,"7209030004000500 - UMKM - 1",7209
8a486862-15ee-4abd-a53c-6c4a3191b88f,"7209030004000200 - UMKM - 1",7209
24cd8ceb-f5c1-4c4e-b3e7-6541d25e2fe1,"7209030004000300 - UMKM - 1",7209
7b103d39-0a59-46b6-b9fc-ffed17c94366,"7209030004000100 - UMKM - 1",7209
c0870059-b7ab-4abb-a174-bbe034d3d1d0,"7209030007000300 - UMKM - 1",7209
5fa97f0e-93ec-4eec-85a7-17b5d47d92e6,"7209030007000200 - UMKM - 1",7209
24f9e7a4-30ca-492f-8961-8388bc182388,"7209030007000100 - UMKM - 1",7209
12e01323-574b-42cb-874f-f40a63c1eca3,"7209030007000500 - UMKM - 1",7209
fa26d290-ef63-457d-8c3f-1f9deb2f159e,"7209030007000500 - UMKM - 2",7209
57b0430e-fbd5-4b1d-8655-8728c38a30fc,"7209030007000600 - UMKM - 1",7209
b01f5bd6-c3c2-425f-80bd-6e3909c14576,"7209030007000600 - UMKM - 2",7209
ef6cf7b3-f812-41fb-b934-12f67134cc07,"7209030006000400 - UMKM - 1",7209
feb2c9a2-19a5-422a-b972-e7cc02ce3d66,"7209061001000100 - UMKM - 1",7209
58807178-4aba-49f2-92e1-eac8ec90381d,"7209061001000300 - UMKM - 1",7209
58b8a6fa-b0aa-4810-904e-b9c50d7e830d,"7209070016000300 - UMKM - 1",7209
01f3fd6f-9610-40f2-bcaa-18d3609718eb,"7209070016000400 - UMKM - 1",7209
7684b25e-16fe-4e3c-990b-5bd5d9cb64b6,"7209070016100100 - UMKM - 1",7209
9ca0455c-81e8-437e-b9c1-5762eaa8d8a0,"7209070016000200 - UMKM - 1",7209
b6099e86-dd8c-40c5-ab46-192e77fd518a,"7209070009000200 - UMKM - 1",7209
f1be1156-c84a-4301-88cc-fa67da99ff01,"7209070009000200 - UMKM - 2",7209
0c610117-086a-4776-984e-b67c402e6d82,"7209070009000200 - UMKM - 3",7209
cbcb0832-e4e8-46d2-8a9d-25548d1b8424,"7209070009000600 - UMKM - 1",7209
52d7fdbc-3ab9-4dd0-9d63-e2002d20885a,"7209070009000100 - UMKM - 1",7209
86ae0894-d3aa-400a-8181-b1a23f75dd93,"7209070009000400 - UMKM - 1",7209
f418cbc8-ed97-466a-bf54-0c3120846e5d,"7209070009100200 - UMKM - 2",7209
f75be4a5-b290-4c1a-acfa-aa7885d74b03,"7209070009100200 - UMKM - 1",7209
88314734-ea0a-414a-9170-edee466df207,"7209070009000100 - UMKM - 2",7209
b9466065-abbe-4ff0-99e5-5ad17026a577,"7209070009000300 - UMKM - 1",7209
024558ee-257b-441d-afbf-280df2364fd4,"7209050003000400 - UMKM - 6",7209
ff57a4ac-1c22-4175-8bd9-743f9ff8aaea,"7209050003000300 - UMKM - 1",7209
b8b18635-2be7-4f5b-aba7-cd115ae5963f,"7209050003000300 - UMKM - 4",7209
15938c6a-7362-476b-8f00-20240d2cab21,"7209050003000300 - UMKM - 3",7209
e66ad605-e684-4abb-9ed7-2ce63a10c3f1,"7209050003000300 - UMKM - 2",7209
79d2c18c-c5e0-435f-9158-8eaa5ddfe5a0,"7209050003000200 - UMKM - 1",7209
423fbe60-a4a5-4fbc-99ff-f4f43552e2d5,"7209050003000400 - UMKM - 2",7209
e97956e3-22a7-497e-a5c5-e20fe3bf107d,"7209050003000400 - UMKM - 4",7209
a6788817-a9e0-482c-b9cb-429e10e64cd6,"7209050003000400 - UMKM - 5",7209
3db982ce-1ed7-4aa7-8824-966e7a63e51b,"7209050003000400 - UMKM - 3",7209
d9805dd0-5bda-45fe-a8bb-98df1da57282,"7209050003000400 - UMKM - 1",7209
f301e4fc-f22d-47ec-9a5d-d8051b068b55,"7209050003000900 - UMKM - 2",7209
4e0d72a3-e410-4b0d-a192-f56476e84529,"7209050003000900 - UMKM - 3",7209
fa543d79-8695-4929-8654-9ff34643a0f3,"7209050003000900 - UMKM - 1",7209
815ed4bb-4a25-4fec-bc73-5a5492c066d4,"7209050003000800 - UMKM - 1",7209
5917cf4f-383f-4f13-bc34-deac38483457,"7209050003000800 - UMKM - 2",7209
09788f37-8967-45ff-bcf3-e7d528b202e8,"7209050003000800 - UMKM - 3",7209
27d3d7ae-a76a-4b26-9bad-a4e2ffcb83b0,"7209050003000500 - UMKM - 1",7209
ae856203-beee-47d6-9459-ed8c987b776a,"7209050003000100 - UMKM - 1",7209
0331e122-1d94-401f-be1c-aa4483b3b1af,"7209030009000600 - UMKM - 2",7209
fecbae97-f8ef-42ba-8dd2-a353eda3ac68,"7209030009000600 - UMKM - 3",7209
930b1260-c092-41c7-9963-c695ae620d08,"7209030009000600 - UMKM - 1",7209
093af6a5-15ce-4267-bdc6-4ecdd136fb9a,"7209030009000300 - UMKM - 1",7209
027461f4-c8b0-4292-9aad-6399955c51fc,"7209030009000500 - UMKM - 1",7209
e92943a8-cc15-4409-9a3c-ba6bd2e2851b,"7209030009000500 - UMKM - 2",7209
19938c1c-441d-4c7d-93f9-0cf1a79b6dac,"7209030015000600 - UMKM - 1",7209
ab242146-c682-4caa-9e2c-f0e712f6dfdc,"7209030015000300 - UMKM - 1",7209
5cd3b429-116a-4e94-8c99-a96e3840de54,"7209030015000100 - UMKM - 1",7209
e61c3255-2d1d-45cb-bb74-1a38711489f4,"7209030015000200 - UMKM - 1",7209
c3d91b69-7436-430f-99ae-4ce06171b423,"7209040017000400 - UMKM - 3",7209
e9231eed-87e8-481f-af4d-3e2199fda815,"7209040017000400 - UMKM - 2",7209
14c0ab44-0c7d-46fd-8dde-11b4a344c288,"7209040017000200 - UMKM - 1",7209
c7e74267-743f-442e-99c6-6488f5be45d8,"7209040017000300 - UMKM - 1",7209
3b02ed0c-4644-443c-8ee4-4ae2ae9104ec,"7209040017000400 - UMKM - 1",7209
a565815c-07f3-4b98-a64c-413f3910af55,"7209040017000800 - UMKM - 1",7209
6de2167c-0974-48b7-8954-2a79b23a2348,"7209040017000800 - UMKM - 2",7209
04ca0a13-7915-4732-9be2-0ea3857447df,"7209040017001200 - UMKM - 1",7209
9474c947-9767-48fc-9b64-2eee11b0faa3,"7209040017001100 - UMKM - 1",7209
032e103b-3adf-46c5-9108-f6a3bd67b1ac,"7209061004000300 - UMKM - 1",7209
4ae85a39-f261-4aba-bc15-c87de10a1dd3,"7209020019000300 - UMKM - 1",7209
192cba56-7e8e-4463-afb1-d05789875b67,"7209020019000100 - UMKM - 1",7209
3bf9ce9a-1d95-48e9-85da-6dcddb96f65b,"7209040002000100 - UMKM - 4",7209
28478016-2f21-4b43-a28e-70d15bc50170,"7209040002000100 - UMKM - 2",7209
3d11fb3a-8e7d-4e5b-a32d-a794de050a1c,"7209040002000300 - UMKM - 2",7209
2bca613a-e42b-45f5-b7b9-319dc0b12051,"7209040002100100 - UMKM - 1",7209
b841b1a2-7c2b-4290-b2a5-6231c35ff4e2,"7209040002000600 - UMKM - 2",7209
f5c2e539-0aec-4aa2-8c64-b2f5d692abf7,"7209040002000600 - UMKM - 1",7209
2418fc4e-4e73-4048-87ed-b865c32e5e92,"7209040002000100 - UMKM - 3",7209
cc107b86-46fe-406b-bf16-9103993f1d8a,"7209040002000100 - UMKM - 1",7209
6ea10d3d-9129-43e0-b46f-81a23279fcac,"7209040002000700 - UMKM - 2",7209
fdbe3c33-a126-49d2-8b7f-5a8cc067c685,"7209040002000700 - UMKM - 3",7209
90e35980-4cda-42fc-a238-949e35b261fa,"7209040002000700 - UMKM - 1",7209
ccd8300f-e422-4747-9c89-0e8e8f10697c,"7209040002000300 - UMKM - 1",7209
e68ba771-9bd5-4d4e-a476-8fb62fd70db9,"7209070006100100 - UMKM - 6",7209
5bf20111-cd74-4527-bf54-44847dbc5aec,"7209070006100100 - UMKM - 2",7209
71db9465-8685-451d-a243-4e30b8c108f2,"7209070006100100 - UMKM - 5",7209
92e71cb1-5128-404a-bac2-f19110e46f38,"7209070006100100 - UMKM - 3",7209
5593b9a2-3ff2-4fc5-8288-cacc436f0a63,"7209070006100100 - UMKM - 4",7209
59ff221e-1ec2-4f63-b61e-782d34d7c6d6,"7209070006100100 - UMKM - 1",7209
e522a2f0-2ed6-4553-8949-920ae849e8f7,"7209070006000300 - UMKM - 1",7209
3f98c749-d002-4376-b000-c820caf59226,"7209010005000300 - UMKM - 1",7209
10a0444e-03b3-4763-a5e4-d2153d9b08ea,"7209010005000100 - UMKM - 2",7209
8124d672-e6d5-46f7-944e-a6f3d736a180,"7209010005000100 - UMKM - 1",7209
5c6917a6-218c-4ebf-b48e-0b9702af27f0,"7209010005000200 - UMKM - 1",7209
ee2dd490-310b-4d85-af92-5a514db232a1,"7209070003000200 - UMKM - 2",7209
e58031f4-fa75-4d92-99ea-e6c8ce2cf6d2,"7209070003000100 - UMKM - 2",7209
04baaea5-6525-4348-abcb-a8f51e0109be,"7209070003000200 - UMKM - 1",7209
c62a99a4-485b-4971-88e3-3453f48d3127,"7209070003000100 - UMKM - 1",7209
dfb7a08c-4318-41f0-b0fb-1fc697bf5d44,"7209081003000900 - UMKM - 2",7209
21afb0f7-6361-4bf6-9f54-0fc547e01acd,"7209081003000900 - UMKM - 1",7209
3db76bd5-0d74-4c28-badb-47288fd94f36,"7209081003000600 - UMKM - 1",7209
9e029284-72e3-4b6f-9343-ea665578a966,"7209081003000200 - UMKM - 2",7209
7fddfd6d-403b-4cb2-a766-2e57271c493a,"7209081003000200 - UMKM - 1",7209
65a19198-32a8-4d80-ae71-85adeee39120,"7209081003000300 - UMKM - 1",7209
c43d4f7a-75f6-4c27-a5c9-d0877efd7213,"7209061013000100 - UMKM - 1",7209
92e2d6fd-05ce-4b66-99cb-596d6c7c53dd,"7209061013000300 - UMKM - 2",7209
9e6e5b8c-82c5-4ba1-a3fb-50aa4980ba5f,"7209061013000300 - UMKM - 1",7209
a8156cd8-6a21-4865-8e99-3580f3ca9305,"7209061013000200 - UMKM - 1",7209
638c4400-ddd2-40d9-8c7c-c8db88c08cee,"7209040004000800 - UMKM - 2",7209
1e8a9565-fcf4-4237-8286-baba2bd1e892,"7209040004000700 - UMKM - 1",7209
a079ff4a-3c9f-4d15-9a12-f4bcc41c9318,"7209040004000700 - UMKM - 2",7209
ae827209-cecc-41a1-8360-d7eb869418f6,"7209040004000800 - UMKM - 1",7209
0947c7c6-5a2c-40ab-914f-7394ea3b2dc8,"7209040004000400 - UMKM - 3",7209
1d7974cc-6cf4-4490-9a69-869ac2eaea6c,"7209040004000400 - UMKM - 2",7209
1feea85f-e1a8-4c44-a27a-f94e69fd86bb,"7209040004000400 - UMKM - 1",7209
3c58c492-1bc7-4923-9ed9-da597c271594,"7209030001000400 - UMKM - 1",7209
d7a2d55b-7868-4c3a-a33b-d966233a4d6c,"7209030001000300 - UMKM - 2",7209
d7fa0243-d030-4e00-a727-63776e493744,"7209030001000300 - UMKM - 1",7209
dc24cfac-bd28-43d3-92c1-185abd2b8c07,"7209030001000300 - UMKM - 3",7209
f0138b78-1c04-4718-811a-e5b1601c1dac,"7209030001000200 - UMKM - 1",7209
4df492f2-9b3f-4766-bf2e-01f4bfc43efd,"7209030001000100 - UMKM - 3",7209
4fcc926d-b9ff-443d-b287-c77137666f5a,"7209030001000100 - UMKM - 2",7209
6cafb898-15f4-4945-8729-079657e9ebbc,"7209030001000100 - UMKM - 1",7209
85390aee-35fb-4a3c-9db4-ca47a9548805,"7209030001000600 - UMKM - 1",7209
adc7998b-124a-4cb8-8690-434a9364d69d,"7209030001000600 - UMKM - 2",7209
0a1af9c3-aced-4a6e-b54d-652ead1cc17c,"7209030001000500 - UMKM - 3",7209
8eceda2d-4bfe-4f57-b3bf-93c3f3ad308b,"7209030001000500 - UMKM - 2",7209
c36149d6-7e40-49ac-b73f-a35115e881cd,"7209030001000500 - UMKM - 1",7209
3af1b378-90db-4d15-ae68-162ff85cae44,"7209070007100100 - UMKM - 1",7209
14a48b14-8278-49ec-8ec9-d9a6a704a52b,"7209070007000300 - UMKM - 1",7209
0f6e15dd-e4ac-4871-90c4-e0bcb7958aed,"7209070007000400 - UMKM - 1",7209
a9351658-87bd-4807-b788-5bb094ebc490,"7209020023000400 - UMKM - 1",7209
9045daf9-9ed6-4fae-ac48-a69533976fd4,"7209020023000300 - UMKM - 1",7209
99435e13-8a10-4d64-a9e0-18223e87ac15,"7209020023000200 - UMKM - 1",7209
74b6659d-dec9-40dc-b526-05409612838f,"7209040012000200 - UMKM - 1",7209
39ee6ff1-4e8d-42f8-8fa9-20896726823b,"7209060019000300 - UMKM - 1",7209
0f3a773d-813f-4889-a0ed-4fc5547bbad7,"7209060019000300 - UMKM - 2",7209
45c7f1d3-1ff1-4ada-9a76-275e515e3504,"7209060017000100 - UMKM - 1",7209
a39c1153-106a-4ae4-a125-935f277c2f5e,"7209081008000200 - UMKM - 1",7209
31d2b3d5-15c2-4aa3-90a1-17561c891fd7,"7209081004000100 - UMKM - 1",7209
0a262e3e-4939-4641-acd3-54c99e4af39d,"7209070002200100 - UMKM - 1",7209
7c71a220-8b8e-456e-9a91-503b7b9334d5,"7209070012000600 - UMKM - 2",7209
a96f8d10-b80e-4bf8-a2da-631c3c5c57dc,"7209070012000600 - UMKM - 1",7209
ccfda8e5-c180-4288-940d-2f7fae208543,"7209070012100200 - UMKM - 1",7209
dcf7f596-7fc2-4bcc-8eac-3b9c504ccd50,"7209070012000500 - UMKM - 2",7209
a9340871-1b7b-44cc-8af9-c7ac5a0892d9,"7209070012100100 - UMKM - 1",7209
1b59133c-3d8c-4717-bb68-01f5c3e5536d,"7209070012000500 - UMKM - 1",7209
7718cd74-51d4-4c27-85f8-5aa387e7b275,"7209070012000200 - UMKM - 2",7209
f8e862a4-9dc5-42c8-bed6-c07ea4037d78,"7209070012000200 - UMKM - 1",7209
5ffba2e9-57a0-4d85-91c4-1d61b8c0a414,"7209020025000100 - UMKM - 1",7209
9a98285f-714a-4ac5-8261-d1f660ccfb6f,"7209020025000700 - UMKM - 1",7209
5b71a068-f4fb-4421-8901-f04bc2f778e4,"7209020025000700 - UMKM - 2",7209
df4cabdf-b38b-48cf-9851-16447707669e,"7209020025000700 - UMKM - 3",7209
189fd0e0-0fbd-4136-b398-1e06c996e80a,"7209020025000500 - UMKM - 1",7209
ab6faf92-092e-4a42-a9c9-5fb50bb7c244,"7209020025000500 - UMKM - 2",7209
76170627-dc2e-40b4-81cc-9a29d222fe98,"7209020025000500 - UMKM - 3",7209
8b567431-3d13-4a18-8845-16acc6a5b6ea,"7209020025000600 - UMKM - 1",7209
3aa7585e-cdda-43bd-bacd-4ceece7e1b5b,"7209020025000600 - UMKM - 2",7209
09add576-30d4-4ba7-9666-07c0c402a663,"7209010013000100 - UMKM - 1",7209
bd6f80b6-bf16-4523-8e1c-aca9549ec9ec,"7209010013000300 - UMKM - 1",7209
a7acd4bd-2e74-49bf-8872-2e7a9ad699cd,"7209050014000700 - UMKM - 4",7209
3aaa9b71-25d7-4266-b852-91b92f1f1fdf,"7209050014000100 - UMKM - 1",7209
ffcf0a25-935a-40f2-b97e-cc6f3cb31ed9,"7209050014000700 - UMKM - 1",7209
a576e67e-172f-48be-8d8e-440dec353df2,"7209050014000700 - UMKM - 3",7209
a8baf2c4-9f4a-4099-b21e-e0de55433107,"7209050014000400 - UMKM - 1",7209
ca909f29-60b7-490a-ad56-77f58e8e7eaa,"7209050014000600 - UMKM - 2",7209
e33c889f-ce91-4e7f-8d32-5ef6bcf5bbc7,"7209050014000600 - UMKM - 1",7209
b90c81d3-6c45-4e97-9718-5c96ff56a9ed,"7209050014000700 - UMKM - 2",7209
95f28235-7573-4481-8707-a86159ec9a4a,"7209040003000300 - UMKM - 2",7209
c7ca9688-60ed-41b7-bd52-21c5dc467d3a,"7209040003000300 - UMKM - 1",7209
6d95378d-8a5e-4c58-bcbf-a6a733bdcfd7,"7209040003000400 - UMKM - 1",7209
fad18996-9391-4e59-94f5-fec17375eeae,"7209040003000100 - UMKM - 2",7209
fb7114dc-5b70-4658-8c2e-a38ee1afb1c4,"7209040003000100 - UMKM - 1",7209
30410f3f-b55f-4767-870a-40ce74d54ea6,"7209020028000100 - UMKM - 1",7209
86fe249e-ee4f-4df2-b551-01d2d27e5987,"7209060009000400 - UMKM - 1",7209
91ef3c9e-ee93-426e-98a9-8a45e3c239e1,"7209060009000500 - UMKM - 1",7209
d9280682-c557-495e-980e-5c0bb5d1cca5,"7209060009000300 - UMKM - 1",7209
fb60b84a-3b9a-477d-8cd3-0213a1126ce0,"7209030013000500 - UMKM - 1",7209
9ffa1a3c-5dfa-43a1-9709-ece9eea68e06,"7209030013000200 - UMKM - 1",7209
adb8a4e6-19a1-4dfe-b4b6-524b603cc165,"7209030013000300 - UMKM - 2",7209
a34c4372-85a2-4879-8709-d2013214df7e,"7209030013000300 - UMKM - 1",7209
7a1be89a-874c-4c59-88dd-03329b60aa89,"7209030013000400 - UMKM - 2",7209
b008d607-69c3-4b0c-96cf-b4349e79290d,"7209030013000400 - UMKM - 1",7209
1daedb4f-27ee-43d8-9e05-bb12f6e91a61,"7209040005000100 - UMKM - 1",7209
0817aa13-443c-4fd3-ba86-6646b2eb2df5,"7209030017000300 - UMKM - 2",7209
226b3387-9ea1-43f1-9016-ebe2a3c0691a,"7209030017000300 - UMKM - 1",7209
38252a10-0493-42ad-8505-a22229e887d9,"7209030017000501 - UMKM - 1",7209
408d5844-fadd-457e-8e44-b17b398e56c7,"7209030017000503 - UMKM - 2",7209
3be84182-c4bf-43d3-9c9c-5f50aa2be3e0,"7209030017000503 - UMKM - 1",7209
7522c94b-7157-4512-ba9f-3502392b61da,"7209030017000502 - UMKM - 2",7209
7f2f8706-4aca-450d-95ce-3724556e4059,"7209030017000502 - UMKM - 1",7209
411d0052-4e61-42b0-8194-b95a7cf0bf50,"7209030017000200 - UMKM - 2",7209
0c2b70ec-d336-4bfa-b6c4-a951310fc7ae,"7209030017000200 - UMKM - 1",7209
1774e89c-a3c4-463d-964d-d64462b3c4a5,"7209030017000100 - UMKM - 1",7209
6775cb27-2648-4501-b337-5d9232715675,"7209060016000300 - UMKM - 1",7209
8a822e8d-848a-4d42-ba80-db5c2fd7f769,"7209060016200100 - UMKM - 1",7209
8e8dc404-ecec-4c8e-8210-163c6472c841,"7209060016200100 - UMKM - 2",7209
f839976f-87fc-4907-b048-046cd443c139,"7209030002000200 - UMKM - 1",7209
d764f913-9efa-4ca1-9336-0f517a7f1eab,"7209030002000600 - UMKM - 1",7209
a92cd2a2-2dd0-4fef-a7ce-df357a841012,"7209030002000500 - UMKM - 2",7209
bfcbb2de-b93c-4c84-b0da-66395eaec6f8,"7209030002000500 - UMKM - 1",7209
a1374e0f-fabf-4a41-b449-8f8b0f2d45b0,"7209030002200300 - UMKM - 1",7209
57d4bb68-f260-4e42-a6be-77947589f294,"7209030002000300 - UMKM - 1",7209
986edfd9-9c37-4f77-b4e0-fb73a1d77a41,"7209030002000400 - UMKM - 5",7209
957282f7-cbf7-4fea-b0f7-51c3f126aed9,"7209030002000400 - UMKM - 2",7209
e3bb4e5a-a385-4ab3-be9f-0a2ed61ad9bd,"7209030002000400 - UMKM - 4",7209
8f27da69-c59e-4b3d-92e1-e4ac022742f1,"7209030002000400 - UMKM - 3",7209
efbdc7c4-f5f2-4680-80ec-b552d1e491f1,"7209030002000400 - UMKM - 1",7209
07fa6b5f-1cce-45f9-a7d0-aade9344b702,"7209081007000200 - UMKM - 1",7209
e4cc9628-e8b9-471f-858a-91235dce404c,"7209070010000400 - UMKM - 2",7209
e63aabb5-51ac-458b-a4b2-728209da5810,"7209070010000400 - UMKM - 1",7209
768b9922-cf39-41b5-912b-4d071bba38c6,"7209070010000100 - UMKM - 1",7209
f48797f0-8648-415f-8fd7-d47ed75a9ba7,"7209070010000200 - UMKM - 1",7209
c8c03ae9-5f13-4b9a-9a4d-1fd7bd16bbde,"7209070011000300 - UMKM - 1",7209
af0c37da-6544-454a-a293-832eb187fd5f,"7209070011000100 - UMKM - 1",7209
b186eaf3-cc20-4008-a0a2-fda165a80849,"7209070011000200 - UMKM - 2",7209
5a5ef89f-7e0f-4f19-aff4-84009f4660fc,"7209070011000200 - UMKM - 1",7209
4399a326-4634-42a1-8759-0c7c98d27711,"7209050010000100 - UMKM - 1",7209
068db949-f442-41ee-b889-478ee5406d3b,"7209050010000800 - UMKM - 1",7209
d131e0bd-9621-4103-a30c-c730d29d4b89,"7209050010000900 - UMKM - 1",7209
437a5c32-85ac-49a0-ae69-8a203460c12c,"7209050010100100 - UMKM - 1",7209
40c4397b-44be-4315-be46-5d9e1d6f41ec,"7209050010100100 - UMKM - 2",7209
28bf69e0-a12f-4750-86c2-7732f5fec87f,"7209050010000700 - UMKM - 1",7209
eee75e53-a6ca-4b6d-9cc2-d1b81cf83cec,"7209050010000600 - UMKM - 1",7209
c69f8a29-c89a-4625-813e-27ce40de3d99,"7209050010000200 - UMKM - 1",7209
cafd8fb7-ebc1-4a4c-befb-55e30d5de966,"7209050010000500 - UMKM - 1",7209
b0dc832e-88eb-4683-9307-ebac8c833023,"7209080006000100 - UMKM - 1",7209
c4c78d15-72d3-4df4-bdf0-48c2fd42b1bc,"7209040014000500 - UMKM - 1",7209
c3ed12dc-821f-4cb4-9e0c-280beb6859cc,"7209040014000400 - UMKM - 5",7209
b80467cb-7c6d-4730-8d5e-d4390e504a1e,"7209040014000400 - UMKM - 3",7209
8837aa80-1492-4849-a42e-cb86dd0d6b16,"7209040014000300 - UMKM - 1",7209
bdea279f-90e2-44d4-b088-f6abc12f973d,"7209040014000400 - UMKM - 1",7209
3013cd06-9aa4-440b-9f6a-0cf1fd572db2,"7209040014000400 - UMKM - 4",7209
8e861fba-61f0-4a0f-bf37-616a38c86501,"7209040014000400 - UMKM - 2",7209
29d7017a-c953-4cd0-8904-a10e9731615d,"7209040014001000 - UMKM - 1",7209
4d02a1bd-0522-40e4-80bc-2a5f4fc462d6,"7209010008000302 - UMKM - 1",7209
720a95bb-5bcc-4d29-869a-d731a9c4100e,"7209010008000100 - UMKM - 1",7209
cd904c5a-b9c6-465f-8a20-d55b701aaa58,"7209060007000300 - UMKM - 1",7209
aa42fa48-8586-4adc-b80d-bd984706c049,"7209060007000200 - UMKM - 1",7209
6045d568-957d-4637-bb83-b2a9639d2ab6,"7209081005000400 - UMKM - 3",7209
e921c22d-eacd-4acc-8a81-14bb3f9a20b2,"7209081005000400 - UMKM - 1",7209
3d3e112f-56ae-4bf7-802c-1aa8e046f71b,"7209081005000400 - UMKM - 4",7209
e45c38f1-86af-40b9-bfc6-cfb626885d79,"7209081005000400 - UMKM - 2",7209
d7897e53-401a-4f5f-8fb6-4aa0d266bac1,"7209010010000100 - UMKM - 2",7209
35356531-5045-40cf-9010-cb35034ea2f7,"7209010010000100 - UMKM - 1",7209
87ab1be6-a58b-4476-887d-18acf2c4a595,"7209010010000200 - UMKM - 1",7209
1def03c2-3886-4b86-bd64-02041708672f,"7209070013000200 - UMKM - 2",7209
bee32af2-67e2-4d23-a387-f74f7f967cb3,"7209070013000200 - UMKM - 1",7209
9dae316b-a6d1-4368-bb59-af121e89c494,"7209070013000400 - UMKM - 1",7209
387a75c9-5664-47c6-b2d3-f171b86e5791,"7209070013000400 - UMKM - 2",7209
06e33d0c-75ef-40c5-8eb7-c8544235388b,"7209040009000600 - UMKM - 2",7209
a26ee385-3974-4098-b17c-e2ec48883c4b,"7209040009000500 - UMKM - 1",7209
e89d771a-5242-49eb-a7df-70d348bd66c8,"7209040009000600 - UMKM - 1",7209
8ec85fe7-a33a-4618-9166-5bacca97db46,"7209040009000300 - UMKM - 1",7209
a71d4518-d656-4428-b6b8-4957934195d2,"7209080011000100 - UMKM - 1",7209
55eabdd5-33d6-4323-b6fc-92d121dc0949,"7209080011000100 - UMKM - 4",7209
3ae98d30-92b1-4e7a-b60a-528884257d1c,"7209080011000100 - UMKM - 2",7209
8cd91ee4-b346-432b-9266-7958e02ee50a,"7209080011000100 - UMKM - 3",7209
4295e28b-dcec-47e6-8ffd-7dc4565025b8,"7209020027000101 - UMKM - 1",7209
7a7cdd3f-4802-4638-b42d-c2462ea63f6a,"7209020027000503 - UMKM - 1",7209
47387d4f-2ee1-485f-a52c-a1d20f0684ea,"7209020027000503 - UMKM - 2",7209
efc41b9d-be75-43ec-acda-378ee23d948c,"7209020027000102 - UMKM - 1",7209
e6cec032-6221-4e5b-87e9-478c10588111,"7209020030200100 - UMKM - 2",7209
844f3d92-7209-474d-b61c-d668093cd91d,"7209020030200100 - UMKM - 1",7209
041c1aca-f50f-4682-8331-04e02e2ff1f5,"7209030018001000 - UMKM - 2",7209
35862a90-1d84-4689-a5a9-39a77dfff7d0,"7209030018001000 - UMKM - 5",7209
6fa18c6d-f3c7-4be0-a3e0-07fdfa529f26,"7209030018001000 - UMKM - 3",7209
74c286b4-e946-4f3c-acb0-169cd7fa082f,"7209030018001000 - UMKM - 4",7209
fa1e72ad-ff4d-4bf2-b361-50ba5599a528,"7209030018001000 - UMKM - 1",7209
47af72bf-9928-4809-ad9e-9c9a934dd34a,"7209030018000900 - UMKM - 3",7209
1239a01c-212e-48dd-9445-cff213b567e8,"7209030018000900 - UMKM - 4",7209
a9af0ae6-72fd-4ed0-a958-96517618c1aa,"7209030018000900 - UMKM - 1",7209
51cf540e-0650-484a-8aff-382d6b1aef35,"7209030018000900 - UMKM - 5",7209
4985d500-3695-4415-9b08-c8641702270c,"7209030018000900 - UMKM - 2",7209
f53db1ab-592a-4180-8d34-f72ab1d535db,"7209030018000200 - UMKM - 2",7209
8dd2460b-c97d-4e75-a408-922f82a75533,"7209030018000200 - UMKM - 5",7209
04ca6b8a-74cf-47d4-b977-7a7cf2609d55,"7209030018000200 - UMKM - 4",7209
2d015ae5-c31d-44cd-aa30-d7246fa018ff,"7209030018000200 - UMKM - 1",7209
6303d12d-ab8c-48f6-8045-44ed5ecb6631,"7209030018000200 - UMKM - 3",7209
585207ad-e64b-413e-af93-88ca3aec90b5,"7209030018000800 - UMKM - 1",7209
765aa7fa-b4fd-4083-afa9-adbb6e0aa7b7,"7209030018000800 - UMKM - 7",7209
4c162dbd-141c-480b-a4b1-bc12e76a6695,"7209030018000800 - UMKM - 10",7209
cdf4e547-0b27-4534-a6cf-0193ca433323,"7209030018000800 - UMKM - 12",7209
cf9871b5-7e38-41ac-b553-202ad20e0af3,"7209030018000800 - UMKM - 14",7209
24f3869c-74f4-4fac-a63f-2f33c063118a,"7209030018000800 - UMKM - 2",7209
a56f3523-3258-4c0f-bf9d-2f823216e77f,"7209030018000800 - UMKM - 5",7209
d39cef98-ac38-41cf-a66b-60aa659ff685,"7209030018000800 - UMKM - 16",7209
592ff2e4-4065-49bd-bc4b-ad6677b5d227,"7209030018000800 - UMKM - 4",7209
037e9c46-2ee7-45ae-87a0-0bcc1792b1aa,"7209030018000800 - UMKM - 15",7209
9b46e524-70fe-4e9c-8e47-86c393c39569,"7209030018000800 - UMKM - 9",7209
98454dc3-865c-4517-b3d6-ebbb024991e8,"7209030018000800 - UMKM - 6",7209
dfa91655-4dd8-4891-ba36-9b0589e24eb0,"7209030018000800 - UMKM - 13",7209
735c822b-506a-4420-8622-c9657f6fc5ab,"7209030018000800 - UMKM - 3",7209
dd0fdecc-8a78-4dce-a3ed-f860649ff52b,"7209030018000800 - UMKM - 11",7209
d19a54f7-91b4-4a92-9d3c-5e0c15d40fd0,"7209030018000800 - UMKM - 8",7209
1cdbadaa-4ee9-4dd8-9d78-7a83967e7161,"7209030018000600 - UMKM - 1",7209
0f5bdc1f-bae0-46fa-8584-80fb4f5d0fa5,"7209030018000600 - UMKM - 2",7209
8e4e8f8d-0bcb-414f-815f-e6604ba4be44,"7209030018000100 - UMKM - 2",7209
e49560ef-b2c4-4560-b65e-38e2284fb15f,"7209030018000100 - UMKM - 1",7209
715bede0-ae1d-4073-a4b8-384cb53bbb84,"7209030018200200 - UMKM - 3",7209
8a7b003f-df18-46c4-9b3c-af4948f1ab74,"7209030018200200 - UMKM - 2",7209
831eeb9f-2106-47ca-b631-eb4e55858f48,"7209030018200200 - UMKM - 1",7209
84979ca4-7f3b-405f-a2df-ad1fbd181b2b,"7209030018200200 - UMKM - 4",7209
f5c89299-e897-4d66-a901-6e982a15a5de,"7209082001000400 - UMKM - 1",7209
37fa6faa-9081-495f-a6d5-b7405379ad70,"7209082001000400 - UMKM - 13",7209
ccec0680-3c84-4e3d-b8d2-ea3048b1e5ed,"7209082001000102 - UMKM - 3",7209
75360826-d3c8-4cdf-9fe2-5b45d941f6dd,"7209082001000400 - UMKM - 12",7209
20254abc-161f-4c01-a891-bd345c8c3f65,"7209082001000300 - UMKM - 2",7209
09b77236-acbc-4048-b26b-d23f904ed2cb,"7209082001000300 - UMKM - 3",7209
d8b43673-898c-4c34-9618-f6e43c0ecc95,"7209082001000300 - UMKM - 1",7209
87f68399-b2d3-4b4e-b0f1-817ab349b1fb,"7209082001000400 - UMKM - 10",7209
95662abb-a49f-4ee8-aa36-0d827573fdb1,"7209082001000400 - UMKM - 14",7209
7595ae53-3d99-4da4-b208-3ba4cfa48b02,"7209082001000400 - UMKM - 15",7209
6454c77b-fb7a-4313-8f67-44b85fba7b6a,"7209082001000400 - UMKM - 7",7209
e79268e4-00c7-4a34-be0a-c5aad812eb25,"7209082001000400 - UMKM - 9",7209
a4f42938-da3d-449b-bc31-299e08a88fae,"7209082001000400 - UMKM - 3",7209
aafb926c-ee5e-4630-8f1c-219d1993f2ec,"7209082001000400 - UMKM - 8",7209
fbf30bb5-97ad-4335-b6d5-ffbef7a92b39,"7209082001000400 - UMKM - 5",7209
2058d5bd-1d99-4183-8502-adcb94be5f1b,"7209082001000400 - UMKM - 2",7209
97d5767f-757a-43f1-8a96-ba2fb8d55256,"7209082001000400 - UMKM - 6",7209
be5a5243-56fb-4099-b585-bfc5ebb47a1b,"7209082001000400 - UMKM - 4",7209
9fa3850f-76d1-4f12-bd44-750bd4041e34,"7209082001000400 - UMKM - 11",7209
7ea90d38-1882-437b-ae7d-777aa6b47301,"7209082001000102 - UMKM - 4",7209
7b23ee0e-df9e-4790-9921-05185f4ac41f,"7209082001000102 - UMKM - 1",7209
d2082ee5-44af-4a8b-a44c-a3a3adae0746,"7209082001000102 - UMKM - 2",7209
232fa78d-7713-40f5-9f6a-c4ed572a0ecf,"7209082001000102 - UMKM - 5",7209
25b007cd-7a57-43de-ab64-19ca1f7d0deb,"7209082001000200 - UMKM - 1",7209
b312af2b-65c6-45d6-a4de-52f41fc1a234,"7209082001000200 - UMKM - 3",7209
24f75ae5-61f2-41ce-a2dc-f36c1d1a3a9c,"7209082001000200 - UMKM - 2",7209
5a5391b1-6c36-4a7d-b01a-9c91eab14fef,"7209082001000200 - UMKM - 5",7209
675200e0-03b4-4cf4-b58f-534901bf2a6c,"7209082001000200 - UMKM - 6",7209
5f01236a-f6d4-4644-9660-8f5ae620d629,"7209082001000200 - UMKM - 4",7209
e08c71b1-05f8-49ad-8e36-18e97ef784c3,"7209060015000200 - UMKM - 1",7209
5ee283d6-cfbe-41c6-acdf-4b1b5c08da46,"7209060015000100 - UMKM - 1",7209
bd7c99df-42ad-4577-9c19-90fc13b696d5,"7209040015000900 - UMKM - 2",7209
1bc8e9f2-09cc-4046-8bf3-7ff7dc243729,"7209040015000900 - UMKM - 1",7209
9cb7d435-0bc9-483e-8d8e-ebeab0ee14f4,"7209040015000800 - UMKM - 1",7209
20a4036a-5d38-4c8e-9c40-a8c2783db1cf,"7209040015000500 - UMKM - 1",7209
a30e24a4-65c9-46ce-b390-5f00397ac054,"7209010002000500 - UMKM - 1",7209
961a9d87-9caf-48bc-8218-54e3c0e5bfd2,"7209010002000200 - UMKM - 1",7209
4d5b3cd2-e52a-4fb4-a1e9-27bf10179836,"7209010002000100 - UMKM - 1",7209
2994ccfd-f503-497a-8ca4-507df10db0bd,"7209010002000600 - UMKM - 1",7209
36c3247f-3870-49a1-93a7-6fe95793e05a,"7209010002000600 - UMKM - 2",7209
6f1a96c0-8b41-4363-b1eb-ac462c6c6d9f,"7209010002000300 - UMKM - 1",7209
5205589d-ac69-445c-bfe6-ebd309b8c013,"7209010002000300 - UMKM - 2",7209
4ee87d9b-6b8a-407b-be82-59ddde635650,"7209051016000700 - UMKM - 2",7209
b12372e4-3046-4fc0-877c-2600a0a3dbb8,"7209051016000700 - UMKM - 1",7209
80e1a12d-8108-4cb0-bc3a-111f50cbd823,"7209051016000500 - UMKM - 1",7209
3f1bd672-a5d4-401c-a05f-2e07c22fa741,"7209051016000300 - UMKM - 1",7209
4feca087-85d8-4890-bc9d-792770f23c9e,"7209051016000800 - UMKM - 3",7209
89d1b109-4b13-430e-b02f-0d90db71a4de,"7209051016000800 - UMKM - 2",7209
6bc59237-5673-4f4f-9cfe-9f0487fe806e,"7209051016000800 - UMKM - 1",7209
b0576515-1ff4-459e-bc48-fa8f93121655,"7209070008000500 - UMKM - 1",7209
aa706b08-cf05-4478-a33b-2cc5dd2deb1b,"7209070008000600 - UMKM - 1",7209
46ca367b-f0a1-4cdf-9127-7b2cbcfb5926,"7209070008000200 - UMKM - 1",7209
8de24af7-71f4-4f9a-8e44-9efb44ddbd45,"7209070008000200 - UMKM - 3",7209
da49e590-ab54-4072-b6c6-f0cff6930239,"7209070008000200 - UMKM - 4",7209
832efa54-f151-4327-a00a-bbd490faf6d6,"7209070008000200 - UMKM - 2",7209
750741b3-1cb3-4c82-b65a-f16e3d8e443a,"7209070008000400 - UMKM - 2",7209
a95a6595-bc9a-4cfd-95ec-6cd804db4777,"7209070008000400 - UMKM - 1",7209
8f30dff8-d49c-4fbb-9447-176086e71513,"7209070008000100 - UMKM - 2",7209
1f0661e5-1fbc-434a-8094-11e6fc9ba4cd,"7209070008000100 - UMKM - 1",7209
810fcc26-23ba-4689-a100-5b7a43b77d01,"7209070008000100 - UMKM - 3",7209
0fd0a5e4-9ef1-4620-8bed-eff14aed82bd,"7209070008000300 - UMKM - 1",7209
59d08765-300e-4462-b18c-8f46bddf8501,"7209040010000600 - UMKM - 1",7209
6f4128e4-0d4b-4e2e-b546-a9f55445d0eb,"7209040010000900 - UMKM - 1",7209
c9549929-95d2-4ccf-bd04-4979e4dd528c,"7209030016000400 - UMKM - 1",7209
0dd3eee7-f432-47c8-acd0-397c9d39ecad,"7209030016000400 - UMKM - 2",7209
c7569b3f-7fea-45ce-bd66-65946f2d3fc3,"7209030016000100 - UMKM - 2",7209
8a29d426-d325-45f8-a63b-649c0014d3ec,"7209030016000100 - UMKM - 1",7209
fce888d9-0c50-45ca-bf90-3b2a99ef1e88,"7209020018000300 - UMKM - 1",7209
b2621a7e-67e3-4d32-9b24-d717802a5fb5,"7209020018200100 - UMKM - 1",7209
80265f0f-2a77-401a-901a-d1214925c254,"7209020018200100 - UMKM - 2",7209
83c03da7-250b-478d-a328-1e03bbb730b7,"7209040001001000 - UMKM - 1",7209
d7281a7f-3b4a-4a04-9f8b-d7a37e937b6c,"7209040001001200 - UMKM - 1",7209
09cfda5a-0f43-4240-ab72-6f1b86bdd242,"7209040001001500 - UMKM - 1",7209
5d50b4b4-2db8-4410-b380-da72d8a9aa3d,"7209040001001500 - UMKM - 2",7209
1e0ad869-ca05-4996-b267-6403f4c01774,"7209040001000500 - UMKM - 1",7209
faaae24f-34a2-4017-aac0-5a5c309d7125,"7209040001000900 - UMKM - 1",7209
35dc3436-ed27-4378-8e46-38b4b048149f,"7209040001000700 - UMKM - 1",7209
438662ea-3ba7-474d-969f-5fb570e288a6,"7209040001000100 - UMKM - 1",7209
07074bc1-f44b-42dc-9f27-9ca1bff3d8f6,"7209040001000800 - UMKM - 1",7209
3907bdd8-fe4c-4f17-8003-e16aadcc55a8,"7209040001000800 - UMKM - 2",7209
e075dddc-75b5-4abf-aa50-9f850c254128,"7209040001000600 - UMKM - 1",7209
6af2f8ff-39eb-42bd-af8d-d52207d382a6,"7209040001000600 - UMKM - 2",7209
9ddb68d4-7c15-459e-bd7b-d53e47dd5206,"7209051020000600 - UMKM - 4",7209
240e355e-655c-414b-8451-1d61800233e1,"7209051020000600 - UMKM - 1",7209
cc08d605-6c46-4976-bdef-d2d5e074e7c6,"7209051020000600 - UMKM - 3",7209
46d870e9-eeea-48de-a9b9-59a001d8fb76,"7209051020000600 - UMKM - 2",7209
b08a4299-9659-4e72-8566-09dd6b7053fe,"7209051020000800 - UMKM - 1",7209
f4919cbf-d7b5-42a5-943c-9a4190fb6710,"7209051020000900 - UMKM - 1",7209
969416cf-a7b1-4f93-9b0a-a40c5fc8e25a,"7209051020000700 - UMKM - 3",7209
dee37939-cdf5-4a80-be9d-bc1cd863a3c8,"7209051020000700 - UMKM - 2",7209
fdb1fc84-328f-40ab-b444-0a89823186b1,"7209051020000700 - UMKM - 1",7209
fb7f41bc-a7c0-4bc8-a6f9-6ce8bfd30757,"7209051020001000 - UMKM - 1",7209
4af72f89-6645-46b1-badd-9d287ac7350b,"7209051020000400 - UMKM - 3",7209
659cf466-1a4b-4d39-9b11-a511449c39d8,"7209051020000400 - UMKM - 1",7209
85301f1b-0573-4285-bfd4-47a5c4294f71,"7209051020000400 - UMKM - 2",7209
f5d55545-da06-4e54-bcc1-a6e537a08f25,"7209051020000200 - UMKM - 1",7209
4047f0fa-8b6c-4a25-b310-5c4186770ace,"7209051005001000 - UMKM - 1",7209
3b2c4a1a-6575-4cb0-ab8d-70670a42d554,"7209051005000100 - UMKM - 1",7209
61fa26cf-ef88-4f74-9de8-1cc7f4051b01,"7209051005000702 - UMKM - 1",7209
69a8dd63-8647-4fac-a978-d7d3ea21a904,"7209051005000701 - UMKM - 4",7209
2f155c1b-05ab-4723-bfc5-c7da4b7294b6,"7209051005000701 - UMKM - 5",7209
c2e893da-2b80-4521-a731-3a07bc2f6a83,"7209051005000701 - UMKM - 2",7209
69dad420-15b0-41cf-b59a-1a4428f089e7,"7209051005000701 - UMKM - 1",7209
f5a817a1-a7c1-4af8-8a0f-d8ba0406f013,"7209051005000701 - UMKM - 3",7209
766d5072-fea7-4f8b-a219-67b84d271cbb,"7209051005000300 - UMKM - 1",7209
6adf89cb-8dff-4d7c-960b-a51351c7a3a6,"7209051005000500 - UMKM - 2",7209
8c1283e0-6da7-4389-90ff-15d3cc4a8ec0,"7209051005000500 - UMKM - 1",7209
d37b6ee1-f814-4637-8f12-d292cdd85253,"7209051005000400 - UMKM - 1",7209
48d362ba-5137-4f43-b2f2-9ed562265f21,"7209051005000600 - UMKM - 1",7209
cda19759-4a6a-4184-9a42-ed3380d1d03d,"7209040013000300 - UMKM - 1",7209
f5011c95-7c08-4195-b5a0-3359c58098be,"7209040013000300 - UMKM - 2",7209
1e6ea91e-f2f1-4b86-9416-4d83603e5cac,"7209040013000700 - UMKM - 2",7209
10e03a2a-3f7a-48c1-a21b-3916ed9e8c57,"7209040013000700 - UMKM - 1",7209
b435ab6e-faf0-4940-9d4c-7a8e6b8e2f3d,"7209040013000100 - UMKM - 1",7209
9582ed61-0425-4beb-bc2e-e24c1a7045b8,"7209040013000100 - UMKM - 2",7209
8f226074-90a2-48fe-ad28-aa2dfe1d7ff6,"7209030014001100 - UMKM - 2",7209
c1a6226f-dad0-4acf-bcc0-1b4f21e391d4,"7209030014001100 - UMKM - 1",7209
ce156954-84fb-42d3-b08c-2d52fde152e5,"7209030014001100 - UMKM - 3",7209
9da36472-73c6-4611-90ce-49bf456b4c79,"7209030014000800 - UMKM - 2",7209
aead07de-eeee-4ac5-a0ff-bc3134fee21b,"7209030014000800 - UMKM - 1",7209
76ec0067-fa6d-499b-a1d1-6d4facfbc001,"7209030014000200 - UMKM - 2",7209
c698cfc9-2fc9-40ff-8d22-c7477a237e5d,"7209030014000200 - UMKM - 1",7209
814df69e-183d-4204-94a0-b15ab538659a,"7209030014000600 - UMKM - 1",7209
182ee699-0270-4057-ae40-78e1ec4936d0,"7209030014001000 - UMKM - 3",7209
aac94eca-5a2b-4474-93ec-3fb892d6696c,"7209030014001000 - UMKM - 2",7209
1aba98d9-69af-417e-bddb-9e344983adbd,"7209030014001000 - UMKM - 1",7209
154bb3fc-dc38-4987-b6f0-3d82873c6cfb,"7209030014000100 - UMKM - 4",7209
6c3ec0b1-25b7-45d7-9dff-7c9486aac7af,"7209030014000100 - UMKM - 2",7209
bbd6359a-f955-463c-b216-a41e238ea82a,"7209030014000100 - UMKM - 3",7209
55b10aad-5129-410d-9e1f-cd4f6e0dbbcb,"7209030014000100 - UMKM - 1",7209
36a28ea1-cd01-4f6d-a1c6-2d5db7f5fcfc,"7209030014000900 - UMKM - 1",7209
bc717d75-9767-4547-9eec-2fd9c47dc4b9,"7209030014000300 - UMKM - 3",7209
89e9d679-0576-43c2-8f76-10d0d0d01b87,"7209030014000300 - UMKM - 2",7209
ae154507-712b-4a68-9230-b13b6792640e,"7209030014000300 - UMKM - 1",7209
1b16abbc-5183-4a6e-9049-8d8e2f73a0e9,"7209020020000600 - UMKM - 1",7209
8398f089-4842-431d-80c1-5373cc8a32cc,"7209020020000600 - UMKM - 2",7209
d1da04aa-d530-43cb-9b71-2f76e85367bb,"7209020020000100 - UMKM - 1",7209
e1915934-e72a-47d7-85eb-5c00f02cec72,"7209050002000800 - UMKM - 1",7209
559af97d-3b9e-4551-a1b2-f413e1272386,"7209050002000800 - UMKM - 2",7209
66468c34-3fd4-483b-9b4c-ade47d8c1221,"7209050002000500 - UMKM - 1",7209
98c2b1ec-cb4f-4520-858f-7c2b2518f518,"7209050002000700 - UMKM - 2",7209
c4252097-eed3-406d-bf49-e26b606f7816,"7209050002000700 - UMKM - 1",7209
c9dc0305-8d60-4e91-a6c5-a3e8a37205af,"7209080007000200 - UMKM - 1",7209
ef2de688-bdb6-4868-af9b-81d5ab498e49,"7209051006001100 - UMKM - 1",7209
b8a69c83-a090-4258-9657-b29477711b80,"7209051006001200 - UMKM - 1",7209
4312bc18-3082-4d9a-bd1c-1540860745d7,"7209051006000900 - UMKM - 1",7209
653e79c4-632d-45b0-abaa-92133a8523f9,"7209051019000601 - UMKM - 2",7209
e11774ca-9a95-47c7-928e-3715fd626e01,"7209051019000601 - UMKM - 1",7209
ab5d9150-3819-4e5a-a9bf-cbf010c87c50,"7209051019000601 - UMKM - 3",7209
b330cac8-0ea5-49fd-bf05-62ae15d1f2a3,"7209051019000200 - UMKM - 1",7209
484ca531-aa13-40ab-9c25-6eda923fd488,"7209051019000800 - UMKM - 2",7209
7839d646-f85f-409d-ac82-7cdca0cadfa5,"7209051019000800 - UMKM - 1",7209
3331f550-534e-4178-ac0f-69f3e7e7a965,"7209051019000400 - UMKM - 1",7209
e834b66f-8bcd-45ae-a5b7-deffb0bf0424,"7209051019000300 - UMKM - 1",7209
93188095-ec6e-4893-a7c6-814a310357ec,"7209010001000301 - UMKM - 1",7209
ec2a2298-6707-4cd2-ae79-9441b65dc90e,"7209010001000100 - UMKM - 11",7209
027445f1-dcfe-48f0-ae47-68a3e71174c1,"7209010001000100 - UMKM - 10",7209
6c22be9d-d987-426f-8715-5eae5bdb7af2,"7209010001000100 - UMKM - 9",7209
87cca1ef-291b-4cbd-b4ce-f3813e6ce3e5,"7209010001000100 - UMKM - 8",7209
24f96be5-7deb-4007-8586-39129f24231f,"7209010001000100 - UMKM - 7",7209
f4c894da-60e9-4422-9c79-41067de66026,"7209010001000100 - UMKM - 6",7209
4163e92c-ac3f-4107-8fb0-0d898261c0d6,"7209010001000100 - UMKM - 5",7209
4aafddcf-f980-4ed3-bd60-6886c7ce455f,"7209010001000100 - UMKM - 4",7209
7eb37156-b5ae-4abd-bdaf-00b336ed0c22,"7209010001000100 - UMKM - 3",7209
e45a7f49-6fb9-462e-b334-a5479b74d1c2,"7209010001000100 - UMKM - 2",7209
b3c5aace-a167-4d5b-b4ab-6ffb450dd797,"7209010001000100 - UMKM - 1",7209
1f2ea67a-8d8a-4aae-9b26-a85175ba0d1b,"7209040006000200 - UMKM - 1",7209
4a74db51-0a06-4ffe-aa1d-ed132db416f9,"7209040006000400 - UMKM - 2",7209
21ab510b-4f6e-420a-ac0b-1b3ab170dc79,"7209040006000700 - UMKM - 1",7209
ff468efb-12b5-442f-99b0-ebb892fdd7e8,"7209040006000400 - UMKM - 1",7209
53432e71-76e4-4c6f-a81e-b393205dac53,"7209040006000100 - UMKM - 1",7209
e7739a91-d38f-4673-af33-655452cf44db,"7209040006000100 - UMKM - 2",7209
b835c93a-6c50-43fa-a5bb-170677073907,"7209040006000200 - UMKM - 2",7209
45619839-f319-4df8-adc7-eebeb6e07dba,"7209050004000300 - UMKM - 1",7209
b71a215d-f11e-4b45-87e6-2be1c5aa06b2,"7209050004000600 - UMKM - 1",7209
c7a43cc1-16bf-4e07-887c-ad43533d8ba2,"7209050004000100 - UMKM - 5",7209
c5976349-b68c-4d04-958c-fe71de27a6eb,"7209050004000100 - UMKM - 4",7209
4104cb69-1950-49dd-a4c9-118d7d104819,"7209050004000100 - UMKM - 3",7209
721a2a12-ae24-4f53-bc89-b4149e5a714d,"7209050004000100 - UMKM - 2",7209
94c191a3-6566-4a64-b7e8-aa45f601e0c2,"7209050004000100 - UMKM - 1",7209
2f336cd7-5eec-4ff2-a534-8b2cad38ace4,"7209050004000900 - UMKM - 1",7209
6f5e794d-5c90-4260-88e9-673ab08c3088,"7209050004000200 - UMKM - 1",7209
23d76bfc-0d4f-4306-8e7d-e23a73806f5e,"7209050004001000 - UMKM - 1",7209
b6ab3bb2-75ad-4b99-9272-1ab091a06398,"7209050004000700 - UMKM - 1",7209
dea5d510-fc6b-4b87-98b6-7eeedd7ac183,"7209050004000800 - UMKM - 1",7209
2d191217-841a-4c52-b709-d0fcb5ca887c,"7209050004001200 - UMKM - 1",7209
e3369beb-342b-4ccb-b26a-1645cb56ca14,"7209050004000500 - UMKM - 1",7209
d14adb72-0709-4ba4-a38c-f9e63a3ce684,"7209050004000500 - UMKM - 3",7209
641f1198-8000-48ce-9077-5da6dd6f41ee,"7209050004000500 - UMKM - 2",7209
5d11312e-3bb1-4daa-bcf4-04a7f6c03919,"7209051007000500 - UMKM - 1",7209
ef7cdae1-edb3-46fa-af39-a39b52a5bc8d,"7209051007000500 - UMKM - 2",7209
a9dc9911-26da-466f-9c6c-f214ec82515c,"7209051007000300 - UMKM - 1",7209
675df51a-0a27-47c4-99b9-85dd2e7c10ee,"7209051007000101 - UMKM - 1",7209
b0ca9991-3474-4b54-a764-f85b41937a35,"7209051007000600 - UMKM - 1",7209
d18e48ec-7b73-4535-8f7c-98823c1f8ecf,"7209051007000600 - UMKM - 2",7209
6a76957a-ed7d-4acf-a8a4-09361a1e2f06,"7209051007000400 - UMKM - 1",7209
d92dcfba-9ec0-4a34-aac8-3f241617d041,"7209051007000400 - UMKM - 2",7209
0e75ca1f-2762-4b62-9f79-b9bfbbeaed52,"7209051007000800 - UMKM - 1",7209
7b1a522d-e4e8-41c9-b1f8-b43dffbb4b4d,"7209051007000800 - UMKM - 3",7209
ad7deacf-5d1a-467c-a715-4c6eac420a7f,"7209051007000800 - UMKM - 2",7209
790827fc-00cf-4bb6-b38b-dce68bc1c369,"7209050001000100 - UMKM - 4",7209
b6a263a0-2f2a-4276-be72-d8ac23aa9642,"7209050001000100 - UMKM - 3",7209
21e10ff4-ee2f-49f7-8e25-13f9962c62f4,"7209050001000100 - UMKM - 2",7209
aec352b2-ff2f-4b29-8402-c98acb7f4dcb,"7209050001000100 - UMKM - 1",7209
76260a44-938d-4dae-abf1-bdf83a2cb2dc,"7209050001000800 - UMKM - 1",7209
1058fee2-6605-43da-8b3b-c0c3d96b2fff,"7209050001000800 - UMKM - 2",7209
95292356-0ac7-492c-8fdf-b9e9926b81a6,"7209050001000300 - UMKM - 2",7209
a9c17b5c-e83d-4ca0-b8a2-1a06c988ca92,"7209050001000300 - UMKM - 1",7209
d6103d16-0d3e-4db6-b6eb-9d01d8497020,"7209050001000300 - UMKM - 3",7209
5ba3db09-e3b2-48c1-a0a8-a5c5598774e1,"7209050001000602 - UMKM - 1",7209
6b5d435c-bfed-4a8b-ba6d-f1e2f4723101,"7209050001000400 - UMKM - 2",7209
054ed602-c733-437e-85d1-803642d24315,"7209050001000400 - UMKM - 3",7209
bfeb73e2-a54e-49cd-9f59-58c1bbc4b8ab,"7209050001000400 - UMKM - 4",7209
7709d930-f05b-4443-8253-c45a9dc7c0ff,"7209050001000400 - UMKM - 1",7209
dced02cf-8736-4d93-994a-d1a306437a5d,"7209051008000100 - UMKM - 1",7209
9da1489f-84fd-42ac-977b-19cc35b020e3,"7209051008000700 - UMKM - 1",7209
a2857702-6299-4ace-b378-dd432d031ce8,"7209051008000600 - UMKM - 1",7209
a4781177-ebe7-4f92-b9d0-8984e6951b4b,"7209051008000400 - UMKM - 1",7209
5ccc42ea-c941-4806-aa74-cacc3d1c99c9,"7209051008000800 - UMKM - 1",7209
ca1f0e92-2067-48bb-b791-ed12e13be32b,"7209051008000800 - UMKM - 2",7209
ca27f5d4-7575-4fba-b654-99007d9e7456,"7209051008001000 - UMKM - 1",7209
845e018a-1911-4ba3-af4c-39c0a0c1cdba,"7209051008000300 - UMKM - 1",7209
801a0cd3-6288-4532-b2c2-b9002f03866a,"7209051011001000 - UMKM - 3",7209
229585a5-998b-4e14-b088-f56c8ba7dac9,"7209051011001000 - UMKM - 2",7209
f2102483-7918-4870-a481-d01bc15e1b8f,"7209051011001000 - UMKM - 4",7209
3d8902e7-4a3c-49cb-b57d-9e066769732d,"7209051011001000 - UMKM - 1",7209
7c1dd184-f514-4432-8f15-93cc965af5a9,"7209051011000300 - UMKM - 1",7209
1d995ed7-9077-4a3a-b822-defc3ffa900c,"7209051011001200 - UMKM - 1",7209
a85287eb-4615-4a39-b901-3bb25b7c7f0b,"7209051011000700 - UMKM - 1",7209
abe5929f-dc2f-419a-b286-d510996a9b39,"7209051011000700 - UMKM - 2",7209
9f43e069-008d-4a46-ac2c-89463ac3131e,"7209051011000200 - UMKM - 1",7209
43bfd3c6-0b6b-4a3d-a76e-73b772bfc773,"7209051011000800 - UMKM - 1",7209
366b5426-24af-4dfb-aa47-661646541314,"7209051009000400 - UMKM - 1",7209
92bfc03b-0519-43df-880b-8a5d9941b9a5,"7209051009001200 - UMKM - 1",7209
10f0fba3-5472-42cf-abbb-44be9c15d683,"7209051009000900 - UMKM - 1",7209
891a4f05-6d5b-44f2-bc04-7743f4c058c2,"7209051009000100 - UMKM - 1",7209
e25ab2c8-86fd-4410-bb5b-6e5f87c60256,"7210060021000300 - UMKM - 1",7210
3115f41f-c450-4490-9067-b4f4a9d552c6,"7210020001000300 - UMKM - 1",7210
6e94c02f-6ec4-42b4-b7a0-330f0b90c69a,"7210020001000200 - UMKM - 2",7210
ccdc551c-0aa4-430d-be11-95078a3ba377,"7210020001000200 - UMKM - 1",7210
2e0f9110-1347-4791-8039-38977532f297,"7210140011000300 - UMKM - 2",7210
754d29a1-1f72-4e3a-b9e0-f81e43440668,"7210140011000300 - UMKM - 1",7210
daf057fb-7dd7-4b1a-bc92-8d8237a57d4b,"7210140011000100 - UMKM - 1",7210
3a115206-65cf-4b0c-a5ff-c6aa18f0e1c1,"7210140011000200 - UMKM - 2",7210
14c5f859-c299-446b-bca8-3efb4be23cff,"7210140011000200 - UMKM - 1",7210
414eb9e4-551b-40b4-acc1-0a2f54dd0c6a,"7210010019000200 - UMKM - 1",7210
08d15d03-bbc6-4191-91d8-a91b35609089,"7210150001000300 - UMKM - 1",7210
d6513838-939f-420c-864c-d92b9e2d2f4c,"7210150001000200 - UMKM - 1",7210
f4767595-0ae3-4bb5-8d4b-cb4f3c707e40,"7210150001000500 - UMKM - 1",7210
3fbb9bb6-2873-4e02-ac1c-4dd7e6a3ea6d,"7210120001000200 - UMKM - 1",7210
44db9e41-ff60-4e08-a049-bf70f9f5b611,"7210120001000300 - UMKM - 1",7210
cca2ad4a-d0a2-4533-a609-df68a209e5c3,"7210030012000700 - UMKM - 1",7210
c124c66f-26ab-4aab-a066-cc73c2661553,"7210030012000900 - UMKM - 1",7210
5be19540-843a-43ec-979d-795fd27d891f,"7210030012000800 - UMKM - 1",7210
cb4cca2b-d660-4bfc-85e1-56cd387cd953,"7210020011000200 - UMKM - 1",7210
0032a298-4be2-43b1-a08a-f7017ba95f0d,"7210090010000300 - UMKM - 1",7210
08ad6c16-2835-452c-9fb6-023387edfdc4,"7210060012000200 - UMKM - 1",7210
1bf7c3a5-35cf-467e-ad78-c6b76d4ce04c,"7210060012000700 - UMKM - 1",7210
3f66d4b8-082f-413c-be5b-832db10312c3,"7210060012000500 - UMKM - 1",7210
2df5d299-5830-45b9-a92d-d43da65a2463,"7210060012000300 - UMKM - 1",7210
e9324c25-f535-43f9-bb12-78a69a2e662b,"7210150009000800 - UMKM - 2",7210
dc5da7d4-e4d6-4d5c-9f3e-cc29a7cc8a41,"7210150009000800 - UMKM - 1",7210
66655660-c11a-467b-8a10-e95731126dce,"7210150009000200 - UMKM - 2",7210
957df791-012d-46d6-b068-34618e11cd77,"7210150009000200 - UMKM - 3",7210
62c96787-ddee-4bdf-9baf-fb5dede69deb,"7210150009000200 - UMKM - 1",7210
c8b70a33-db54-4411-8d0e-70b42795c3d1,"7210150009000400 - UMKM - 1",7210
ed932f96-69c8-4cba-a459-d7ca7829b0e3,"7210150009000400 - UMKM - 4",7210
8d59f41b-2a02-4c9d-97eb-a768f43436fa,"7210150009000400 - UMKM - 3",7210
c164bcee-4ed2-4088-831a-71f94e7accdb,"7210150009000400 - UMKM - 2",7210
46ae9911-dff9-40c9-b49d-f358a0eab396,"7210150009000300 - UMKM - 1",7210
7fdf9ccd-8acc-4df7-9272-6bf231c28af3,"7210150009000300 - UMKM - 2",7210
6d8f78b6-9def-48f1-8ca5-8a1896d9d079,"7210150009000300 - UMKM - 3",7210
bffc470d-5cb5-4c1d-8f3d-8f2ce0bb8bb4,"7210150009000300 - UMKM - 4",7210
14253cd0-d265-4aee-8028-42c0e504c9b3,"7210150009000700 - UMKM - 2",7210
143b8730-4ccc-4be2-b3dc-5b75cf965e39,"7210150009000700 - UMKM - 1",7210
0bad060c-b090-4ec0-ba71-fed3df1a71de,"7210150009000600 - UMKM - 2",7210
59e6ce8a-b505-42c4-8260-e2224a570c56,"7210150009000600 - UMKM - 3",7210
7d2b0851-a6ce-4bca-9934-ab805ea284a3,"7210150009000600 - UMKM - 1",7210
5b126999-3ca8-4894-b2cf-1a577adaf927,"7210150009000100 - UMKM - 1",7210
6edde2c0-0e74-4317-847f-772cbb4a4df0,"7210150009000100 - UMKM - 2",7210
b460d50c-58cf-4415-b2b4-fc73627c653d,"7210140006000300 - UMKM - 1",7210
43257892-ddc4-4baa-b70b-537285114261,"7210140006000200 - UMKM - 1",7210
624f715d-163a-4003-b7a2-0052e1090045,"7210060020000300 - UMKM - 1",7210
79c44983-8a71-41c7-b67e-5357834cb7a3,"7210060020000400 - UMKM - 1",7210
120561fd-b1be-4d28-b501-6bedf3e1f8dd,"7210060020000900 - UMKM - 1",7210
5348fe29-42af-4218-9238-80839ba5a772,"7210060020000100 - UMKM - 1",7210
a5e2439d-ce77-4df6-afe8-c11a3c554d46,"7210080005000301 - UMKM - 2",7210
71708cbb-631a-48f3-8c2e-31e67a3c2875,"7210080005000100 - UMKM - 1",7210
aa83d0bc-48d6-49eb-8aad-5b3e5d75bc33,"7210080005000301 - UMKM - 3",7210
f922d3b4-7df9-4335-9927-a8355dcac5ba,"7210080005000301 - UMKM - 1",7210
e8c993d6-dd6d-49fd-a780-f22bddce88ad,"7210080005000302 - UMKM - 2",7210
c5a2a5af-4b10-4306-bdd3-b39de286a983,"7210080005000302 - UMKM - 1",7210
2b5e3b09-02c8-4ab8-96b8-f881ada79c41,"7210080005000301 - UMKM - 4",7210
db23acd3-fafe-48ef-b8d8-8b117bf8ae1f,"7210080005000200 - UMKM - 2",7210
31a336ea-5a1c-4cca-86af-2a8eae5d91db,"7210080005000200 - UMKM - 1",7210
ec89cb93-51cc-4140-bb17-a013c9126b9d,"7210080005000400 - UMKM - 3",7210
a64d3804-80f6-417c-b418-ab558d8ae647,"7210080005000400 - UMKM - 4",7210
1f910c73-7ac0-4926-9274-5d58b41d0ea7,"7210080005000400 - UMKM - 1",7210
ab6159ce-8cc7-4125-9d7e-5dc4a320c25c,"7210080005000400 - UMKM - 2",7210
a6a92334-a04f-45e0-bca6-09e8abd353be,"7210030009000400 - UMKM - 3",7210
737fd6ac-9296-4d89-90e4-09b41957848c,"7210030009000400 - UMKM - 2",7210
fc5438ed-1c91-4a41-b69f-49204a98f220,"7210030009000400 - UMKM - 1",7210
647b23a8-b084-43a3-889e-5532e6d79b0e,"7210030009000100 - UMKM - 1",7210
e9232b83-e14b-4f83-bca3-3784e3a53812,"7210030009000500 - UMKM - 2",7210
95523400-10e6-4244-a443-f9eac95fc30a,"7210030009000500 - UMKM - 1",7210
e31a74a2-347b-4cae-9c5e-e6e403c39de5,"7210090003000100 - UMKM - 2",7210
f9e4f819-faa0-4f28-846d-7e8d80c0a9c7,"7210090003000100 - UMKM - 1",7210
2e1711ee-402e-4332-b8b2-3051ddc8976c,"7210090003000800 - UMKM - 1",7210
1bf7c9d3-0c43-4991-9620-093a511babff,"7210090003000700 - UMKM - 2",7210
42f36175-b5a1-403d-acab-2562d4bb0dff,"7210090003000700 - UMKM - 1",7210
1cdf0123-82dc-4ec4-ad5e-aea9bd60a108,"7210090003000700 - UMKM - 3",7210
fdff43f0-014c-4ec9-8a90-6a7e311919b8,"7210090003000500 - UMKM - 2",7210
bf31f139-81a6-43cc-a84f-28be75825e1a,"7210090003000500 - UMKM - 1",7210
555cab80-1e31-40b4-bbc6-3b92a25584db,"7210090003000500 - UMKM - 3",7210
040d4407-59db-45dd-978a-f52e508cee5a,"7210090003000400 - UMKM - 1",7210
e7fe5b6a-466c-4b37-9529-13c2c2242795,"7210090003000200 - UMKM - 1",7210
e57c8a8b-6f89-4976-9eba-8d7a169e1aa7,"7210090003000300 - UMKM - 1",7210
4981d25b-df35-4346-a5e5-ed882aaa785a,"7210010013000500 - UMKM - 1",7210
8fff21fa-c88f-47ee-a2fe-aa268f077466,"7210140005000500 - UMKM - 2",7210
239a955e-eb0a-4581-97b9-04530016a755,"7210140005000500 - UMKM - 1",7210
53e218a2-a64a-4941-9085-72105c0f08ae,"7210140005000300 - UMKM - 1",7210
10f0e9d2-8a15-44ca-a9b8-b088e2d68f41,"7210121004000600 - UMKM - 1",7210
f3b69738-ca91-4d5e-a8e5-867a26956a89,"7210121004000500 - UMKM - 1",7210
d614e419-6510-441c-88b7-1e69657c5d16,"7210121004000300 - UMKM - 2",7210
bcd7d07d-c6d2-4594-bd31-67da3daeefed,"7210121004000300 - UMKM - 1",7210
cee6d87e-716b-4986-84de-2b6ba729878f,"7210030015000300 - UMKM - 1",7210
55bef4ca-fc2f-4214-9612-87e00f5ae3b3,"7210030015000300 - UMKM - 2",7210
43ab8a1f-5683-4e8e-a952-0b78ed5ddfe9,"7210090004000700 - UMKM - 1",7210
c5720e6f-feeb-46b0-9137-6b2ba9c5cbe7,"7210060011000200 - UMKM - 1",7210
e3e78558-a94f-43fa-bd37-831ea2ff5ed6,"7210060011000600 - UMKM - 1",7210
bf7b7c40-5e71-4364-9af5-622ee0b54b46,"7210150008000100 - UMKM - 1",7210
a58d34f5-10a1-42b0-afac-282ce173ad45,"7210150008000300 - UMKM - 2",7210
e226b043-5868-4281-befc-020085efbd6f,"7210150008000300 - UMKM - 1",7210
89d839d1-592a-425c-902d-c13d7dda4c78,"7210150008000600 - UMKM - 2",7210
55e1bb31-19bd-4649-93da-b5c129274fcf,"7210150008000600 - UMKM - 1",7210
9b63a3c7-ad31-4de7-a839-a87e0b2ef959,"7210150008000500 - UMKM - 1",7210
d9cc9cd9-b427-476d-a681-67bfb5689d7f,"7210150008000400 - UMKM - 1",7210
ae836af7-5997-4f86-a31c-9335f9a22bdd,"7210150008000400 - UMKM - 2",7210
c4a9c1e3-3ae6-4250-a495-cc813dd8a6dc,"7210150008000100 - UMKM - 2",7210
bc6b8fd3-3ee3-416b-ba26-81720cff930e,"7210060015000200 - UMKM - 1",7210
1a2a18b8-9fd8-4e9d-84ed-2277806a414e,"7210080009000500 - UMKM - 1",7210
76265077-1b7d-4fe0-ad3e-a7b4aa0887bc,"7210080009000100 - UMKM - 1",7210
a32548f9-a8cb-4e3c-8075-91cfd5d5e894,"7210130007000900 - UMKM - 2",7210
e981e4c2-8e55-4765-94c2-18a84cf8898b,"7210130007000900 - UMKM - 3",7210
7f5e9588-5f0c-4b5e-84b0-b1283defdcce,"7210130007000700 - UMKM - 1",7210
72e92e01-a03a-447e-aa27-0f5d5e114d70,"7210130007000700 - UMKM - 3",7210
ec0d5698-2e22-4caa-86de-55cab6d99bfd,"7210130007000700 - UMKM - 2",7210
db10d641-eb68-4a73-bb0c-34a6b2f55898,"7210130007000800 - UMKM - 4",7210
ff21bf61-60d2-417a-a9ac-ca289cdc2791,"7210130007000800 - UMKM - 3",7210
b713a985-1e53-4700-8a0e-bcaaf16c7776,"7210130007000800 - UMKM - 2",7210
61d16775-3c70-471a-91ed-52b301d9157e,"7210130007000800 - UMKM - 1",7210
c836bde6-992d-4f6d-a5c8-696af8ab64ce,"7210130007000900 - UMKM - 1",7210
251aadc3-2022-4fe8-9450-b63160098f2d,"7210130007000600 - UMKM - 2",7210
b1cd6f41-6d84-4de0-b11f-81ac0805bdc6,"7210130007000600 - UMKM - 1",7210
3a9c0eba-10d8-4d0a-a1c7-d37211313223,"7210130007000400 - UMKM - 1",7210
cc7abbda-54ad-49c4-97de-ee87fb7bd21c,"7210060009000100 - UMKM - 1",7210
93b391df-c843-4186-9b0b-bb9eb0ad970b,"7210060009000100 - UMKM - 2",7210
ff8867b5-aee5-4cda-965f-b931d8b887e8,"7210060009100100 - UMKM - 1",7210
9e8902b4-b7e6-4764-8ffa-ce84e02a4035,"7210140010000500 - UMKM - 1",7210
6adb5a50-82ae-40ea-9814-7501c54bae28,"7210140010000500 - UMKM - 2",7210
d3c2f7e6-5f29-46a5-81f4-5f5cb2147adb,"7210140010000100 - UMKM - 1",7210
762a26d2-5df8-4ec2-b5ff-d166912f0e88,"7210130005000100 - UMKM - 1",7210
97cb0345-6d11-44f8-a9f6-8e85ee068684,"7210130005000300 - UMKM - 1",7210
cefe549a-20bb-478e-8fb8-2e85e28ba221,"7210130005000400 - UMKM - 1",7210
3c094f7c-b167-42e3-a108-7f0045f159a5,"7210040001000500 - UMKM - 1",7210
27d8a3c3-57da-49bb-aa76-a4a30511160c,"7210040001000400 - UMKM - 1",7210
488d59a0-347c-425f-abf8-395911686f20,"7210040001000100 - UMKM - 1",7210
777b8210-f28c-4b5a-b394-31a9a038f062,"7210110005000900 - UMKM - 3",7210
3358b4e4-820b-4ec0-945f-aa03a45f4550,"7210110005000900 - UMKM - 2",7210
63afda85-1cc8-4482-9f5b-26fcc7d24078,"7210110005000800 - UMKM - 1",7210
a23f67e3-0757-475e-9b37-ce020271a449,"7210110005000300 - UMKM - 1",7210
3116e65c-10f5-4acd-8537-dacc091ace48,"7210110005000300 - UMKM - 3",7210
1ba25320-593d-473d-a428-b325c817c200,"7210110005000300 - UMKM - 2",7210
1dcf447b-8a76-4088-b16a-5e9f827ee7e5,"7210110005000400 - UMKM - 2",7210
77ba56fd-8ff2-480b-a949-cd74869a7e8d,"7210110005000400 - UMKM - 1",7210
2820dfc5-041c-4ebd-8306-6b4c04238e14,"7210110005000700 - UMKM - 2",7210
d081e363-5bfd-42c4-b9dd-9c80f7c2cd13,"7210110005000700 - UMKM - 1",7210
c2e6d051-f0be-466f-bf5a-e0312540cfa8,"7210110005000900 - UMKM - 1",7210
6025b24c-6dd0-48b8-ab68-775a5d5e1b10,"7210110005000200 - UMKM - 1",7210
27d7b0b5-52d0-4980-9561-1de385902f16,"7210110005000600 - UMKM - 1",7210
457d4ac9-61c1-4f27-9231-73560c195881,"7210110005000600 - UMKM - 2",7210
84d611ff-2730-4cbd-83f4-5226adf33fa2,"7210110005000500 - UMKM - 1",7210
72bd899b-35e3-4a12-ab06-1058e0561bfa,"7210140012000300 - UMKM - 2",7210
00ebac70-7660-4d50-a8e8-252a436bbac1,"7210140012000300 - UMKM - 1",7210
dbdb26bb-2f04-48f9-875b-9a3d59a24c0d,"7210090002000700 - UMKM - 1",7210
6e1f101f-9e53-48eb-bccd-4af1ea2e2765,"7210090002001000 - UMKM - 1",7210
03a8b7f7-ff4a-46d8-b52e-355eb3de9088,"7210090002000100 - UMKM - 1",7210
3e594426-4d54-42a4-b688-3500ba71302f,"7210090002000100 - UMKM - 3",7210
9c12503e-a495-4296-bfdf-b4aac7f3a705,"7210090002000100 - UMKM - 4",7210
b7557b45-ef79-4ef8-8025-d18c2c7d4198,"7210090002000100 - UMKM - 2",7210
3ff6ac3b-646d-4c74-9306-b08f0cfa988b,"7210090002000200 - UMKM - 1",7210
9207590a-a453-4830-be82-cb5735352cb2,"7210080011000500 - UMKM - 1",7210
3edf0d82-d984-4dfa-bfa5-95ffb2a78e25,"7210080011000400 - UMKM - 1",7210
d5b42ff2-7044-4081-9aea-b9179db7fa7f,"7210020002000100 - UMKM - 2",7210
1c4ee83e-0fd6-4396-ad1c-800287c766e6,"7210020002000300 - UMKM - 1",7210
4c224349-6922-43e3-b392-59b3c4d2f8b5,"7210020002000400 - UMKM - 1",7210
f03dd6af-d2e4-4886-b09c-a68f12edc584,"7210020002000200 - UMKM - 1",7210
17bf0b14-d3f0-4007-ab25-bce2bd5ab47b,"7210020002000100 - UMKM - 1",7210
a819e99b-1e12-4b9e-9ea9-f47c63321e4b,"7210020002000100 - UMKM - 3",7210
862d257c-760c-4b12-8f2e-920af2276210,"7210121010000700 - UMKM - 1",7210
79f043be-084f-4505-93ca-88ac14cbca20,"7210121010000700 - UMKM - 2",7210
b5a587f2-d49a-4638-838d-6d7e77e90a84,"7210121010000400 - UMKM - 1",7210
48f74cb5-f90f-4865-a5e0-584e71218118,"7210121010000300 - UMKM - 2",7210
6ef5f668-8ee6-40b5-8673-97346c595b74,"7210121010000300 - UMKM - 1",7210
b5ac8799-ae9d-47e4-b184-f9c47a673a69,"7210121010000600 - UMKM - 2",7210
655faeec-6799-491b-881c-3bc2ab6058fa,"7210121010000600 - UMKM - 1",7210
bdcdb0ae-d6c4-4edb-a7b0-e7eb8d1abc58,"7210121010000600 - UMKM - 3",7210
c47769cc-ade9-4143-b83c-42e8ed07a856,"7210121010000100 - UMKM - 1",7210
973d5922-ec50-4f96-ac68-ce8f4f2116e9,"7210060007000800 - UMKM - 2",7210
32f5f680-589b-42cc-9709-b1046d936938,"7210060007000800 - UMKM - 1",7210
90f31b6c-266f-4da4-88db-ae62cda950ec,"7210060007000200 - UMKM - 1",7210
c8d059a7-e5ea-4562-b645-b56dc7f80bf2,"7210060007000500 - UMKM - 1",7210
fa9578c7-d61d-4366-bcbe-55bda48dfebd,"7210030004001100 - UMKM - 1",7210
d7088589-0932-4c27-90b2-3f7e40dd743c,"7210030004001200 - UMKM - 1",7210
2520152c-29fb-4b35-9766-74049abad947,"7210130010000500 - UMKM - 2",7210
c5c34eb1-10cf-41a5-85b0-92ce77d7c94c,"7210130010000500 - UMKM - 1",7210
4b76fbf3-bd69-4784-8449-4902d59ac917,"7210130010000300 - UMKM - 4",7210
7995a0c2-1b03-455d-b05a-cf49fab0fdf4,"7210130010000300 - UMKM - 5",7210
d3c2b228-43fc-41f7-8bf5-89104b1745b4,"7210130010000300 - UMKM - 3",7210
58d5718c-8003-446e-85e8-7cd75596492a,"7210130010000300 - UMKM - 1",7210
f58f2716-1321-4a54-9b54-603e8b2c6ae3,"7210130010000300 - UMKM - 6",7210
583f4581-d7ce-4631-a12b-1a30e8c524fd,"7210130010000300 - UMKM - 2",7210
f088c78b-f884-480c-b4d8-c01744c95584,"7210130010000200 - UMKM - 1",7210
3a576377-8e8a-4768-aded-3cf0934a1fab,"7210110009000300 - UMKM - 4",7210
4e2c6d03-358f-4914-8053-49900446dd6d,"7210110009000300 - UMKM - 3",7210
aea6dd05-1c82-4066-ba67-6f38ddd7cbe0,"7210110009000700 - UMKM - 1",7210
5d94b8c4-2151-438f-b2b6-01280fead3d8,"7210110009000300 - UMKM - 7",7210
6ad9ca25-9324-41b1-948c-52a55e9a31a4,"7210110009000300 - UMKM - 2",7210
3d9a1404-34fc-4559-95bb-38ef74af4970,"7210110009000200 - UMKM - 3",7210
7b38bfca-2d25-4ac4-9686-c23f0da0652c,"7210110009000700 - UMKM - 4",7210
1e242f4c-977a-4ebb-824a-99016ef3c46d,"7210110009000200 - UMKM - 1",7210
e2b802a4-6f5b-42fe-a5d6-6dec5d412d3c,"7210110009000200 - UMKM - 2",7210
03dc43e6-b7ac-40cb-b835-af540c4ed605,"7210110009000700 - UMKM - 2",7210
2d28f266-7e01-4325-9153-1b8e50953766,"7210110009000700 - UMKM - 3",7210
e4252058-29d6-4fa0-84bd-878fd192010e,"7210110009000300 - UMKM - 1",7210
5e730aca-740c-420a-923b-3843a455ae24,"7210110009000500 - UMKM - 1",7210
dc04fc3d-086c-4e79-a912-36d8722993c6,"7210110009000500 - UMKM - 2",7210
d1a8b3ab-4b32-4cb5-ad85-d9641d903e11,"7210110009000500 - UMKM - 3",7210
6466430d-dde9-43b0-95f4-ded0186f0085,"7210110009000100 - UMKM - 3",7210
6411645a-a5ee-4f8f-885c-5fe5861bd5bc,"7210110009000100 - UMKM - 1",7210
d5cbd7f1-f54a-45d7-8eaf-850426f98f8c,"7210110009000100 - UMKM - 2",7210
c371897b-361b-44d5-aaa5-357603483ebe,"7210110009000100 - UMKM - 4",7210
f7f8a387-5ed6-4b8d-8f2e-d82f078a07a7,"7210110009000600 - UMKM - 1",7210
904d28df-59d9-4ca8-a7a8-fbb13990d686,"7210110009000300 - UMKM - 5",7210
d4f9c035-729a-4344-a43c-8e8e9359858a,"7210110009000300 - UMKM - 6",7210
0aac48b8-3470-499a-a46a-198909b486db,"7210110009000400 - UMKM - 1",7210
949e582f-1510-4a3f-9f67-c1068cb676cc,"7210080003000300 - UMKM - 1",7210
b92c97ad-155e-4a70-9f91-b3f042061acc,"7210140001000200 - UMKM - 1",7210
27cdfe9c-3bca-4c6e-a5f7-53004397ef31,"7210140001000400 - UMKM - 1",7210
9a38e613-b6f4-40ae-b758-957465badb6f,"7210140001000300 - UMKM - 1",7210
968301b6-de5c-494a-92ca-caf1da9da966,"7210040003000100 - UMKM - 1",7210
8cf935cd-4c56-487e-9433-accbfa6680ce,"7210040003200300 - UMKM - 1",7210
0c83e0d0-8888-44cc-8ddd-71a918e2a691,"7210040003000500 - UMKM - 1",7210
88c086bb-0974-47bf-b843-ce6c8990b409,"7210040003000800 - UMKM - 1",7210
23adb14c-1bcb-4143-b739-570173acef9c,"7210090008000300 - UMKM - 1",7210
718430c0-ceaa-4419-83db-c6ee4b78ad9b,"7210090008000200 - UMKM - 2",7210
1cc47b7a-993c-4137-9e4a-c030ce3396d4,"7210090008000200 - UMKM - 1",7210
347d8bb4-66c9-4e93-bbff-1c80ef02e1ee,"7210090008000200 - UMKM - 3",7210
02454825-0dd4-4ba4-a4f4-355c422787c0,"7210090008000100 - UMKM - 4",7210
e3251b27-0b72-459d-9f29-4b441278ceae,"7210090008000100 - UMKM - 1",7210
4d3997c1-3f8a-4dd4-ab53-441e39a1d88b,"7210090008000100 - UMKM - 2",7210
2bf19d26-90a1-4761-b58c-b74cdacf10c5,"7210090008000100 - UMKM - 3",7210
d9c9c3eb-4f8f-4117-a0fe-2d83fc47ae56,"7210090008000400 - UMKM - 1",7210
4c49fa43-8719-4bb9-a5a4-57f85a5a5eca,"7210090008000400 - UMKM - 3",7210
03533ec3-e97f-41fd-aca0-8723f198cf97,"7210090008000400 - UMKM - 2",7210
b0ed44cd-6f71-494a-aff2-6987684e6145,"7210090008000500 - UMKM - 1",7210
48bbd5e0-9646-4f59-9c33-735e71abb181,"7210121005000300 - UMKM - 1",7210
5e1546b4-4834-4d19-9e9f-9e5bd0080b64,"7210121005000500 - UMKM - 1",7210
a7b037cf-f495-4c6e-9dce-4d4334077700,"7210121005000200 - UMKM - 1",7210
f8673674-f962-4624-a51d-dd92f8aa5ea4,"7210121005000400 - UMKM - 1",7210
83dbbb79-5489-4754-8d01-dca474942e6a,"7210020006000200 - UMKM - 1",7210
b2493cff-28e8-45d6-a410-3cca241c0c50,"7210060008000100 - UMKM - 1",7210
15651c24-9da8-4ecb-a83b-f1d118f1f7e7,"7210060008000100 - UMKM - 2",7210
9380d199-6486-4b4a-863f-3f1f8e5ed5c1,"7210060008000200 - UMKM - 1",7210
c8ecf2d0-b81b-4791-b4df-47886b2777a4,"7210030016000400 - UMKM - 1",7210
59dfa775-7001-4961-bf22-1ede37c6bdd9,"7210140007000100 - UMKM - 1",7210
1c207aff-beb4-4310-b4c1-d8bc19058d3b,"7210140007000200 - UMKM - 1",7210
d3f5dca3-cd56-4a05-97cc-88b2bd0ad473,"7210070003000200 - UMKM - 2",7210
1c7eb222-4f84-47b9-81f8-f2f07ae47b22,"7210070003000200 - UMKM - 1",7210
0cbf62ae-f466-4e7a-b6ba-5326838079a7,"7210070003000400 - UMKM - 5",7210
f1723232-9ba2-42ba-8766-fe1ec1e5d732,"7210070003000400 - UMKM - 1",7210
2da52d10-7e6a-49fe-9527-6f617f0c8a6b,"7210070003000400 - UMKM - 4",7210
dfa7087b-f621-4a79-b85a-ceca5df260a0,"7210070003000400 - UMKM - 2",7210
2c074e85-4744-4286-ba02-a77643415a12,"7210070003000400 - UMKM - 3",7210
1a5f7f51-bff1-4351-99a3-c5e9d0ca3673,"7210070003000300 - UMKM - 1",7210
ed8fce9a-1a04-47ac-91ea-78d02d4bf40a,"7210070003000300 - UMKM - 3",7210
e7769c18-27fe-4728-ac89-77c624b467f5,"7210070003000300 - UMKM - 2",7210
a3d5bb9e-b8d1-486c-83df-57364e0f4866,"7210080007000200 - UMKM - 1",7210
e58d144c-8f1a-46fc-9980-215721f3bcdc,"7210020012000300 - UMKM - 1",7210
2efc01cf-97fb-436a-9f67-0b7265e93392,"7210060013001000 - UMKM - 6",7210
e80e8086-aa32-4cda-9298-f46c5b840617,"7210060013001000 - UMKM - 2",7210
693417fc-5d33-4acb-b1b5-08f0d3d85862,"7210060013000500 - UMKM - 1",7210
6bc23a7c-ef4a-4673-943f-0e4e37c32d3e,"7210060013000500 - UMKM - 2",7210
5b6285a4-debe-4af2-865d-643e57f1c851,"7210060013000500 - UMKM - 3",7210
1699426c-a583-4fd7-a598-d21023bd9ca6,"7210060013000600 - UMKM - 1",7210
2b436493-e931-4343-a911-508e1837dd04,"7210060013000600 - UMKM - 2",7210
0360876b-9979-419f-acae-7c35beec86f5,"7210060013001000 - UMKM - 1",7210
d18401ea-c078-4582-9de3-43c92ee6fdd4,"7210060013001000 - UMKM - 3",7210
3a9e6451-6044-4b2f-91dc-9d3180d0fdfe,"7210060013001000 - UMKM - 5",7210
b12a1105-bdf5-4683-a54d-bad8519afdd6,"7210060013001000 - UMKM - 4",7210
e5a22667-e8de-43d4-9ae3-87d868ebfe21,"7210010009000100 - UMKM - 1",7210
1cbda663-39c3-4cef-9445-706c9cc9c1a1,"7210010009000600 - UMKM - 1",7210
7a91d3ee-c75a-4af4-ac2e-cfbce9079361,"7210040004000600 - UMKM - 1",7210
70d228bb-1ae3-4219-a362-54b64922576d,"7210130002000100 - UMKM - 1",7210
aca15c90-8440-4600-8887-0c95c062af44,"7210150010000100 - UMKM - 1",7210
8e82ae74-2c3e-413d-97b1-597210b543fd,"7210150010000300 - UMKM - 1",7210
76329c67-5905-4c8d-bf15-a665c05eacc5,"7210030005000300 - UMKM - 1",7210
6893db70-090e-4920-8405-ef88ed13ad46,"7210070001000700 - UMKM - 1",7210
3c4d46cf-722b-4dad-8367-a423a21304ac,"7210070001000600 - UMKM - 5",7210
0d8ba59e-6e3f-462a-82f7-83edd33efcef,"7210070001000600 - UMKM - 1",7210
c6b89158-c8f0-4467-bbbf-c30bdf9cf761,"7210070001000600 - UMKM - 4",7210
799fe4d4-dc36-4c5a-92bb-0aedb2bec2d9,"7210070001000600 - UMKM - 7",7210
7f5ec973-bc17-4c99-9a8d-15362e6ccdf7,"7210070001000600 - UMKM - 3",7210
897aed2b-f5a5-4469-92b6-6bb1c7ca203c,"7210070001000600 - UMKM - 2",7210
84ccf6da-69b3-400d-918a-a139c7617ef8,"7210070001000600 - UMKM - 8",7210
39ec13db-9550-4f20-9eac-2d1326a5b544,"7210070001000600 - UMKM - 6",7210
6d4a413c-fbfd-4945-86a4-9ad867c6a879,"7210070001000300 - UMKM - 1",7210
842bfc55-83f3-4973-97e7-6bee5d5d4efd,"7210070001000900 - UMKM - 1",7210
e7f5b21d-4928-4689-89ef-7c2617a868f2,"7210050002000300 - UMKM - 3",7210
0a79dd7d-2723-41e5-9f04-0ec74f72a660,"7210050002000300 - UMKM - 1",7210
499850e3-9a5f-41ba-ae48-176f829e0fdb,"7210050002000300 - UMKM - 2",7210
4d8534f4-6536-495e-8666-6e36e169f32d,"7210050002000200 - UMKM - 2",7210
ae0bbd45-29d5-456f-ba7f-113136d8d67c,"7210050002000200 - UMKM - 1",7210
f021463c-8296-41c5-a569-d87bcac3cc25,"7210050002000900 - UMKM - 1",7210
3734d1e3-fff6-441a-9c70-4d634eaf54a5,"7210050002000900 - UMKM - 2",7210
9f61f11b-b595-4e17-a904-456309f2802d,"7210080010000400 - UMKM - 1",7210
6cee5d7d-3940-4934-ab98-44d14c1c68b7,"7210080010000100 - UMKM - 1",7210
681e13b4-8094-4568-a418-66b5ad3ab607,"7210010017000200 - UMKM - 1",7210
42ba1cac-be24-4da2-a9ce-c16cf80edfec,"7210020004000200 - UMKM - 1",7210
3e1d2384-cf82-460f-a742-f6dd54d784d6,"7210020004000300 - UMKM - 1",7210
b4488383-7f88-439a-9c9a-b2a3ea9320ae,"7210020004000400 - UMKM - 2",7210
6f2a765a-7127-4f1e-ae05-598f1a0bcc52,"7210020004000400 - UMKM - 1",7210
350b6732-7a89-4f5d-827b-8ca0c5367556,"7210070007000500 - UMKM - 1",7210
a8e58301-dc90-419e-b3cd-77967a99d0fd,"7210070007000400 - UMKM - 1",7210
9ac060c0-b488-4077-8fa5-32592c05071a,"7210010006000400 - UMKM - 1",7210
eca94a83-d1cf-4368-9f01-efae43d54e4b,"7210110010000100 - UMKM - 4",7210
aebcc8e5-f858-4a4d-92a9-1fe9b245352d,"7210110010000100 - UMKM - 5",7210
ae327f08-5e74-430a-b68c-04fdf22f1b78,"7210110010000100 - UMKM - 2",7210
620bc588-f50b-4300-9ed2-a1f5d0ca22e5,"7210110010000200 - UMKM - 1",7210
e7d554fd-37e4-4638-a3a4-2637113e4d2e,"7210110010000100 - UMKM - 1",7210
58f71409-022a-42e7-abcb-a29813d40d79,"7210110010000100 - UMKM - 6",7210
02a6ed09-2f4e-43be-90e4-ac379f348b42,"7210110010000100 - UMKM - 3",7210
ac4a6992-9556-4871-94e5-a804e8e56d15,"7210110010000300 - UMKM - 1",7210
0304999e-0725-4e58-a099-d11602b83979,"7210110010000400 - UMKM - 1",7210
56f34bc1-7fbd-4ed3-8b72-ab437c80342f,"7210060014000200 - UMKM - 1",7210
5e374b0b-13cf-4f77-88a1-5c53a915f85c,"7210060014000300 - UMKM - 1",7210
0f1a7bb8-434f-444f-8560-5c5856eac969,"7210060014000300 - UMKM - 2",7210
07ad6940-b4cf-4078-b176-51977a84a91b,"7210030008000400 - UMKM - 1",7210
cbe8f87a-f0ea-467a-9640-c747c81e8b49,"7210030008000400 - UMKM - 2",7210
e4a84da8-3118-4020-bfb6-dde696d8c497,"7210060005000600 - UMKM - 1",7210
97f4bfa1-9d6d-4a2c-bd38-fc1791e5cc04,"7210060005000700 - UMKM - 2",7210
f8e919ea-7bec-4f19-afb3-ff0e55313e28,"7210060005000700 - UMKM - 1",7210
ee068536-1266-4b84-a2d5-b466cd08a131,"7210060005000300 - UMKM - 1",7210
87da2469-2fe4-4c0e-b5f7-84e5fb6a0959,"7210060005000100 - UMKM - 1",7210
d80091cd-d0e4-4a1d-a52c-650ac231322c,"7210060005000400 - UMKM - 1",7210
5ca81f1a-5624-4cac-8773-6f3a5b6170ca,"7210060005000900 - UMKM - 1",7210
f885f54c-47ef-4ba7-9550-197b6079ea58,"7210120016000600 - UMKM - 3",7210
acb9b574-bfad-4099-95c0-47b286746325,"7210120016000600 - UMKM - 1",7210
9f4a8bd2-59a6-4000-9bbc-85eb8bf63241,"7210120016000600 - UMKM - 2",7210
814da2d2-6b7e-46a1-8538-7621e0011b85,"7210120016000100 - UMKM - 1",7210
5a3853f9-ae01-4663-9b30-3221d5f4b9e8,"7210120016000200 - UMKM - 1",7210
f07009f8-78c1-4baa-b31a-3566b87e9110,"7210121003000300 - UMKM - 1",7210
77d82b1d-ced8-4b39-bc30-be4acdcce4ea,"7210121003000300 - UMKM - 2",7210
ed480558-b855-4c8a-96e3-be4994091a22,"7210121003000300 - UMKM - 3",7210
5d7a2d62-443a-430a-8315-9619f1afec51,"7210121003000500 - UMKM - 1",7210
13227a3a-1547-4216-b9fa-c13920fb9a64,"7210121003000400 - UMKM - 1",7210
dcce1ab1-1c24-464a-b942-042685488351,"7210121003000100 - UMKM - 1",7210
6fbd85d8-eca6-4c77-8620-4d99ac778e5f,"7210150005000600 - UMKM - 1",7210
20f4056a-cb36-4b8b-865d-50f2433764a9,"7210150005000600 - UMKM - 2",7210
7f0b2058-c9c1-45b0-abb9-49485ac21bbb,"7210150005000100 - UMKM - 1",7210
5ffc4a74-f934-44f6-ad36-1b9baf845857,"7210050001000100 - UMKM - 1",7210
f7fad1be-4d2f-4ba8-a28e-5f722f26764c,"7210050001000700 - UMKM - 1",7210
57a03abd-72ea-42bc-a66d-a58e1fd459f7,"7210050001000300 - UMKM - 1",7210
2448ce0d-98bc-41bb-9c71-87d2decb68a0,"7210050001000500 - UMKM - 1",7210
bf584607-cee6-4937-8fa8-8f5ccfea406c,"7210020010000500 - UMKM - 1",7210
6adefc0b-035b-4367-944b-41e14331aa10,"7210100001000300 - UMKM - 1",7210
ed65e4b7-a0c4-4118-91c9-45c7df3530aa,"7210100001000700 - UMKM - 1",7210
349c16e3-070f-489e-8da7-db67305a8c24,"7210100001001000 - UMKM - 1",7210
6194b72c-0125-431d-a054-da283bbfabe7,"7210121009000300 - UMKM - 2",7210
069a5e60-ec0a-451a-be01-3dd2acda9d3e,"7210121009000300 - UMKM - 1",7210
c300bcb4-e610-45c5-abce-7a9fb7475533,"7210121009000600 - UMKM - 1",7210
2a7d155e-6cda-40e3-b0c0-304d7167db38,"7210121009000700 - UMKM - 1",7210
7c358a60-16e5-4230-a00b-14e9e2a3ba1b,"7210060001000600 - UMKM - 1",7210
2d1aa362-c685-42b8-9c97-69cdba817351,"7210150004000600 - UMKM - 1",7210
6c88bf30-4e0f-4a9b-91a5-62e88c20baa6,"7210150004000700 - UMKM - 1",7210
f8b41e5f-0c59-4283-9a80-57a505de17f5,"7210150004000400 - UMKM - 1",7210
2beaeeca-89fb-4e86-bb7c-8d859a1a34f4,"7210150004000300 - UMKM - 1",7210
068f7f91-e03a-4e35-ad08-9492ecd27afb,"7210150004000500 - UMKM - 1",7210
fde770ff-7e16-479b-98fc-e4652aa93af3,"7210121008000400 - UMKM - 1",7210
76a3e4ad-3dd8-43f0-94a5-853af136584b,"7210121008000200 - UMKM - 1",7210
9bf4d7d4-8645-4c38-8297-ef96a92b789e,"7210080006000500 - UMKM - 1",7210
c92a96b7-9d66-43c7-81c0-cf73ff3ad532,"7210080006000500 - UMKM - 3",7210
27ca7db5-3ac1-47e1-8bfa-cd8cd94ae28c,"7210080006000500 - UMKM - 2",7210
b2bc30f9-4a2b-4ad5-a476-152bb1254027,"7210080008000400 - UMKM - 1",7210
2667e37a-330d-46dd-bd0a-2631033ab0bc,"7210080008000100 - UMKM - 2",7210
58086fb6-330d-46f9-a578-c5a65a19c0da,"7210080008000700 - UMKM - 1",7210
eee32432-ac3f-4a8f-8c67-5e9eaea7f9b7,"7210080008000100 - UMKM - 1",7210
6074086b-f965-4ffe-acd1-4045f451cfb6,"7210050003100200 - UMKM - 2",7210
5764b650-07c7-4205-a02f-1470e56de88b,"7210050003100200 - UMKM - 1",7210
14d40794-ccc1-4418-b77d-a09555fe730b,"7210070002000200 - UMKM - 2",7210
a0222ac7-1789-4d0d-8ef3-2c282958c510,"7210070002000200 - UMKM - 1",7210
d9c0df95-68fc-417d-9ae5-295536705c25,"7210070002000300 - UMKM - 1",7210
87494dd5-22a9-4d03-a0f4-95160e4fe033,"7210070002000500 - UMKM - 5",7210
9d01c9f1-f03c-4d2c-a0d4-3450c3a5e858,"7210070002000500 - UMKM - 1",7210
0287bef0-6714-45a6-94e4-b094ee2fa2ed,"7210070002000500 - UMKM - 2",7210
f5850feb-8816-48d5-a9ba-b725277c15de,"7210070002000500 - UMKM - 4",7210
3d78c0aa-2589-4f9d-a48e-d364c7109730,"7210070002000500 - UMKM - 3",7210
76d6562f-c9a0-484b-aae2-fab6e1302618,"7210070002000400 - UMKM - 3",7210
9bc712dd-c508-4ac3-8bfc-c306591cafa0,"7210070002000400 - UMKM - 2",7210
b7603c01-a1b4-4ee6-ac97-075521d9e72c,"7210070002000400 - UMKM - 1",7210
3b0069a3-e901-4a0a-a2ef-50aaf903e464,"7210070002000100 - UMKM - 2",7210
2f02aad7-b1e7-423e-a793-0f05dd18f77e,"7210070002000100 - UMKM - 1",7210
70786df5-65c9-4dd4-92c2-3d40cf608904,"7210100005000100 - UMKM - 1",7210
5a75ca83-7b0f-4dca-ab10-3388b8fb9ce6,"7210100005000500 - UMKM - 3",7210
81087aca-f93a-4331-8ab5-923089735afc,"7210100005000500 - UMKM - 1",7210
82f9f251-8c6d-4d6c-9d52-226a7ac3c563,"7210100005000500 - UMKM - 4",7210
a93ada0f-dc20-48e5-a28f-dec5bbb56a63,"7210100005000500 - UMKM - 2",7210
1ee91b31-c30d-490b-b683-4e4da477755e,"7210070005000200 - UMKM - 1",7210
3ec24c0e-fc97-46eb-be0e-3bb2391e1415,"7210070005000200 - UMKM - 2",7210
faf9e6f1-b0f0-4ed8-87d8-594e14101407,"7210070005000400 - UMKM - 1",7210
1b197c09-d55d-4ccf-9666-52025a529d16,"7210070005000400 - UMKM - 2",7210
6bdcae7f-8207-4623-8695-2e0b15a8ee62,"7210070005000300 - UMKM - 1",7210
6adbec84-9de7-4e3c-bced-2baa9c35ea8e,"7210120011000500 - UMKM - 1",7210
1f572b32-805c-4e28-bc98-e9014a47b29a,"7210120011001900 - UMKM - 5",7210
b9897642-cbcf-4ba3-8cf9-ffb8400be738,"7210120011001900 - UMKM - 2",7210
db2b7014-a88a-40eb-8d68-1d4138212db2,"7210120011001900 - UMKM - 3",7210
b2e40552-b5c8-430b-8d00-e1f2f85131c9,"7210120011001900 - UMKM - 4",7210
e2c8927e-e3ab-4307-8a83-028c3d764ce4,"7210120011001900 - UMKM - 1",7210
10bb529a-f983-459a-ae60-69a7bd1ea8bc,"7210120011001400 - UMKM - 1",7210
ab18469e-f93f-4b83-bc6b-e81817079c57,"7210120011001400 - UMKM - 3",7210
06a90cb9-8095-4168-9c76-17c89c47e5b2,"7210120011001400 - UMKM - 4",7210
7f9c5f09-74ee-4627-b366-326b2f149736,"7210120011001400 - UMKM - 2",7210
fe606b5d-dc94-4ab8-8c31-b75b0d7fe3ff,"7210120011001200 - UMKM - 1",7210
134a22fa-a62f-4cb8-a6b5-db67a874bffb,"7210120011000700 - UMKM - 1",7210
046ead47-b672-46b4-9866-1e4cac9cff4a,"7210120011001300 - UMKM - 1",7210
77bdd866-1e75-451f-b23c-308dee345400,"7210120011001000 - UMKM - 1",7210
2a74b782-c766-45cc-ae3c-3ea803e5725d,"7210120011000800 - UMKM - 1",7210
4fe3ee53-ccc3-4008-acce-c243a2e5735a,"7210120011001700 - UMKM - 3",7210
1e72fffa-0663-48f0-8fb0-00d9647b219f,"7210120011001700 - UMKM - 2",7210
8c523951-2a5e-425c-a5a1-e8757655026c,"7210120011001700 - UMKM - 1",7210
95e7671f-cc7b-4308-9808-4f0f2e5095f8,"7210120011001500 - UMKM - 5",7210
1de18ff6-53c9-4209-a83a-d3adb84cddc9,"7210120011001500 - UMKM - 4",7210
be6481c8-c2b9-4ede-aa29-10d0113a7b56,"7210120011001500 - UMKM - 2",7210
ded51783-8fde-4b7d-8d00-37308ab46334,"7210120011001500 - UMKM - 1",7210
feced229-4e92-428c-beb2-08a2ed97ebfd,"7210120011001500 - UMKM - 6",7210
969ced0f-8c0b-4ab0-ad12-dbc42ef6fb07,"7210120011001500 - UMKM - 3",7210
9fd43f52-a21f-4aee-bf78-08e27c79c2c7,"7210120011000100 - UMKM - 2",7210
24e7b3f9-fbe9-47a3-bd40-174424a20ad2,"7210120011000100 - UMKM - 1",7210
f204da6a-a6bd-4fbc-a9cc-1fffe8d029c0,"7210120011000200 - UMKM - 1",7210
77e5879c-2a7e-4e74-bb3d-1b01d76239ba,"7210120011001600 - UMKM - 2",7210
2359d226-7032-4f5e-8cc7-221957450c57,"7210120011001600 - UMKM - 1",7210
8b5a6044-2d16-4674-8b6c-1a921dd8cd0f,"7210120011001600 - UMKM - 4",7210
7faf70c3-a87b-49a3-8b8f-745d1b4a71ef,"7210120011001600 - UMKM - 3",7210
c2120495-27bf-4fca-a718-577f6c595864,"7210120011000300 - UMKM - 1",7210
f86721d0-45be-4c4b-b284-04237313a62d,"7210120011001800 - UMKM - 1",7210
d376e723-48fb-40fb-9ebb-2384e7d41959,"7210120011001800 - UMKM - 2",7210
7701d8dd-947a-4358-85cc-68bbcc7a9f8b,"7210120011001800 - UMKM - 3",7210
0ea82310-b41e-4ed1-9afa-c319b96161f5,"7210120011001800 - UMKM - 4",7210
5f0289a0-5726-40be-8d98-e4a41d0fedb3,"7210060010000500 - UMKM - 1",7210
f01f56bd-fe25-453f-9670-744f96d42a3c,"7210060010000600 - UMKM - 1",7210
ca62a086-4cea-47d3-9f78-b9ac83f20e91,"7210030010000500 - UMKM - 1",7210
833436ff-61ea-4bef-b745-62621958d354,"7210010008000400 - UMKM - 2",7210
90082f1f-97f3-4ebe-98cf-f29403e0bd76,"7210010008000400 - UMKM - 1",7210
a1039387-dd4e-411b-a362-9baacd9dd000,"7210050004000400 - UMKM - 1",7210
4775af2d-3107-4bbb-9586-ca9cd4adf2ea,"7210150003000400 - UMKM - 1",7210
ea32bbc3-41b4-45f8-bd6e-650c8b1eccdd,"7210150003000200 - UMKM - 1",7210
c3114a13-776e-4b91-9383-47eb639aceab,"7210020008000100 - UMKM - 1",7210
22ac8dd1-ca5d-45ba-9a24-7d16cfb80dba,"7210010018000300 - UMKM - 1",7210
2dd4a992-0892-4785-a084-10380396cdf7,"7210030003000500 - UMKM - 1",7210
1a2d4d5d-ccfa-45b7-affc-b6edd69c780f,"7210030003000500 - UMKM - 3",7210
d0bffc1c-a1d6-483c-8e8b-bf04cb69dad1,"7210030003000500 - UMKM - 2",7210
ed0ea4fe-4fe7-4716-b5ad-5a5ab0c907a2,"7210060018000600 - UMKM - 1",7210
eb7793c1-f8fb-4c1b-ab4e-083318ffb855,"7210140009000100 - UMKM - 1",7210
0bfd7246-fc06-4956-9757-6c5f7ea361c1,"7210140009000200 - UMKM - 1",7210
45cd942e-1d85-4a37-8873-6472e0c89e0d,"7210140009000200 - UMKM - 5",7210
8edd463a-d374-4180-96af-671629962100,"7210140009000200 - UMKM - 4",7210
d202d201-794a-42d0-b56f-bc7c319dec2a,"7210140009000200 - UMKM - 3",7210
5991a04b-dca2-4319-911f-4524255140c7,"7210140009000200 - UMKM - 2",7210
36569b21-104f-4943-800c-5af26aae71d4,"7210150007000200 - UMKM - 2",7210
0a11563d-d054-4a52-9cb5-944634eea477,"7210150007000200 - UMKM - 1",7210
ee84fdb7-454d-4607-8607-9b06f0316436,"7210150007000200 - UMKM - 3",7210
b9be83a9-b2f1-462a-b7b1-ef49d7cc83c4,"7210150007000600 - UMKM - 2",7210
3154ac53-2ce0-4b42-8dee-2b1168b8ad80,"7210150007000600 - UMKM - 1",7210
20d40a06-f876-41e8-a86c-60b55d90247a,"7210150007000500 - UMKM - 1",7210
d39dbb27-acff-4a79-aeb8-8c0dc2d60f1c,"7210090011000600 - UMKM - 1",7210
387ea6bc-a6ab-459e-8d55-112c46cfb90f,"7210121011000400 - UMKM - 1",7210
4bb4fef5-e603-41fb-b15b-c9ec3a835e71,"7210090009000100 - UMKM - 2",7210
f00e4bee-7f35-4aee-b384-b4d760f5c3d5,"7210090009000100 - UMKM - 1",7210
3545a410-a057-4b1c-ba9a-5a9cd50fe387,"7210090009000200 - UMKM - 1",7210
c00ab649-1dc6-4ff4-a4db-d593c3d170f0,"7210050005000600 - UMKM - 1",7210
b746f92c-1bb8-4419-9c8b-4c9a309f792f,"7210050005000200 - UMKM - 1",7210
7cd8a645-d2d0-4cbd-96b1-2691e25b4ed5,"7210050005000700 - UMKM - 1",7210
26fa2f05-ff16-45b1-8ee7-478e91cae837,"7210070006000700 - UMKM - 1",7210
afd143aa-0cbb-4a86-8cf8-58a60b86120c,"7210070006000500 - UMKM - 1",7210
152e1c22-a9d3-4529-aa27-2557e4903b8b,"7210070006000600 - UMKM - 1",7210
3a81f4c3-5975-4e6c-a95c-87d574083413,"7210121001000100 - UMKM - 1",7210
a55298f8-3ef4-4689-b00e-e9e0342c066c,"7210121001000500 - UMKM - 1",7210
9ab08a2f-fcd1-4f7d-bc4a-1c91c8278c1b,"7210121001001300 - UMKM - 2",7210
4458dc5b-a413-432d-8c34-7bc69bbd55b3,"7210121001001300 - UMKM - 3",7210
131b18b6-84a0-4a46-b3fb-3fbfaff767e7,"7210121001001300 - UMKM - 1",7210
6a0ca77a-b66e-46e4-926e-0f56b7ecf49a,"7210121001000600 - UMKM - 1",7210
b4b075ae-8924-4016-9cf1-6fe27e3bb9b7,"7210121001000900 - UMKM - 1",7210
800a9f82-c2fd-4881-9084-295e931aeb94,"7210121001000200 - UMKM - 1",7210
fa3c8a93-8727-46fc-83e5-0430b0f5bcdf,"7210070004001000 - UMKM - 1",7210
7cc1824a-62ee-4523-b386-82d26e8bed0c,"7210070004000400 - UMKM - 1",7210
94849cd9-d8a9-4c12-9e7b-eae1dd7c4c77,"7210020009000200 - UMKM - 2",7210
fedf5978-7f2f-4260-95c1-e8223e5807a4,"7210020009000200 - UMKM - 1",7210
7e74783d-5c52-4594-96e8-e748aa6a36ee,"7210020009000100 - UMKM - 1",7210
349a74bc-3e6c-420e-97be-025e10eed065,"7210120015000600 - UMKM - 1",7210
851ade89-816e-4c31-a8b1-fa3ec319ce76,"7210120015000800 - UMKM - 1",7210
80d89552-d638-45c8-848c-27af9c44897d,"7210120015000400 - UMKM - 1",7210
15982ba7-0adc-4164-9e16-b10656a6591d,"7210120015000300 - UMKM - 2",7210
83a6e620-468b-446a-a4fd-a0f1e2b2cbe7,"7210120015000300 - UMKM - 1",7210
c8a343ee-ee0a-4326-9c8a-5b3ab1a15831,"7210010010000100 - UMKM - 1",7210
5ced69f8-4098-49fa-ba41-7701adb393f9,"7210010010000600 - UMKM - 1",7210
865a253e-b02b-439f-9c90-f524f32be94c,"7210120013000900 - UMKM - 1",7210
d05281b6-a86c-4326-aea0-a154e0da35c1,"7210120013000900 - UMKM - 4",7210
7c1b070f-abef-4f7e-9672-eaddb7aebbca,"7210120013000900 - UMKM - 3",7210
84432668-046d-49a6-8bd8-3c37c0295dc5,"7210120013000900 - UMKM - 2",7210
7aced1c2-e4e9-4775-be5b-19ffa6a3c169,"7210120013001700 - UMKM - 1",7210
9f7bf5c2-8e96-41e9-b464-f9ff8d71ae93,"7210120013001700 - UMKM - 4",7210
df3ca20b-aff5-403b-b7f7-f3bab81e96f5,"7210120013001700 - UMKM - 3",7210
abb4a718-eae2-453a-ac1b-bdbed71fe818,"7210120013001700 - UMKM - 2",7210
ef7704c3-5294-42ed-98f5-3e177001b63b,"7210120013002000 - UMKM - 2",7210
056cd07e-acad-432c-ab97-51d76b928fed,"7210120013002000 - UMKM - 1",7210
7378ae2f-c75e-467a-9eaa-27d5d1bf4003,"7210120013000400 - UMKM - 1",7210
1582eb70-510a-4d58-9b90-162ae7acf482,"7210120013001800 - UMKM - 3",7210
3aaa8a55-7d21-43c0-84de-aa2ae7d55f70,"7210120013001800 - UMKM - 1",7210
1f06c7ad-00fe-460f-8cb3-99dc79a00df9,"7210120013001800 - UMKM - 2",7210
e47000c6-e60f-48e9-8105-46cc6219dbc6,"7210120013001101 - UMKM - 1",7210
1129ba1b-c31c-429e-a60d-54bde47f589f,"7210120013001101 - UMKM - 3",7210
1fe2f0a3-30c5-4b02-9da8-eda15f006151,"7210120013001101 - UMKM - 4",7210
bbcd0d26-1817-4d3e-899c-7f505e116b14,"7210120013001101 - UMKM - 2",7210
0fdbf920-c7c8-4352-af6f-9154413e58b2,"7210120013001102 - UMKM - 1",7210
9818a8a6-0b17-429a-96b4-ec31b664df2d,"7210120013001102 - UMKM - 2",7210
6df411da-e4c5-47a6-8493-e4a7e0be9da1,"7210120013001900 - UMKM - 4",7210
1ed46e45-29cd-40a7-bbf5-5bf4662b1baa,"7210120013001900 - UMKM - 2",7210
7a2524bc-cd01-4b18-9080-04505db1bd32,"7210120013001900 - UMKM - 5",7210
ca9cc428-7bc2-4d9d-bfa7-28c44d7aeb61,"7210120013001900 - UMKM - 3",7210
03c250b5-a10d-4564-8d46-9d06a56379a5,"7210120013001900 - UMKM - 7",7210
da4d5769-18c4-44e1-8c12-504e3bf8fe86,"7210120013001900 - UMKM - 6",7210
f9e16ede-8ecf-4cb0-b801-a3e82009f6b9,"7210120013001900 - UMKM - 1",7210
7a67d08c-2eb5-460d-9e10-4421da176837,"7210120013001300 - UMKM - 2",7210
ccd008f3-c0c9-4b1d-91c9-107413be2c7b,"7210120013001300 - UMKM - 1",7210
acd1df04-c88e-4512-95a9-68338b554623,"7210120013001300 - UMKM - 3",7210
60e2b95a-e2e6-41ff-bb4a-8cbebb8fe78c,"7210120013000700 - UMKM - 1",7210
c3a96ecf-22ac-4f28-af02-235c4e9b047b,"7210120013000700 - UMKM - 2",7210
be89764e-e5b2-4073-9d75-a586aa982725,"7210120013001001 - UMKM - 2",7210
02926181-bc7b-4f28-bf3f-801022d123a6,"7210120013001001 - UMKM - 1",7210
04b0c932-e13d-43aa-ac5b-0fc77168eae0,"7210120013001002 - UMKM - 6",7210
5c31cb8b-3c81-4349-a3dc-0f6bfa0472b2,"7210120013001002 - UMKM - 3",7210
6d390c1e-dbbc-43c2-ad7a-3fdff6046913,"7210120013001002 - UMKM - 5",7210
cfa9176b-d340-4fa5-a0e4-8e0e3f0c4b64,"7210120013001002 - UMKM - 4",7210
58a33000-3653-4e2e-8f18-7e90e2f2a0d7,"7210120013001002 - UMKM - 2",7210
4d562eda-c9ad-42a5-9d7c-5612e92d4888,"7210120013001002 - UMKM - 1",7210
072bb764-d534-463c-bf74-a1fa00a3c623,"7210120013000600 - UMKM - 1",7210
2d375105-1fd6-4d88-91b2-eec26e52fe29,"7210120013001500 - UMKM - 2",7210
b1a472a8-c85e-4134-a49e-2a97edde6ccc,"7210120013001500 - UMKM - 1",7210
e3be605e-818d-4ad1-80d1-a11bc283cf7e,"7210120013001400 - UMKM - 1",7210
3db9be75-257d-4bff-83b3-0c3f2958bb53,"7210120013001400 - UMKM - 3",7210
351c2c44-c151-4256-9169-14df5141e512,"7210120013001400 - UMKM - 2",7210
9ab28da4-7354-44dd-9b50-02560438c376,"7210120012003301 - UMKM - 2",7210
5cb705b4-6c80-42c3-beaa-39ebf6b1cdf0,"7210120012003301 - UMKM - 1",7210
0b2d3c3f-294c-4c54-b02f-d9a1eb30ea93,"7210120012003303 - UMKM - 1",7210
ed5f0697-5e07-4c2c-85e9-e870b51131fe,"7210120012003303 - UMKM - 2",7210
956b95c2-4b54-4c98-a2cd-bca700da6f32,"7210120012003301 - UMKM - 4",7210
74844ccf-df96-4e00-ad6e-8a816ae085dc,"7210120012003301 - UMKM - 3",7210
ca5486fb-f2c9-4ba2-8b85-576e2bc25fb7,"7210120012003304 - UMKM - 2",7210
f7e6d688-e2ec-4708-813c-353d2811bea8,"7210120012003304 - UMKM - 1",7210
10bb0ccd-93ae-4118-932d-cfef42260723,"7210120012003302 - UMKM - 2",7210
572ea199-e029-4ae6-a22d-d73a054a9bf3,"7210120012003302 - UMKM - 1",7210
7ae94fd7-c4d4-45a6-a4a9-323f1b2c1112,"7210120012000500 - UMKM - 1",7210
5782389e-7118-4bb3-90a2-83e05a93478c,"7210120012002900 - UMKM - 2",7210
0e12d836-720d-4c81-8814-710de923de00,"7210120012002900 - UMKM - 1",7210
c4070a19-a229-41b0-af03-d21482c40fb8,"7210120012000300 - UMKM - 1",7210
d76b41d6-8258-4d8a-ac12-b739ea6711f3,"7210120012000401 - UMKM - 3",7210
c5b19670-3abc-4473-9a99-cf0000479435,"7210120012000401 - UMKM - 5",7210
fd33a54a-f0ad-43e2-a60e-217cf822979b,"7210120012000401 - UMKM - 1",7210
49513bad-403e-4079-8e89-ef78526195f4,"7210120012000401 - UMKM - 11",7210
bf1ee9e8-5808-4f20-b273-2e0bfaf0d2f6,"7210120012000401 - UMKM - 13",7210
0b95b1a6-cd03-4435-9c5e-9ee86a59a8d7,"7210120012000401 - UMKM - 6",7210
3ad45d8e-b6f7-4b52-a1d3-18e9e96ccef7,"7210120012000401 - UMKM - 8",7210
d1eca48d-60c7-453b-9d32-31a1ad6427df,"7210120012000401 - UMKM - 7",7210
ebb83a50-87cd-451b-a12a-b0eea623b2c4,"7210120012000401 - UMKM - 10",7210
d6e5f2aa-7732-4e69-85d0-d207d138b51f,"7210120012000401 - UMKM - 9",7210
61c11b90-535f-425a-b7fc-056e6329a2f9,"7210120012000401 - UMKM - 2",7210
5e54ae80-a6ed-4500-afc6-980a6ab9d62a,"7210120012000401 - UMKM - 4",7210
e0ed2aac-e388-4246-8a47-68d03031e1be,"7210120012000401 - UMKM - 12",7210
3a88ed4a-d97e-478f-b42e-683034eb6bf3,"7210120012000402 - UMKM - 1",7210
7f3ad9cb-fd54-4897-85aa-a1b00ed53d09,"7210120012000402 - UMKM - 9",7210
72181a31-5e66-489a-a04d-073fa62792d5,"7210120012000402 - UMKM - 5",7210
9c2fc40a-2b2a-443c-b204-569f957a9a20,"7210120012000402 - UMKM - 3",7210
eb154910-9280-4e26-9e20-0eca602c6ef7,"7210120012000402 - UMKM - 6",7210
269b92bf-7f7a-4903-a2b9-5bdaae3e629f,"7210120012000402 - UMKM - 8",7210
487b6dd0-587d-482f-a029-94ad7f4a7753,"7210120012000402 - UMKM - 7",7210
ccaf89ea-74cf-4dd8-90ad-e2adeb380d4d,"7210120012000402 - UMKM - 2",7210
7cd4b300-385f-4025-abe0-d68c507c1fde,"7210120012000402 - UMKM - 4",7210
5859a674-17ea-4859-b091-5de4ac56c46f,"7210120012003402 - UMKM - 1",7210
72325519-67d7-4167-b2f0-2fc41d45c31c,"7210120012003401 - UMKM - 2",7210
5e173876-ee67-4195-9900-6694b95cfd8c,"7210120012003401 - UMKM - 1",7210
b7fe3c9a-6329-4bb4-b78e-309b17965e8d,"7210120012001700 - UMKM - 1",7210
dc6576cb-3d66-4b04-a058-75191aee23e6,"7210120012001700 - UMKM - 2",7210
6823b328-974d-40f2-ad3e-89ea4f608505,"7210120012001102 - UMKM - 1",7210
7a9c569e-c967-4fce-a777-449e66eaf2a6,"7210120012001102 - UMKM - 3",7210
c915dd5e-8225-4484-93b2-b6607cd8281c,"7210120012001102 - UMKM - 2",7210
f09bb69a-9831-4dc3-993d-5079e79ad2a7,"7210120012001102 - UMKM - 4",7210
e92de419-7f22-43db-90b5-25fb0143c53d,"7210120012001102 - UMKM - 5",7210
0ebfaf15-ea36-4198-b787-4ad17662dc59,"7210120012001101 - UMKM - 2",7210
a2797b77-2562-47e7-8573-b1b90bc48512,"7210120012001101 - UMKM - 3",7210
99f3dbff-e7b3-4344-8404-52a15e8dcaca,"7210120012001101 - UMKM - 1",7210
3221cb58-2e4c-42ce-8eab-8e35b6b8ab6a,"7210120012001503 - UMKM - 3",7210
8276e5a7-ea93-4c45-a9de-d2d5fd42a578,"7210120012001503 - UMKM - 5",7210
a1cea98c-8966-46b3-bde4-baff741afe9d,"7210120012001503 - UMKM - 2",7210
3ad38bd8-9ca3-4dcf-9d80-a3203fcfb75f,"7210120012001503 - UMKM - 1",7210
cc5f6e8a-fe29-4c41-a4fa-04ee663aa1ed,"7210120012001503 - UMKM - 4",7210
678ea5a2-2623-4454-915c-e77739c91cd9,"7210120012001502 - UMKM - 1",7210
4f3e549e-6f85-42e7-ab5f-e4b3d501fe65,"7210120012001501 - UMKM - 1",7210
0a68b0ac-128e-4a5b-b4ce-415c2f3e199c,"7210120012001000 - UMKM - 1",7210
ba4f6922-01d0-4a0f-800e-ac925dca048e,"7210120012001000 - UMKM - 2",7210
fd195b8a-556d-42fa-ad99-98d69624fcb0,"7210120012000800 - UMKM - 1",7210
933e6297-8aa4-4425-858b-a6ee68e8644d,"7210120012002700 - UMKM - 2",7210
8de38054-a5e6-437e-b000-c44f2f1399b7,"7210120012002700 - UMKM - 1",7210
65e43c75-7e95-4661-bdbf-2ac3ae200477,"7210120012001402 - UMKM - 1",7210
cc2b559f-ddca-49f3-b5b0-f98cea2a1800,"7210120012001402 - UMKM - 4",7210
4d2e858c-849b-429f-9127-baffc8f4965b,"7210120012001402 - UMKM - 2",7210
96036a76-e9c9-43e1-8344-050561c8eb78,"7210120012001402 - UMKM - 3",7210
61dda349-ea39-4d70-8f00-007ee4987239,"7210120012001401 - UMKM - 1",7210
a40a2653-4cf7-4490-b706-46cf07eac280,"7210120012002500 - UMKM - 6",7210
7a74dcdb-3268-4d38-99b5-bf7ea0be436c,"7210120012002500 - UMKM - 1",7210
a3aa4d47-0a85-443b-80cf-c786f77dd7fa,"7210120012002500 - UMKM - 8",7210
4da25d28-f215-49b7-84d8-0ffb253d6f08,"7210120012002500 - UMKM - 2",7210
6bb95da8-44e7-4da3-b04f-5430950d268b,"7210120012002500 - UMKM - 4",7210
320fb0b7-2e7e-4f5b-a9b8-57630c33401a,"7210120012002500 - UMKM - 5",7210
630bf494-3e46-4ef7-86fa-758fd3380c89,"7210120012002500 - UMKM - 7",7210
cbb20723-c9cf-41ad-aae4-fa99d9d81f59,"7210120012002500 - UMKM - 3",7210
80106f66-5753-438a-be1a-f960c6bb4565,"7210120012002302 - UMKM - 5",7210
d54bf1c7-c1a6-4451-985c-829530952d06,"7210120012002302 - UMKM - 4",7210
cbd46662-5600-4ada-9f91-9c5697226ec3,"7210120012002302 - UMKM - 3",7210
e21cf7c1-3926-4e56-a0c3-120a3bf14912,"7210120012002301 - UMKM - 5",7210
09e9af93-7be0-44f6-9009-bf10fcd62b40,"7210120012002301 - UMKM - 4",7210
d766ecb9-b0e7-484d-ae9b-8867b819a23f,"7210120012002301 - UMKM - 7",7210
f6bfa785-4c9d-4812-9222-9fddfc15c2f8,"7210120012002301 - UMKM - 9",7210
1e2c854d-c0b6-4595-87e0-ee03cb6107ec,"7210120012002301 - UMKM - 11",7210
306b77a9-2fb5-4d98-8399-f7cd0416bd8b,"7210120012002301 - UMKM - 10",7210
49a05004-078f-48cd-8837-ae86648d3ca8,"7210120012002301 - UMKM - 1",7210
ffe6af9f-f832-429d-8db2-e0c5f1de351f,"7210120012002301 - UMKM - 8",7210
d3737518-305d-41ad-9ed2-51700b8fe434,"7210120012002301 - UMKM - 6",7210
3c2d4eba-d9b5-48e5-a9ce-2ce468c71e77,"7210120012002301 - UMKM - 3",7210
952bcc08-b037-489c-8a9c-c86b057ad74e,"7210120012002301 - UMKM - 2",7210
e8e2eb20-67fa-420f-b705-4e19aa0cf1b8,"7210120012002301 - UMKM - 12",7210
ac375176-69ea-42f0-bc55-e5eae1edf63d,"7210120012002302 - UMKM - 2",7210
710be315-537a-45c0-aff9-707190528e53,"7210120012002302 - UMKM - 7",7210
30b054f7-093b-4acb-903a-f5c34c83e553,"7210120012002302 - UMKM - 1",7210
b83e61e7-0762-475b-a99c-ec0505e5c4c6,"7210120012002302 - UMKM - 6",7210
86825bc0-6a35-462f-82c9-5fc81913f9cf,"7210120012002401 - UMKM - 2",7210
95d23078-05cc-4542-a23a-6a6ce74c0fe1,"7210120012002401 - UMKM - 1",7210
435db7ac-1c47-4de9-9126-ff1e82d600fc,"7210120012002402 - UMKM - 1",7210
502ea56c-f8f3-4e99-8899-7bee6dc370ba,"7210120012002402 - UMKM - 2",7210
5f9899ec-c938-49b1-801e-70f68d4f5c98,"7210120012001602 - UMKM - 2",7210
9b42bd2e-cb0c-49ec-899e-6ea2bccd4e78,"7210120012001602 - UMKM - 1",7210
901a2543-98cd-4917-8c3d-e754d9ceadcd,"7210120012002202 - UMKM - 2",7210
a83ee403-12ca-4e5d-8af7-a704cc441a60,"7210120012002202 - UMKM - 3",7210
b4873e2d-edc8-4a8f-8f34-d6360ea73c1c,"7210120012002202 - UMKM - 1",7210
7aea8648-3635-46c4-95df-9bb6b6fdf42e,"7210120012002201 - UMKM - 1",7210
3c40e12e-53a6-4bb2-9fa0-1ca0be5c4d1b,"7210120012002201 - UMKM - 2",7210
0f0cd37e-38c2-4699-8778-c79bf9291553,"7210120012002201 - UMKM - 5",7210
171210d2-7f11-4640-a453-3fad8c72bb95,"7210120012002201 - UMKM - 6",7210
8c9429e0-cd11-4b63-bf17-82a914152b6a,"7210120012002201 - UMKM - 7",7210
8b43bfb8-b3a9-4b0a-88fb-3b93bdbd95ce,"7210120012002201 - UMKM - 3",7210
ef9ffd2d-9ec9-4acc-a4b4-67b91fc9e155,"7210120012002201 - UMKM - 4",7210
2815b9f8-cef7-4336-9a54-2c78f0dc016d,"7210120012001800 - UMKM - 3",7210
b9d2d815-8e33-4a9c-a77f-e8176885f041,"7210120012001800 - UMKM - 1",7210
c515f91b-edbe-4dc3-b417-81088cc30ef3,"7210120012001800 - UMKM - 4",7210
f5a694fc-ff7e-4f85-ac8e-f027f04f62e5,"7210120012001800 - UMKM - 2",7210
1c84f5ef-6e08-434a-a4a5-69548f68b576,"7210120012000701 - UMKM - 6",7210
59639fed-d7be-4a1b-8000-0044a3202527,"7210120012000701 - UMKM - 5",7210
a26b62bb-c19c-4d31-8ee1-7c88616c0261,"7210120012000702 - UMKM - 3",7210
c21ee16b-b9a6-46db-add3-e9f8e0cd85df,"7210120012000702 - UMKM - 1",7210
603990a6-6d38-4d6e-938f-b64477fe9e99,"7210120012000702 - UMKM - 2",7210
fdb50e76-29d9-4607-a1da-f2d6ab62ac9b,"7210120012000701 - UMKM - 2",7210
12606dd5-441a-47fe-8a06-5a2ffa363869,"7210120012000701 - UMKM - 4",7210
9a993899-84dc-4240-84bf-ff7906a83114,"7210120012000701 - UMKM - 3",7210
5d31609b-725c-4952-b235-a46ee47ac532,"7210120012000702 - UMKM - 4",7210
a0694101-e8b2-45cf-9c5c-43f95a0fdfd0,"7210120012000701 - UMKM - 1",7210
2eea50df-8f06-47c8-9e44-0b84ea4305a8,"7210120012003100 - UMKM - 3",7210
aa427894-832b-47c5-aabf-6986606f7995,"7210120012003100 - UMKM - 2",7210
99558754-16f8-4928-87ad-56494985f075,"7210120012003100 - UMKM - 1",7210
77641467-0519-41d5-930e-cab8c283d96f,"7210120012001300 - UMKM - 4",7210
553dc213-5d0f-402e-9f71-1b17bc96bcb8,"7210120012001300 - UMKM - 5",7210
6060e0a6-4cf3-449b-af29-45831f818d15,"7210120012001300 - UMKM - 3",7210
06734926-7227-49ee-ba27-605590d89a19,"7210120012001300 - UMKM - 1",7210
1a915adf-150d-436b-9d8d-dfa3848a7679,"7210120012001300 - UMKM - 2",7210
9b391d97-0297-4bff-ae3c-1f0d8490921b,"7210120012001202 - UMKM - 1",7210
bd0c98d1-c8dc-4bc4-9505-989d46e25bbb,"7210120012001202 - UMKM - 5",7210
48c74ddb-9627-4fdd-aa4a-4a51b42096c7,"7210120012001202 - UMKM - 3",7210
3c20e3ac-d88f-406c-90bb-c3ca22f050ce,"7210120012001202 - UMKM - 6",7210
e09d0eeb-2815-42f2-874a-f913873e3d62,"7210120012001202 - UMKM - 2",7210
54955717-cfe1-4b6b-8852-f795b2e50724,"7210120012001202 - UMKM - 4",7210
d37361f5-9248-43cc-8e51-b4859d2aefc6,"7210120012001201 - UMKM - 5",7210
2d12625a-ebb8-4141-a690-75a512f37a43,"7210120012001201 - UMKM - 1",7210
9b18cd86-78ca-432c-bcb9-891eeebf7e7e,"7210120012001201 - UMKM - 4",7210
27bb9fb6-732d-4bdf-a0a5-12a56f21b45f,"7210120012001201 - UMKM - 6",7210
2eae03fb-7e96-4d96-be1c-bd0af19f7a12,"7210120012001201 - UMKM - 2",7210
3cccf097-aa92-43e8-b9df-44fd4c1823b8,"7210120012001201 - UMKM - 3",7210
278f4616-b777-4d6d-be67-da4642101710,"7210120012000101 - UMKM - 2",7210
ab34dfd0-3a75-4a2c-8a75-6718cd2769fd,"7210120012000101 - UMKM - 1",7210
7e0509f5-b1c1-424e-8b88-636ad17a2c23,"7210120012000600 - UMKM - 4",7210
708ce0b5-9326-4723-9864-2d4b1ef9efc7,"7210120012000600 - UMKM - 7",7210
83dc23dd-8110-4371-9003-98b16dd6ae35,"7210120012000600 - UMKM - 3",7210
6dd94ceb-87ad-43d2-9c3d-262a92016f4f,"7210120012000600 - UMKM - 2",7210
b579c615-c4a5-4686-8d37-50a592c46b22,"7210120012000600 - UMKM - 8",7210
c676dfb2-ade6-474a-88d5-0a542af87753,"7210120012000600 - UMKM - 10",7210
efc6cc4b-6941-4a28-8776-d4618b4792a2,"7210120012000600 - UMKM - 5",7210
98426929-9a1c-44cb-9744-edd5e859826c,"7210120012000600 - UMKM - 6",7210
bd924f1f-4ed8-40cb-8631-97974bafa995,"7210120012000600 - UMKM - 1",7210
c772bb91-1f17-4d3a-8cf7-fe217bfc4e62,"7210120012000600 - UMKM - 9",7210
085a2930-1bca-45f1-a9ec-f7fd8385b92c,"7210120012003200 - UMKM - 2",7210
e6066634-fc2d-402f-8e8f-26e10452ea34,"7210120012003200 - UMKM - 4",7210
502c5993-d044-4024-bd13-b1bf188fa4d8,"7210120012003200 - UMKM - 3",7210
a15e7c58-f592-4540-bace-eb886063f153,"7210120012003200 - UMKM - 1",7210
c87f4d34-5ed1-4148-a81c-3c166929389c,"7210120012002600 - UMKM - 6",7210
378fe09a-8890-4065-a7f1-44aa781aba38,"7210120012002600 - UMKM - 5",7210
f0765748-c2b4-466e-a6ec-b971d150e79b,"7210120012002600 - UMKM - 4",7210
d7740863-fc20-4199-ba8d-91735a66efe7,"7210120012002600 - UMKM - 1",7210
44145983-1be7-4788-96bf-ae5406c86b1e,"7210120012002600 - UMKM - 3",7210
3ffdc864-5289-49d1-9f81-9ebf56e14fa8,"7210120012002600 - UMKM - 2",7210
0a2c4d56-d6e7-4b50-af9e-e44afba8fbc9,"7210120012001900 - UMKM - 2",7210
bf08eb7a-5444-4972-aebe-54c05246a318,"7210120012001900 - UMKM - 1",7210
76c75e37-aeee-4f3e-afe7-cc1132883353,"7210120012002800 - UMKM - 2",7210
928524fb-fff4-4677-b1d5-df17c9707b9a,"7210120012002800 - UMKM - 1",7210
339dc318-905b-4b00-a047-68da18be3638,"7210120012000900 - UMKM - 5",7210
72f1b9fe-d4c4-4a53-b0dd-ca6bb74f9325,"7210120012000900 - UMKM - 1",7210
99e68d03-6135-4aa4-b10a-0b693aff92cf,"7210120012000900 - UMKM - 4",7210
5ca31b14-7ba4-4525-8fdc-14356cbd3637,"7210120012000900 - UMKM - 2",7210
ca336712-eec2-4433-abdd-31e159594857,"7210120012000900 - UMKM - 3",7210
019083a2-e2ca-4e4d-8b7a-38182de01ba4,"7210060016000100 - UMKM - 1",7210
f547906a-66c6-4d38-9060-76c3e5354fa7,"7210060016000900 - UMKM - 1",7210
a3c37a2a-a948-47b8-89e9-bf553a87659e,"7210060016200100 - UMKM - 1",7210
938457c9-0d73-4ed5-a20d-bef25c318e1b,"7210020005000400 - UMKM - 1",7210
96e9cfbe-e2ff-4231-8a08-6b6ddc6a24e8,"7210020005000300 - UMKM - 2",7210
6e3bb03f-b385-4a95-abfa-a65ea90cd9bc,"7210020005000300 - UMKM - 3",7210
927c4748-d681-4d09-b5fe-ffbdd8b8e9fc,"7210020005000300 - UMKM - 1",7210
74e3df1c-adcc-4a4d-99bb-81d0ca183ba0,"7210020005000500 - UMKM - 1",7210
8b84bff3-0e1f-4665-9419-a43a8914cdeb,"7210020005000600 - UMKM - 1",7210
d9dc1ae4-57f5-4459-a634-27c37ff5335f,"7210030014000900 - UMKM - 1",7210
b1f65cd1-205a-4cd3-b8db-15494ce5f6f0,"7210090006000300 - UMKM - 1",7210
dab6b74d-aec4-43e9-b78b-18e23dc72b59,"7210090006000300 - UMKM - 2",7210
2a73f666-ec2f-4953-b6bf-428d2775c454,"7210090012000500 - UMKM - 1",7210
bbe769d8-42db-4699-94bd-cc8f1693bbda,"7210110007000500 - UMKM - 1",7210
1a78df7a-3365-4ca9-bc3a-75ac4deaa2ac,"7210110007001200 - UMKM - 1",7210
c2764e4e-1ba6-4b24-925e-ecafded759d5,"7210110007000400 - UMKM - 1",7210
8fc0da39-9708-4770-a4ca-02d917fd9e9e,"7210110007001000 - UMKM - 1",7210
1fbda1f2-ed93-4fc7-a9b4-b99e8ab7c80e,"7210110007001000 - UMKM - 2",7210
278328c4-7644-475f-9a06-66ff6fe453b1,"7210110007000700 - UMKM - 2",7210
4b658558-f921-4214-9da2-430c285d894d,"7210110007000700 - UMKM - 1",7210
10ddb84c-6672-488e-a510-67adb06829cb,"7210110007000300 - UMKM - 1",7210
4a6295bd-d991-465e-b122-f7d3a21a6d65,"7210110007000300 - UMKM - 2",7210
1fce28c7-886a-4fcb-9de8-63c0cb41e02d,"7210110007000600 - UMKM - 1",7210
cf9a64ac-90d9-452a-81d8-9e647dac8739,"7210110007000600 - UMKM - 3",7210
48ad07ee-609e-4cf1-b97c-8995ee492d59,"7210110007000600 - UMKM - 2",7210
7e8af2f1-ca7a-4f9a-997d-d196bd4fdd71,"7210110007000100 - UMKM - 1",7210
2ec193f7-1ffd-40f7-a4c0-78c50a815b97,"7210110007000100 - UMKM - 2",7210
b6daca2b-dc20-45b2-b7d3-d5dfbfd83c9b,"7210110007000800 - UMKM - 4",7210
fbafd300-ad5a-4f5c-9ca7-8e0b22fb3273,"7210110007000800 - UMKM - 6",7210
b8be643a-ffcb-4a6d-8ed2-0c3a89299695,"7210110007000800 - UMKM - 5",7210
86c1aaf4-2794-4f75-9f5a-d42965a2cb10,"7210110007000800 - UMKM - 3",7210
f75ff25d-45a3-4c9e-903f-669057e5a1a3,"7210110007000800 - UMKM - 1",7210
b6f4ebab-29ef-4db9-9d1d-60db87dc6fc1,"7210110007000800 - UMKM - 2",7210
5db0617f-1f2f-4b11-86aa-52d637a85199,"7210060003000700 - UMKM - 1",7210
45f6fc7d-0702-40e2-a75e-d398975cc2ba,"7210060003000900 - UMKM - 2",7210
46d428a8-390f-4cb7-b83b-5a43e068d29a,"7210060003000900 - UMKM - 1",7210
440d8c90-f7a0-4471-8823-e054ae982b1a,"7210060003001000 - UMKM - 1",7210
77e6c7f3-50ee-41cb-99c2-31299fb05700,"7210060003001000 - UMKM - 2",7210
2fde1b19-8e90-49be-b870-c437fd0e6ebc,"7210150006000300 - UMKM - 1",7210
fb094476-13a6-4536-9270-a841a64ed61d,"7210150006000600 - UMKM - 1",7210
fb502cf0-b6b1-4017-a2b6-95b1139ed153,"7210150006000500 - UMKM - 1",7210
bfd28e87-6911-4787-b5e8-2a9abe691672,"7210150006000200 - UMKM - 1",7210
5e4797aa-1f0a-405c-b672-b6fb1ebfb6e6,"7210150006000700 - UMKM - 2",7210
7af5ea4a-c9ca-4be5-89ef-40d282399102,"7210150006000700 - UMKM - 1",7210
4bf2099c-5859-4891-9188-da6ad6d71edc,"7210150006000100 - UMKM - 1",7210
59dd68d3-63e7-467e-8f48-f09745b7ba45,"7210130008001200 - UMKM - 2",7210
7ee2f58b-6bd9-4006-950b-802a64f47dfe,"7210130008001200 - UMKM - 3",7210
92684834-7201-4142-ba35-d6b85d212e2c,"7210130008001200 - UMKM - 4",7210
29e223ca-ab15-49f7-986d-7c0b293b1d91,"7210130008001200 - UMKM - 1",7210
c59825ab-e17c-463d-acb8-4d19fa829a3b,"7210130008001200 - UMKM - 5",7210
fc8d8b0a-ddfb-4e2a-a495-e7fc7eb17dda,"7210130008002500 - UMKM - 2",7210
7c393374-dde7-4c0a-85bd-2b266a7a2b88,"7210130008002500 - UMKM - 1",7210
0a275cad-e576-480d-abb3-798a83e1cdf4,"7210130008000800 - UMKM - 4",7210
23a02835-7b47-4f1a-bf7c-369dff4442b2,"7210130008000800 - UMKM - 5",7210
76d90f20-3401-405c-9940-0591b5b096ac,"7210130008000800 - UMKM - 2",7210
a27c2270-3108-4bcf-a04d-c1127ccef86c,"7210130008000800 - UMKM - 1",7210
31e04aaf-8b97-4ba8-83e1-d10c5438ceba,"7210130008000800 - UMKM - 6",7210
a741a255-2dac-46f8-86a5-67a9f05a5798,"7210130008000800 - UMKM - 3",7210
180811a5-c38e-454e-9670-e1d11f542d3d,"7210130008003300 - UMKM - 1",7210
be434798-11ac-4b49-8f7e-d8b076d4eac0,"7210130008003300 - UMKM - 2",7210
2eedbb75-753f-4e09-8414-b08b88bf7be5,"7210130008003200 - UMKM - 7",7210
823129d7-5215-4b8e-9b6c-836d478f8da8,"7210130008003200 - UMKM - 2",7210
bb951f63-1e88-4a95-80b9-67b9f3765a9b,"7210130008003200 - UMKM - 3",7210
b266d0af-7aa0-4f23-ae36-f80c78fc6cd7,"7210130008003200 - UMKM - 5",7210
90d21877-30ce-4ac6-ad25-c304fa683497,"7210130008003200 - UMKM - 6",7210
bf2c6a8b-20a8-4b3d-a0f8-34c6490f4975,"7210130008003200 - UMKM - 8",7210
cde27e2f-1cf6-448d-9010-84b1aea85700,"7210130008003200 - UMKM - 1",7210
90a60c65-1d3b-45f8-8ac1-9f35c1b77a4f,"7210130008003200 - UMKM - 9",7210
e1b89a15-8420-4710-8238-2d724a919852,"7210130008003200 - UMKM - 4",7210
82c9f1ad-07ce-4d20-81b7-f4e38299f044,"7210130008001400 - UMKM - 9",7210
66cbebf6-58cf-4c39-9808-9bf11ba398e4,"7210130008001400 - UMKM - 4",7210
4fc84c78-21c1-400b-9339-efd5070b2c8f,"7210130008001400 - UMKM - 8",7210
8f51e67e-d384-4909-8f7d-42e01604f2b3,"7210130008001400 - UMKM - 1",7210
fa738a07-47aa-4917-a3c5-25e40782f2ea,"7210130008001400 - UMKM - 3",7210
9d1422f9-1802-4550-be03-31008c6ac650,"7210130008001400 - UMKM - 7",7210
bfe93c16-2dc4-43e6-9b6f-3492a3ee2ba1,"7210130008001400 - UMKM - 2",7210
773e4ce6-8543-4263-bdf3-508310f39566,"7210130008001400 - UMKM - 6",7210
6b6cc665-40ef-4ee1-b2c4-5150ce472391,"7210130008001400 - UMKM - 5",7210
58811ffc-a7f3-4bc1-a726-6b0b5732bf73,"7210130008001000 - UMKM - 4",7210
f61ae2f4-8362-4753-9621-0633951fd08f,"7210130008001000 - UMKM - 1",7210
686cf89f-a7b7-41a6-a014-c48d4215231a,"7210130008001000 - UMKM - 5",7210
58f44b98-ce3b-497b-a982-accb606cb49e,"7210130008001000 - UMKM - 3",7210
ba936130-51c9-4ec4-bc91-24c8fc528d69,"7210130008001000 - UMKM - 2",7210
c1109062-6755-4d73-a20e-97a6bf6d6c8a,"7210130008001700 - UMKM - 4",7210
10fd4ee5-157c-4b2f-bbf1-f0167a208c0b,"7210130008001700 - UMKM - 2",7210
c6f35a6c-bbaa-4e99-a2b7-49da716523e5,"7210130008001700 - UMKM - 3",7210
b5427f9c-b57b-43c1-9c9d-cc53d89da829,"7210130008001700 - UMKM - 1",7210
6538c0b9-f339-4584-b078-7507f2f55ccc,"7210130008000900 - UMKM - 1",7210
7d2af436-b7b6-4004-8fb8-cc951f593c2f,"7210130008000900 - UMKM - 2",7210
8e79683a-d6b6-413a-bd98-802ede0a14e5,"7210130008001800 - UMKM - 2",7210
ad154ab6-ad7a-440c-9d7c-a5533cfcebb6,"7210130008001800 - UMKM - 1",7210
e2361f70-6594-4056-8452-61439e79a965,"7210130008002900 - UMKM - 1",7210
95122ed8-939c-4dee-95cc-808c19b0a052,"7210130008003400 - UMKM - 5",7210
399e03d9-6761-44ae-8292-79ff0896e54d,"7210130008003400 - UMKM - 3",7210
2d9b06cd-6f66-4e62-826c-c1fd8e866dbc,"7210130008003400 - UMKM - 1",7210
3cef3854-f68f-4982-8b0d-d9d521a5bf69,"7210130008003400 - UMKM - 2",7210
a8025c67-f863-4b3c-8e4b-2893b5bd419e,"7210130008003400 - UMKM - 6",7210
de3a147c-a439-4dbe-b6d0-c916678831f1,"7210130008003400 - UMKM - 4",7210
a415f42a-71f1-4a2d-945d-4145dd1b4a63,"7210130008000300 - UMKM - 2",7210
293aba2e-8d5e-4811-9af4-f6cabffaff34,"7210130008000300 - UMKM - 4",7210
6fbf2921-9ee2-4ccd-bfd8-ec6b7f5840c6,"7210130008000300 - UMKM - 1",7210
cd44acaf-944b-4576-9ef4-0b2d09fd1ec6,"7210130008000300 - UMKM - 3",7210
44758d4b-5bbd-4374-8c98-2a938c2d387f,"7210130008001600 - UMKM - 3",7210
9c3e5c9f-2540-427f-8bf1-f396e60ccef6,"7210130008001600 - UMKM - 2",7210
87df579e-ce95-4002-ab2f-bd9d1c84937b,"7210130008001600 - UMKM - 1",7210
7c0c6ed4-dd52-4179-b00f-89dc3c254153,"7210130008000400 - UMKM - 3",7210
ef4bf183-1cfd-40ee-80bf-0d2ea1526fed,"7210130008000400 - UMKM - 4",7210
29fc9b4c-0066-4e35-8802-f81d303508cc,"7210130008000400 - UMKM - 1",7210
a1cbf1ed-1218-44f8-b8aa-d4d63107dbda,"7210130008000400 - UMKM - 2",7210
d7e75260-7abd-497d-ae75-6d6c13d95a5e,"7210130008001500 - UMKM - 1",7210
f6a61fe7-7942-495f-bea7-f9542093fafd,"7210130008001500 - UMKM - 3",7210
6a9663da-b2e8-49aa-9a54-f00ce9c49803,"7210130008001500 - UMKM - 2",7210
2acc69b4-2b35-4874-89ce-ee1e97d426dd,"7210130008000200 - UMKM - 5",7210
adadab79-d25c-40f7-968c-d76e22c896ff,"7210130008000200 - UMKM - 3",7210
fae69a2f-7b4f-4e73-a8a3-a1e3f8e9fc7e,"7210130008000200 - UMKM - 6",7210
71e27592-3eef-48ed-b4a5-bbb1f0062792,"7210130008000200 - UMKM - 4",7210
955970aa-d41f-4640-8fbd-84cc2e34fe9f,"7210130008000200 - UMKM - 2",7210
80653312-261a-49cb-8d43-e0f04fb6a928,"7210130008000200 - UMKM - 7",7210
43bb14a6-f1cd-4550-9c37-fe7cc0388a01,"7210130008000200 - UMKM - 1",7210
1daa0a52-9e14-46b9-9da6-6dbe01913b8a,"7210130008000200 - UMKM - 8",7210
e23e3c19-2766-49aa-ae66-efd93e8cb3e7,"7210130008001100 - UMKM - 5",7210
53347a3e-b3c1-4e22-ba5a-35ee73815d10,"7210130008001100 - UMKM - 4",7210
f5ef23b9-2c97-4a00-9c9a-67d023d56ec5,"7210130008001100 - UMKM - 3",7210
33d7605c-9824-4e2f-a1f7-ea5419eba45e,"7210130008001100 - UMKM - 2",7210
36ab3e67-335d-4290-8e19-96d6def0c617,"7210130008001100 - UMKM - 1",7210
6481b6e5-66a7-436f-a44a-a1b6abf77727,"7210130008000600 - UMKM - 2",7210
8533baf9-9497-499c-a622-11a44c067161,"7210130008000600 - UMKM - 3",7210
9f7594aa-139b-4730-a8b0-76125ef9c297,"7210130008000600 - UMKM - 4",7210
5b7120a0-3bfe-4768-a6df-d05781ba886f,"7210130008000600 - UMKM - 5",7210
47ff9494-3843-4d24-bfca-f70c95897aff,"7210130008000600 - UMKM - 1",7210
3d6ce998-b5f2-4c9c-a787-3ce1fe24c1a5,"7210130008003100 - UMKM - 4",7210
2d3a5b18-3a3d-4b99-a7ce-52de97b48e16,"7210130008003100 - UMKM - 2",7210
b8470dcc-661b-415a-880b-66b9ae499800,"7210130008003100 - UMKM - 3",7210
60b5ad88-6bfb-4377-898c-a198492b6ddf,"7210130008003100 - UMKM - 1",7210
a1d111ea-8796-4a87-b088-91e8664eb130,"7210130008002600 - UMKM - 1",7210
3d368af3-eeb5-409d-820f-bf8ba90cbf18,"7210130008000100 - UMKM - 2",7210
418e8727-76fd-404a-a370-f154604ffc94,"7210130008000100 - UMKM - 1",7210
d6a2460c-8254-42c0-8995-c9293a90f79a,"7210130008003500 - UMKM - 1",7210
96f8ee85-8020-4bdf-8d6a-c6c726695bd7,"7210130008003500 - UMKM - 6",7210
bbec824f-5aac-4584-8abb-bceb52373342,"7210130008003500 - UMKM - 7",7210
a377232c-c01e-4b61-83b7-7393c5f4cf5c,"7210130008003500 - UMKM - 9",7210
36c83c34-7e90-4fa1-b6e1-c3ef208f8ba2,"7210130008003500 - UMKM - 8",7210
54f06302-fccc-4b43-91f6-dafcd6708819,"7210130008003500 - UMKM - 3",7210
55db9ff3-8d18-45d3-9d4d-acd4f81a2020,"7210130008003500 - UMKM - 5",7210
a5d8a3d3-0c53-4067-89ab-ba5d17b0f6c3,"7210130008003500 - UMKM - 11",7210
3fc04e75-c60b-445b-9504-0c05348a6d79,"7210130008003500 - UMKM - 4",7210
6b4a53ff-9a8e-4ff0-baf7-8700b7ad13b8,"7210130008003500 - UMKM - 2",7210
ecbcd547-1022-4528-8afe-54dc202cede6,"7210130008003500 - UMKM - 10",7210
cb076f86-bb0d-40df-ab74-5883a23d2c08,"7210130008003000 - UMKM - 1",7210
f4c579dc-6a1f-4d17-905c-716a37363363,"7210130008003000 - UMKM - 2",7210
e16f5cd6-f1ee-4e2a-8e4c-2242fe4ad835,"7210080004000800 - UMKM - 1",7210
c715f0f9-270c-4f21-9232-27adb1b9947a,"7210080004000500 - UMKM - 1",7210
b833527c-69db-4fad-b6ce-548d608b6cac,"7210110003001000 - UMKM - 3",7210
095a16ac-b5bc-4c8d-97af-e84acff5b247,"7210110003001000 - UMKM - 2",7210
b1ef9d8a-bbf7-4c50-a417-b1682c657ee9,"7210110003001000 - UMKM - 1",7210
a6c73ab8-db8c-4a06-9284-d0ae31f8a4b8,"7210110003000700 - UMKM - 6",7210
cce67250-0553-4d33-9167-15ea98554ef5,"7210110003000700 - UMKM - 4",7210
f1e95b78-b9e9-47dc-bfec-122cc99122f6,"7210110003000700 - UMKM - 1",7210
b1c4e1eb-ae71-4a46-b298-fa579e8673a4,"7210110003000700 - UMKM - 7",7210
7babb188-88f0-4f95-b78e-08705c1f811f,"7210110003000700 - UMKM - 9",7210
94d52d00-3675-4678-ab26-a67df660d639,"7210110003000700 - UMKM - 8",7210
ac156f7b-2f4c-4e17-a5cd-19e0eebc07f6,"7210110003000700 - UMKM - 5",7210
2ac228db-0089-4613-accb-84fedab2f74f,"7210110003000700 - UMKM - 3",7210
76141faa-dd05-4947-b98c-732ee61097ab,"7210110003000700 - UMKM - 2",7210
be7024b4-af74-4bd7-b2f7-1a04515414b4,"7210110003000900 - UMKM - 1",7210
78c13099-cbc0-4cd9-9be7-1df5d85d1d8b,"7210110003000401 - UMKM - 1",7210
5034bb76-3989-462d-8d8a-060ee8e71a06,"7210110003000402 - UMKM - 1",7210
90e2c9f8-40af-4d5e-beb7-71e9a68a03eb,"7210110003000800 - UMKM - 1",7210
7136e7b1-af31-475d-bde8-0f85ef544b89,"7210110003000800 - UMKM - 2",7210
ca0c3310-c11b-4174-bf56-21697137a950,"7210110003000300 - UMKM - 1",7210
abd0d68a-ae0e-40ec-a788-562a027fd20b,"7210110003000500 - UMKM - 2",7210
6de22ffc-67d4-4f82-a06e-dc0e7db932b5,"7210110003000500 - UMKM - 1",7210
81cf2d45-dba0-4e07-97d0-39462c290b43,"7210110003000600 - UMKM - 1",7210
5989d55f-f7d0-4f24-a0eb-6e965d35cba0,"7210130003000600 - UMKM - 3",7210
8ceaa105-aa9d-4d96-94e9-e6e768e86fcb,"7210130003000600 - UMKM - 2",7210
64c0534e-a70e-4950-a676-a09bbdbb3251,"7210130003000600 - UMKM - 1",7210
203cb7ce-e319-46e9-9d27-664bc91bb322,"7210130003000600 - UMKM - 5",7210
b14dba30-02a7-4a26-b2fe-d8c270057845,"7210130003000600 - UMKM - 4",7210
fc016891-ecb7-4eb6-9e98-cbe5558f5190,"7210130003000500 - UMKM - 1",7210
07473f57-5b73-41f7-926a-d15593cd1e55,"7210130003000500 - UMKM - 2",7210
7cd4a6ab-23f8-4bb5-9e1a-aff3b5ca90c1,"7210130003001200 - UMKM - 1",7210
55d9bbbb-be02-4447-b078-5ce1d8d3e3d3,"7210130003000400 - UMKM - 2",7210
14c67a4a-42d5-4272-b1b7-d459f1c14b7c,"7210130003000400 - UMKM - 3",7210
ff0e79b4-037a-4448-a803-dcadf11811ca,"7210130003000400 - UMKM - 1",7210
d80d60a2-b51c-49dc-9f7f-695ad444efc1,"7210130003001500 - UMKM - 2",7210
f05ef4a4-50eb-43aa-9a40-1bc042993bdc,"7210130003001500 - UMKM - 1",7210
555fa470-bdf3-4c5e-8c08-11114f2784a9,"7210130003001600 - UMKM - 3",7210
46e4ec29-c768-4ed2-a65a-3749fc3b120b,"7210130003001600 - UMKM - 2",7210
b6d0d96c-9f50-4423-b151-3535bb13c37d,"7210130003001600 - UMKM - 1",7210
f58f5c72-49f5-482a-a480-ccca0952ed68,"7210130003001300 - UMKM - 1",7210
a5821e17-7e12-44b5-8217-6cb7976701f2,"7210130003001100 - UMKM - 1",7210
cbb204fd-f72c-4db5-b166-cc1213ddf259,"7210130003001000 - UMKM - 1",7210
37ce8c02-219a-4741-bc57-6bc0c604a84e,"7210130003000300 - UMKM - 1",7210
6f608338-cebe-4e40-872e-ff356f632561,"7210130003000300 - UMKM - 2",7210
271f2b3e-8d25-425d-b298-9ddd6c7e547d,"7210110006000100 - UMKM - 1",7210
724ea7c7-8541-4e2a-933a-0e846b0a4c9a,"7210110006000300 - UMKM - 1",7210
9bdb15a7-a668-4814-925f-a132a8b988af,"7210110006000900 - UMKM - 2",7210
f2b8dfac-2266-4119-a44a-f8672ac43b72,"7210110006000900 - UMKM - 1",7210
d0ec3739-0bb2-4a87-8643-2fce824077bf,"7210110006000502 - UMKM - 1",7210
cb267720-1bb5-4b9c-9363-affc3cdf383e,"7210110006000502 - UMKM - 2",7210
f5d0bab6-6607-481f-a7b8-5e5856012122,"7210110006000502 - UMKM - 3",7210
e3eb6615-a29b-4649-8454-9e35b49dd241,"7210110006000502 - UMKM - 4",7210
52995c92-7699-47ec-8324-08824ab4dc5c,"7210110006000502 - UMKM - 5",7210
d01c551f-a315-4f30-8ef1-c34b3ec49cdf,"7210110006000400 - UMKM - 1",7210
e9ca35b2-86f4-4894-922f-7738142c0a1a,"7210110006000400 - UMKM - 2",7210
93eacb70-10af-4437-928f-9ea0e37646b4,"7210120002000300 - UMKM - 1",7210
11b771bf-d7f7-4929-9aa4-9cb154076335,"7210120002000900 - UMKM - 1",7210
65fbeb3d-235d-4695-8b16-64de5c54da69,"7210120002000900 - UMKM - 2",7210
52da8bf6-c796-42bb-825c-809d2b20e19b,"7210120002000900 - UMKM - 3",7210
3d2fca0e-78f3-40e3-89a3-77633a593ece,"7210120002000100 - UMKM - 1",7210
ec891241-e68f-4d66-8a7a-a6acff89203b,"7210120002000100 - UMKM - 2",7210
63cc15a4-5e33-42d0-8f13-37d98fb65427,"7210120002000502 - UMKM - 3",7210
92ef10a7-e3c8-4497-ae40-195450dedc1d,"7210120002000502 - UMKM - 4",7210
20cdaabf-c9cc-43b8-aaef-ca24fdf93c0e,"7210120002000502 - UMKM - 2",7210
e83d5bb0-d73c-448b-bc5b-3e386dc14a4f,"7210120002000502 - UMKM - 1",7210
74a64fbf-c761-4641-8050-6cad53af477d,"7210080001100402 - UMKM - 1",7210
c8368549-67a8-4e7a-874f-8816626e69fa,"7210130006000500 - UMKM - 1",7210
aec57526-359e-42cb-ad30-957c9b3cb23c,"7210130006000800 - UMKM - 3",7210
959fa90e-35d8-44b9-977b-d206eb116648,"7210130006000800 - UMKM - 1",7210
c325cb6f-a70f-4b60-b350-cf0418387b59,"7210130006000800 - UMKM - 4",7210
9f3bc5e4-04d6-4db9-9132-56ee67f7b5dd,"7210130006000800 - UMKM - 5",7210
c039f8d6-89f5-41aa-bb7d-fb05f40fc3f3,"7210130006000800 - UMKM - 2",7210
6042aad9-0c99-499e-a569-d3417d4d6e62,"7210130006000100 - UMKM - 2",7210
02e33ad8-e1bd-4c1b-8dde-843e5ca41fde,"7210130006000100 - UMKM - 3",7210
d6a9e5d0-a86d-4cd6-888c-0613149605f0,"7210130006000100 - UMKM - 1",7210
d45e29be-63e9-4356-9080-785e733523dc,"7210130006000200 - UMKM - 1",7210
ee19045d-8da5-4acd-a70d-5f12add9f201,"7210130006000200 - UMKM - 3",7210
ad150ee4-496e-4303-9418-e63e3a9070c4,"7210130006000200 - UMKM - 2",7210
0e1c1c26-026d-401f-8a81-393bb24ab8d0,"7210130006000600 - UMKM - 1",7210
2593e162-fb79-4e4d-b9fd-e41648c704b1,"7210130006000400 - UMKM - 1",7210
506f5d34-b4b1-45c5-bf8e-7afe5311a24f,"7210130006000400 - UMKM - 2",7210
592acc94-e1fc-4ef7-8e4c-ba68e37956fd,"7210120010001801 - UMKM - 1",7210
cfac3399-71bd-4278-bb8d-7e016586c724,"7210120010001802 - UMKM - 1",7210
ea1ce83f-e7e6-4f53-8be1-e265868d19d1,"7210120010001702 - UMKM - 3",7210
86726da0-6a3a-4a54-ba6b-9d1d8331c00d,"7210120010001702 - UMKM - 2",7210
3dd4f60f-a8d0-4f01-b9cf-3bedfa45c2cf,"7210120010001702 - UMKM - 1",7210
3a50bac8-3c79-49ee-9d12-5d0a6945b763,"7210120010001702 - UMKM - 4",7210
91a97541-52b8-43bc-9636-395ac0c557ab,"7210120010001701 - UMKM - 1",7210
89a9e989-5fbd-41cc-9a20-eb4a67d9f28c,"7210120010001600 - UMKM - 1",7210
b388184c-7112-428e-adfd-90f97661c2ae,"7210120010001600 - UMKM - 3",7210
be695abf-d4d0-491a-9e64-85ee88744fef,"7210120010001600 - UMKM - 5",7210
afb14464-c234-4e44-96a7-e9b868a5c5c6,"7210120010001600 - UMKM - 10",7210
09df4b3a-e98d-45ba-b2ab-3754535289be,"7210120010001600 - UMKM - 6",7210
112a4474-a1d6-4379-8474-545002ce103e,"7210120010001600 - UMKM - 2",7210
2784d8ed-0307-47f4-8b97-747f0b5c912c,"7210120010001600 - UMKM - 4",7210
caff37aa-16e1-4617-9c88-8c5dc2dc80d3,"7210120010001600 - UMKM - 9",7210
a8feadad-779f-47d3-9f19-a570ed8f240d,"7210120010001600 - UMKM - 8",7210
a2b7fb77-3be0-4737-9f03-90f5567ee5bc,"7210120010001600 - UMKM - 11",7210
edf484c7-1fdf-4276-ac6f-734334417339,"7210120010001600 - UMKM - 7",7210
095fd4cc-66dd-4838-99be-55c851cfe54a,"7210060002000900 - UMKM - 1",7210
f56560bd-abf7-4d7d-af0f-c825009c2355,"7210060002000400 - UMKM - 1",7210
ebc97937-c1b2-4709-959f-1db64184dfca,"7210060002000500 - UMKM - 1",7210
5e6f084b-c346-45a9-a9ba-19b820972263,"7210090005000500 - UMKM - 1",7210
6a2b4c55-616a-4b8c-877a-39b34dd28b75,"7210090005000100 - UMKM - 1",7210
1fc9d2d0-b248-4100-94e0-13acd21096eb,"7210090005000800 - UMKM - 1",7210
c9f8ec1d-3ce5-4377-a2f9-f81b20d50c59,"7210090005000600 - UMKM - 1",7210
b0c53faf-f37a-4a2f-99fd-b8947664cb09,"7210090005000700 - UMKM - 1",7210
f9ef40dd-de16-460d-912b-b9218010c022,"7210090005000700 - UMKM - 2",7210
f42ee4cc-e3c2-4f17-82a2-ee7a1f7e8844,"7210090001000400 - UMKM - 1",7210
9ca65f94-e24e-49d4-91bb-b8d06742d344,"7210090001000600 - UMKM - 1",7210
d2c57387-7e3f-4a70-bb2a-6ccec26005f5,"7210090001000300 - UMKM - 1",7210
b4ede043-2c79-487e-ba46-54f5081b974f,"7210090001000500 - UMKM - 2",7210
2bdcd03b-5bd6-4651-b8be-982d35d5960d,"7210090001000500 - UMKM - 5",7210
51ddc56d-0429-49f4-a865-eb39d70f5160,"7210090001000500 - UMKM - 3",7210
f5f9a7a5-b679-43be-a989-c3b2e9950922,"7210090001000500 - UMKM - 4",7210
67feca99-50d1-461a-97fa-ec8bd682ba27,"7210090001000500 - UMKM - 1",7210
0aed29bb-e4d4-4261-8d2b-eab39f2621f8,"7210090001000100 - UMKM - 2",7210
7173e80d-75ad-4f54-b07c-c83739435305,"7210090001000100 - UMKM - 1",7210
54cfb9e3-e494-491e-9fab-8b3395cce4d8,"7210090001000200 - UMKM - 1",7210
61e17bb6-532a-4eb6-88d1-53ab5cbd6bdb,"7210130004000700 - UMKM - 5",7210
7cd15019-3ff1-4ad7-96c8-541e93aaf91e,"7210130004000700 - UMKM - 1",7210
4d5a640a-533b-4a79-b153-e1e47bd8b62a,"7210130004000700 - UMKM - 2",7210
65fc3d65-96f9-47cd-93b7-5ef7a204c722,"7210130004000700 - UMKM - 4",7210
bbc8083d-a7ef-4714-aa14-1f7a386ada3f,"7210130004000700 - UMKM - 3",7210
0db8bd6a-ce2a-430d-9651-b7468d511cbc,"7210130004000400 - UMKM - 23",7210
0a826d25-1449-498c-8977-1bd2f60708b7,"7210130004000400 - UMKM - 22",7210
12b4d644-e215-476f-895f-722f8868c14f,"7210130004000400 - UMKM - 31",7210
405aca6a-fceb-4207-8707-c5affe4f9a9b,"7210130004000400 - UMKM - 27",7210
47a1ea7c-1ebf-47dc-948b-6f9edb7c8bab,"7210130004000400 - UMKM - 5",7210
72e05d93-6266-4f22-b8f0-68ba2bfbce0e,"7210130004000400 - UMKM - 9",7210
7a268204-4897-4cef-8774-f9cabbcad895,"7210130004000400 - UMKM - 19",7210
5ee88ba9-d714-482b-854a-8da0c8058d53,"7210130004000400 - UMKM - 26",7210
cbbc86d5-2c06-48bd-bba8-1129123c71bd,"7210130004000400 - UMKM - 11",7210
1fc76baa-950c-4717-92e8-5c629a1a9448,"7210130004000400 - UMKM - 15",7210
7dd12710-0bb3-4a37-9245-14a895608f12,"7210130004000400 - UMKM - 6",7210
506e27ae-99bc-466d-a4a6-16fc66bf8915,"7210130004000400 - UMKM - 24",7210
6b7741f6-92c3-4c0a-b20e-49823f54e8e6,"7210130004000400 - UMKM - 29",7210
6bd69f9e-0fd2-40a6-b170-ff618d5ba834,"7210130004000400 - UMKM - 12",7210
477aaefa-58c9-42ec-93a8-fa7976459b8c,"7210130004000400 - UMKM - 2",7210
85d4979b-6958-414a-851d-d0621d83b364,"7210130004000400 - UMKM - 17",7210
af7a7db1-8614-46fa-bf8c-97e25b9e452b,"7210130004000400 - UMKM - 4",7210
fef7972f-3c6c-465a-a9bb-ea4f82d0632c,"7210130004000400 - UMKM - 7",7210
5bdabb18-f9dc-440e-be0b-38b432a61a8b,"7210130004000400 - UMKM - 16",7210
98594a94-831d-418a-bf33-4dd29ed961d0,"7210130004000400 - UMKM - 20",7210
c0336c18-d3d3-4c4c-8768-a61aca4d4f90,"7210130004000400 - UMKM - 28",7210
d2aa7a84-793c-4a5a-b1b1-28f5f53b68cf,"7210130004000400 - UMKM - 1",7210
c2253b9b-0384-49cd-b9fa-1d33f666bbd4,"7210130004000400 - UMKM - 14",7210
fbee0da9-d891-49cd-b552-7860e2758492,"7210130004000400 - UMKM - 18",7210
2d02ca91-676a-4f7f-baf9-e47ee6f71bf5,"7210130004000400 - UMKM - 3",7210
ba8a5aa5-6aa5-4e74-bf96-4420df63d3b7,"7210130004000400 - UMKM - 30",7210
fc079551-3361-4e2f-9b40-0afd82dd4230,"7210130004000400 - UMKM - 10",7210
8e9d560c-e05e-48e0-a26e-174b17eec382,"7210130004000400 - UMKM - 8",7210
b26558c8-a073-444f-8e1d-f0654b2387ea,"7210130004000400 - UMKM - 13",7210
312deb72-e7cd-4c85-bd20-e53d4580af37,"7210130004000400 - UMKM - 21",7210
1300312f-d04a-4e29-9473-2d4cf8a751be,"7210130004000400 - UMKM - 25",7210
7421f577-faa8-4b67-ac66-9a87aaf833d4,"7210130004000300 - UMKM - 1",7210
3a9ee49d-2717-4e9c-9615-72e6c8c9fb5d,"7210130004000500 - UMKM - 2",7210
3285bfda-e15a-403f-803c-0e152424edea,"7210130004000500 - UMKM - 1",7210
00a495dc-6195-4146-a8c9-6369004a5de4,"7210020003000700 - UMKM - 1",7210
697f6305-9c33-4fbb-91a0-42d5510c93ec,"7210020003000200 - UMKM - 2",7210
c6ab35b4-586d-4bea-80cc-77763b652f7a,"7210020003000200 - UMKM - 1",7210
2ade23c2-8d5e-42bd-bf8f-cc770f798922,"7210020003000800 - UMKM - 1",7210
94669729-f612-4c5e-a1ed-ad37caeff250,"7210121002000500 - UMKM - 2",7210
ae6aa96f-9a9c-4587-b248-e05f966c9b4a,"7210121002000500 - UMKM - 1",7210
ba397287-7d71-4550-92ca-99be527ede0c,"7210121002001400 - UMKM - 1",7210
ff54fb4a-f4e9-4a93-b7fd-ff973a881a9b,"7210121002000300 - UMKM - 2",7210
e6bad15d-c458-416a-a64d-e9a1fb9ae5ac,"7210121002000300 - UMKM - 1",7210
0c6e3eef-2489-4535-8d42-2ca9ff17c9fa,"7210090007000100 - UMKM - 1",7210
1b1b0a5c-8e0d-4808-8a6e-de78731c0a8c,"7210090007000100 - UMKM - 2",7210
24c9d627-f798-4ab7-b4a5-8ea030446038,"7210090007000400 - UMKM - 2",7210
ac03683f-af8d-4f6e-ad62-fcb787a5bcc4,"7210090007000400 - UMKM - 1",7210
453058f0-091b-4ae2-af68-74d90ee1a48b,"7210090007000400 - UMKM - 3",7210
00e4b595-6dd5-47c7-bfaa-84c0e8bde672,"7210090007100100 - UMKM - 2",7210
1e1197d4-b6e8-4932-8482-20dc3581ee8c,"7210090007100100 - UMKM - 1",7210
bf52c685-b108-45bc-8ea2-409a555b0ce6,"7210090007000602 - UMKM - 2",7210
4fc2857e-9a1a-4b16-aad3-c2cd69e8b24e,"7210090007000602 - UMKM - 1",7210
bc5c1260-8a3b-4adf-b421-d1db1d333854,"7210090007000601 - UMKM - 1",7210
51b60125-cf74-429c-aa16-073a120ec981,"7210090007000601 - UMKM - 2",7210
9b595252-6349-4a49-a96b-e4d1eceed140,"7210090007000300 - UMKM - 1",7210
e8989cbb-e050-4dff-9470-36def3547844,"7210130009000401 - UMKM - 1",7210
6a4e4bdc-e286-4068-97ba-1362e50e36b8,"7210130009000402 - UMKM - 1",7210
0a079c68-664e-42ab-bcaa-fd505dfa7c4f,"7210130009000402 - UMKM - 3",7210
75c4d534-d3ff-45dc-9f63-feb647118f16,"7210130009000402 - UMKM - 2",7210
5bf0f4e2-a9e9-4ba1-b258-7405419123f2,"7210130009001500 - UMKM - 1",7210
7a8f75ed-22fb-43c3-ab17-0f25b5e2a4e2,"7210130009000700 - UMKM - 2",7210
00a097ba-044b-429c-9a6c-1bfc3d93dc75,"7210130009000700 - UMKM - 1",7210
23f3ec82-d3cb-4391-a58b-cb14d66c0ac0,"7210130009000700 - UMKM - 3",7210
9e4d8bdd-6afc-431b-82b2-8c51ae12d852,"7210130009000600 - UMKM - 1",7210
15418046-bfb3-48ef-8ec2-1b3f241e4abf,"7210130009000600 - UMKM - 9",7210
eaaafdd8-d86b-458c-881d-42d39010a18f,"7210130009000600 - UMKM - 8",7210
23008dc9-3e76-4b39-8f9f-588f04868b3a,"7210130009000600 - UMKM - 4",7210
db58701a-e613-4c13-9843-bcf251bf26aa,"7210130009000600 - UMKM - 2",7210
838c3b36-64e1-4231-9acd-033b2450a9f9,"7210130009000600 - UMKM - 7",7210
3dc1f24d-d351-43b0-9edc-707c7bbe79ea,"7210130009000600 - UMKM - 10",7210
149ee3f3-82fd-4f15-9b9d-e2ba077d6533,"7210130009000600 - UMKM - 6",7210
e6cbf4e5-ffe5-4a3e-9010-f657f3894c3d,"7210130009000600 - UMKM - 3",7210
3473c2b7-cdea-468a-96f5-74ea4dea115f,"7210130009000600 - UMKM - 5",7210
7218c835-1a9f-4b90-840f-45e32336b961,"7210130009000101 - UMKM - 1",7210
92a9a05e-176b-42a3-83d8-4ae4ca098bea,"7210130009000101 - UMKM - 2",7210
82f45c6e-079a-41ed-8a7e-59015cc4402e,"7210130009000102 - UMKM - 5",7210
2a5ab991-1d22-4f92-a032-0878b89e5899,"7210130009000102 - UMKM - 2",7210
687f22dc-1511-4444-9982-650d48ea8678,"7210130009000102 - UMKM - 6",7210
75355b60-aee4-430f-b6d6-62d7f9463f1e,"7210130009000102 - UMKM - 1",7210
8c6e04b0-fbb1-4541-bece-7135092f465d,"7210130009000102 - UMKM - 4",7210
d825120b-fb71-415c-82fb-743453b90a37,"7210130009000102 - UMKM - 3",7210
daaab25c-2bdb-45c1-a3fb-3f84cf736316,"7210130009001700 - UMKM - 1",7210
4a3ed44a-f8a6-41fd-b6b5-10c0a9e770a3,"7210130009001800 - UMKM - 1",7210
95e04d4d-4976-47a0-a474-0518a886def7,"7210130009000300 - UMKM - 6",7210
35c0c746-6903-4956-a2cd-9cf62b895703,"7210130009000300 - UMKM - 4",7210
06d76517-8157-49db-86f3-72e299004969,"7210130009000300 - UMKM - 9",7210
b6b35189-48f0-4068-8f1f-180c288a8ca5,"7210130009000300 - UMKM - 1",7210
0d619ecd-49b1-4aa8-8704-98014e7d3fb4,"7210130009000300 - UMKM - 2",7210
952d8da2-f847-433c-955e-2a08f56afeeb,"7210130009000300 - UMKM - 5",7210
990fd799-a8f0-46c4-a6a8-f2451879cb73,"7210130009000300 - UMKM - 3",7210
64d09499-5df0-46bf-885a-6d168736f87c,"7210130009000300 - UMKM - 7",7210
bc50b9cb-db34-4cbf-bb3e-29e9715a5cb4,"7210130009000300 - UMKM - 10",7210
4c21ad7a-bbc9-4f41-80b3-0e6ce61bc8b3,"7210130009000300 - UMKM - 8",7210
8639511d-7dfc-4e36-bd11-27b18f502fd4,"7210130009000500 - UMKM - 8",7210
704b5b89-84e8-4bb1-aa01-2f4ee0de918e,"7210130009000500 - UMKM - 2",7210
fe567525-67e6-4302-877e-cb900b6ced50,"7210130009000500 - UMKM - 7",7210
f784c345-ceb5-4c85-8bca-9bda46aeb730,"7210130009000500 - UMKM - 1",7210
bf87b56e-6190-4416-b536-ac05f3468ece,"7210130009000500 - UMKM - 5",7210
a7b166ba-4d6a-4734-acf6-b9d9cfa356a2,"7210130009000500 - UMKM - 6",7210
b9d9ae6b-3534-4776-b8ec-190b5f43dd57,"7210130009000500 - UMKM - 3",7210
a49a2790-aeae-4858-bd59-617a83980991,"7210130009000500 - UMKM - 4",7210
a371cded-4310-47b9-bd27-59f88973784e,"7210130009000800 - UMKM - 2",7210
119b8f22-dbda-41be-978f-978df24bd0e4,"7210130009000800 - UMKM - 5",7210
77bdcae5-d128-46b0-b829-ebc1d8c9e48b,"7210130009000800 - UMKM - 4",7210
fef88955-0440-4055-a198-08b688797f3f,"7210130009000800 - UMKM - 3",7210
6e4123f1-6fe7-4a56-a9e0-6f264d48db75,"7210130009000800 - UMKM - 1",7210
46daeea8-2dc0-4bd2-a56f-c877c9f98445,"7210130009001300 - UMKM - 1",7210
015ab6fc-3a81-4b48-9fd5-155305e51e39,"7210130009001300 - UMKM - 2",7210
f16d9dd1-0936-4dd2-82e3-142c59fc4133,"7210130009000200 - UMKM - 1",7210
b410e327-5268-4d95-a9fb-ed189c4d9b2c,"7210130009000200 - UMKM - 2",7210
2233f1f7-5ca4-4b30-9202-1b1b53c9def7,"7210130009000200 - UMKM - 5",7210
892e9eb2-8701-416b-af2c-aabec844a37e,"7210130009000200 - UMKM - 3",7210
0b00ab47-1496-4194-aa76-fa7f202c395b,"7210130009000200 - UMKM - 4",7210
5d96a9b6-744c-4331-930b-937ac987b1a1,"7210121006000500 - UMKM - 1",7210
03ebe893-9379-49ac-9be9-0b5ed2c7a4cb,"7210121006000600 - UMKM - 1",7210
6ada2211-5852-4333-8e16-04444ae59ef8,"7210121006001400 - UMKM - 1",7210
a6ba62a9-9c55-48f2-aba8-701aeea68382,"7210121006001300 - UMKM - 1",7210
9bf264b5-0503-4df0-afcd-84e8508a6c3e,"7210121006000900 - UMKM - 1",7210
2fce100b-dc46-47c9-93a2-631b94e0def4,"7210120009001700 - UMKM - 1",7210
8f8de452-3034-40f4-9694-0dcc7732569f,"7210120009000300 - UMKM - 1",7210
709d25c6-4c6c-4b2f-955b-32b8fe488516,"7210120009001800 - UMKM - 1",7210
13ce1878-99e3-414f-a55f-e3b80826d437,"7210120009000800 - UMKM - 2",7210
8b8571bf-188d-41d8-900a-359c6de8675b,"7210120009000800 - UMKM - 1",7210
49f38953-eba6-4d4b-a6da-47af2182bb4f,"7210120009000800 - UMKM - 3",7210
4c4ed54d-564e-4af9-952f-14b45f818cee,"7210120009000200 - UMKM - 5",7210
c6487551-d3b6-4728-8e25-463e208d0564,"7210120009000200 - UMKM - 1",7210
2a60e647-e41e-4256-9582-7a08b584975b,"7210120009000200 - UMKM - 3",7210
5872cd42-70e1-4310-8e46-c0290dad162b,"7210120009000200 - UMKM - 2",7210
7a2e730a-5cee-48f0-baf1-d4fbee998bf3,"7210120009000200 - UMKM - 4",7210
022417e2-90c2-4b99-bb9a-c3edfccb816f,"7210120009000200 - UMKM - 6",7210
bc615eb6-3999-4cea-81f5-87faee7eea2d,"7210120009000600 - UMKM - 3",7210
2999aa1c-0120-4c5d-8a8b-28d6f3a52946,"7210120009000600 - UMKM - 2",7210
fc98018f-115a-49f7-8798-f2b04ad62319,"7210120009000600 - UMKM - 1",7210
8c766b73-c824-41ad-9f4a-4ea5d444d5b5,"7210120009000400 - UMKM - 5",7210
a8e6d515-4996-44d7-8845-ca0c978cb074,"7210120009000400 - UMKM - 1",7210
f404df70-2308-40d2-af4f-178f646c88c3,"7210120009000400 - UMKM - 3",7210
967d3558-67fe-4bf0-b618-36db7e0727c2,"7210120009000400 - UMKM - 4",7210
848e6e75-7097-4117-8cfc-659eb1fb2f40,"7210120009000400 - UMKM - 2",7210
013de07b-1fcc-4e7a-93f6-d6ad1bc83d4b,"7210120009000700 - UMKM - 2",7210
e77bb7c3-b8a5-4c9b-8c70-aa5241fa5296,"7210120009000700 - UMKM - 1",7210
ab6040cb-1048-4051-8f37-141472959fe4,"7210120009000100 - UMKM - 2",7210
f932f81d-5ffa-43ff-a071-c52a17e2fe39,"7210120009000100 - UMKM - 1",7210
2b0a3870-c61b-417f-b423-796965cdd761,"7210120009000500 - UMKM - 3",7210
9c73143d-fdf3-4d27-83c1-f7cc25c620eb,"7210120009000500 - UMKM - 1",7210
6305db03-adea-4b02-917e-0ec2ebc2f0a5,"7210120009000500 - UMKM - 2",7210
d1eaa88a-5617-4d2a-9a20-aa14991efbfb,"7210100004000700 - UMKM - 1",7210
8655fca5-b97e-454f-acac-510f67ae5199,"7210100004000700 - UMKM - 2",7210
297dfbfd-32e7-40a6-87fd-ad26110cc69d,"7210100004000600 - UMKM - 2",7210
52246c4d-c5f8-4f79-aedc-045c03eb25ff,"7210100004000600 - UMKM - 1",7210
0987014a-412e-4fc7-a3dd-ca86145357c7,"7210100004000100 - UMKM - 1",7210
d3b11eb3-5d87-4f42-be53-49a296bd935f,"7210100004001200 - UMKM - 1",7210
db6a1264-d6b7-4911-9528-425e42a7756c,"7210100004000500 - UMKM - 1",7210
828ed381-0a6e-4448-9670-f5913715fc34,"7210130011000300 - UMKM - 1",7210
8510a046-9648-440f-b9e0-bf78003102eb,"7210130011001200 - UMKM - 1",7210
84572b57-be5e-4be2-aa06-100e3c0bd3e1,"7210130011000400 - UMKM - 1",7210
4403d482-cf99-45be-a181-deb00549911e,"7210130011000700 - UMKM - 1",7210
9be927da-c056-4219-b787-aa22ecb0ba38,"7210130011001000 - UMKM - 1",7210
f6826826-a2ef-4397-b0cd-efc7a433b7ce,"7210130011001101 - UMKM - 1",7210
c1edd7c2-5231-4dc5-9dfe-cd736dc72613,"7210130011001102 - UMKM - 1",7210
ac1eb1f7-df7b-4489-98a5-6c79126c8e0b,"7210130011001400 - UMKM - 2",7210
c1e046b2-a098-4fdf-867d-610026ee3c61,"7210130011001400 - UMKM - 1",7210
4348a0b0-1091-47f3-a2e3-4cf0c4628944,"7210130011001400 - UMKM - 3",7210
cd7f9cce-333c-4dce-ba22-daa4d40acadc,"7210130011000500 - UMKM - 1",7210
02b33662-471b-4745-ad56-0555d4d66b48,"7210130011000500 - UMKM - 2",7210
b95595f2-4c53-4bb6-bd59-f12b0c571ec3,"7210030011000900 - UMKM - 1",7210
93aff6b9-8ff1-4fc2-aca8-c31d5325f0f1,"7210030011000300 - UMKM - 1",7210
bf9455b4-35f6-4378-9b5b-49eb327ce52f,"7210030011000100 - UMKM - 1",7210
61ce3f46-65c1-4372-a868-faa0430a5bfb,"7210030011000800 - UMKM - 1",7210
c07f5ddf-68a9-4816-952a-420ae13625de,"7210030011000600 - UMKM - 1",7210
f011f249-625c-445c-ac7e-d80d6ca687b7,"7210030011200200 - UMKM - 1",7210
1f33aa5e-8493-4138-b22d-6cde050ecab4,"7210110008000900 - UMKM - 2",7210
80c606ae-9084-41c7-99b4-61e34cb940f9,"7210110008000900 - UMKM - 1",7210
d4f39c07-6f88-477b-9f60-38e4455c0558,"7210110008000500 - UMKM - 2",7210
6c2ad17d-485e-48be-a6c8-e3ecc266a0fb,"7210110008000500 - UMKM - 1",7210
2ec071a6-f2c1-42a0-ad10-c8c62f4a5b0a,"7210110008000600 - UMKM - 1",7210
b9a24242-cdde-4c19-aef5-e638884efd1b,"7210110008000600 - UMKM - 2",7210
c353d2ea-313e-4d4e-85f6-96a00a2d473d,"7210110008000200 - UMKM - 2",7210
b6873b0f-48b7-43cf-8c44-347b76b28783,"7210110008000200 - UMKM - 1",7210
edf7ca68-e811-4277-9fc3-74b83689971d,"7210110008000700 - UMKM - 1",7210
873a6e3d-1ee7-499d-b3fa-480bac58a685,"7210110008000800 - UMKM - 1",7210
c8f61c32-7e34-4e04-99a4-425c6e9cbbd7,"7210110008000800 - UMKM - 2",7210
2369931c-7df7-4833-b93b-6b76faf6a0be,"7210110008000100 - UMKM - 1",7210
06beaf85-1f55-4137-b5f3-e18886bd9557,"7210110011000600 - UMKM - 1",7210
ae2c0ba8-7454-4dae-abfe-5ecf953de1ba,"7210110011001000 - UMKM - 1",7210
f32c9b83-a387-4e2b-866c-39576a4603b0,"7210110011001000 - UMKM - 2",7210
9d866cf8-5654-4118-b17e-ba083206675c,"7210120014000600 - UMKM - 1",7210
3bf2a4fc-6c08-49ce-bf1a-a7638ecd1dfd,"7210100003000600 - UMKM - 1",7210
4001254d-ba5b-4335-af99-f73ab69121fc,"7210100003000400 - UMKM - 1",7210
014d75da-9a8b-4aca-a7c7-118b5716da40,"7210100003000400 - UMKM - 2",7210
301e2ad0-02f9-4acd-800e-eec40e7fada0,"7210100003000502 - UMKM - 1",7210
f1e9f7eb-6e88-4fdc-b6c2-6a29c5676bc2,"7210100003000100 - UMKM - 1",7210
e62814ef-a529-4ab8-a058-6abadf1f74e9,"7211020005000100 - UMKM - 2",7211
7717eb85-50f1-4e04-95d6-22cef7f14c43,"7211020005000100 - UMKM - 1",7211
797db3b5-c177-48e5-b8c0-660337a25ac7,"7211020005000200 - UMKM - 2",7211
df3086bc-1645-4a1f-bf5b-4ac463d4a518,"7211020005000200 - UMKM - 1",7211
12192aad-6eb1-45e1-93e6-1dfb57de486c,"7211070009000200 - UMKM - 1",7211
c61f4011-a826-43c6-bf10-e31448f0a0fb,"7211070009000100 - UMKM - 1",7211
a19db831-d2b2-4e68-a125-eca20ea9a427,"7211060005000200 - UMKM - 1",7211
f1294f74-02f3-4645-90ce-f3e9b9e641d6,"7211060005000100 - UMKM - 3",7211
0a388867-fb53-4577-9d4e-f27be9a045b8,"7211060005000100 - UMKM - 4",7211
3b035ff6-e4b5-4ec2-9eb3-2ea79e890e50,"7211060005000100 - UMKM - 1",7211
4ccbc678-b9b6-45b6-b757-be6590003416,"7211060005000100 - UMKM - 2",7211
181a6a89-d24e-4262-a2a1-530ceab7b81f,"7211070011000100 - UMKM - 2",7211
fbc0d763-cfc5-41aa-8a5a-fd8e6830b610,"7211070011000300 - UMKM - 1",7211
5446b37a-238b-4012-b1bc-c9c61adeb518,"7211070011000100 - UMKM - 1",7211
7e1d009c-8ec1-473f-90bf-ba532f9465a6,"7211070011000200 - UMKM - 1",7211
ce4cdd9f-59b9-43e1-b444-ec503beb8089,"7211070007000100 - UMKM - 1",7211
74af6b6d-f0e1-4025-8dcc-2ee9318b9118,"7211070007000200 - UMKM - 2",7211
cbd4590a-707d-4cda-8e19-9f5c05c8bf62,"7211070007000200 - UMKM - 3",7211
673ddb8c-b8f0-4691-8823-53ae76da1faf,"7211070007000200 - UMKM - 4",7211
a90fc9cb-c1d4-4d64-bc9a-d0bfbbc6007a,"7211070007000200 - UMKM - 1",7211
17e33068-db56-4b36-bb06-66e940382f6d,"7211070007000300 - UMKM - 1",7211
a5d55c82-a947-4af3-9c22-9bb5e36749dc,"7211010008100100 - UMKM - 1",7211
bfc66608-9a35-469a-96a4-a99f4edbda10,"7211010008000300 - UMKM - 1",7211
c0ffa281-66aa-4386-bf3c-190430e6cf4c,"7211010008000300 - UMKM - 2",7211
3b997341-2922-49cb-8060-dfd1042dcfed,"7211010008000200 - UMKM - 1",7211
637ec346-b261-4732-8f94-59e9fec934b9,"7211010008000200 - UMKM - 2",7211
4605295e-5e47-4f63-b178-628d8e30dc0d,"7211070016000100 - UMKM - 6",7211
44828ac9-2b27-40d4-af57-dd5f86adc9dd,"7211070016000100 - UMKM - 5",7211
2aa15e15-210c-41c1-8ac4-b18c96ce46cc,"7211070016000100 - UMKM - 1",7211
fae5536f-10be-4b48-a962-b54e777ad5ba,"7211070016000100 - UMKM - 7",7211
f3218c9e-2815-4737-8ec4-cd5ca94323c6,"7211070016000100 - UMKM - 4",7211
cf3d5061-29db-4cc6-b0f4-47e1f249c763,"7211070016000100 - UMKM - 3",7211
dfa51963-2615-4641-be9a-2f50845d980a,"7211070016000100 - UMKM - 8",7211
535ec1dc-0750-4775-a323-c97ff65bfe1b,"7211070016000100 - UMKM - 2",7211
9f28fc7c-391e-4654-a6ef-fd1589241035,"7211070016000200 - UMKM - 1",7211
88dc043e-985e-4979-829a-e3d5bfb33bc9,"7211070016000200 - UMKM - 2",7211
70ee49bc-2e84-4ac6-b118-7bc246e51ab4,"7211070016000200 - UMKM - 3",7211
e998b0ac-fdb0-48f4-ace7-8399f184fe67,"7211010009000100 - UMKM - 1",7211
1eeada23-8830-4f1e-bf24-27db38cabf6b,"7211010009000200 - UMKM - 2",7211
9e922d80-ddc0-4448-9c5d-77f837c728f1,"7211010009000200 - UMKM - 1",7211
0cc9c1f0-d3db-49ba-89e7-2a3f343cd5be,"7211010003000100 - UMKM - 1",7211
8b07a748-ea92-483e-9e87-ca4162580819,"7211010003000100 - UMKM - 3",7211
621a51f8-3e99-4cf0-9022-e4043e94ac19,"7211010003000100 - UMKM - 2",7211
b16c0988-bf34-4d96-a974-2608fec0d05e,"7211010003000300 - UMKM - 1",7211
0f7778d2-126b-47cf-a552-ac6bb81bdc9a,"7211010003000200 - UMKM - 1",7211
a244a9be-3f9a-491e-aa1a-548ffe8b9dec,"7211040009000200 - UMKM - 3",7211
9db73bf0-505b-4842-bffe-afe7c0ba0cab,"7211040009000200 - UMKM - 1",7211
626e27e2-489c-4a9b-93be-f16fb0e28da2,"7211040009000100 - UMKM - 1",7211
43c6f48e-ce25-43f6-961f-94e971c1555c,"7211040009000100 - UMKM - 2",7211
c7dc9802-5939-476c-bad2-eb04a8095255,"7211040009000200 - UMKM - 2",7211
27ef43ac-2c3d-4a9b-ba1a-bdd6442edf36,"7211040009000300 - UMKM - 2",7211
d2ef0544-c584-44e9-b4f3-18564606b172,"7211040009000300 - UMKM - 3",7211
8b3f1394-1d4d-4f4b-8abf-1af4fbb53c77,"7211040009000300 - UMKM - 1",7211
563e8891-8b2e-4a49-a2f6-1468f464c2a3,"7211040009000400 - UMKM - 3",7211
12fcb725-8b92-46a1-886a-6c01da419445,"7211040009000400 - UMKM - 1",7211
ce292a62-47e3-412d-a03a-83c5acefffd7,"7211040009000400 - UMKM - 2",7211
afbc3aeb-6810-45dd-a7b7-2ae04a09e55d,"7211020006000300 - UMKM - 1",7211
6dfbb3eb-73aa-4975-bac0-1ed202b6088b,"7211020006000200 - UMKM - 1",7211
69fb7155-8c75-442e-a772-d73dc0e4cc08,"7211020006000100 - UMKM - 3",7211
53143345-9ce7-4710-aefc-e97c7a1095b8,"7211020006000100 - UMKM - 4",7211
79234968-61b7-451f-a4e8-e11f597232d9,"7211020006000100 - UMKM - 5",7211
8cb907ad-651b-4465-9ac7-1a4e2c3104d4,"7211020006000100 - UMKM - 1",7211
6741a141-56b6-42bc-b9ed-2b09e787f060,"7211020006000100 - UMKM - 6",7211
a0f0efd2-3b07-4782-bac8-9ff8fe403de4,"7211020006000100 - UMKM - 2",7211
1c011dbf-046f-439a-b487-6b0e48913647,"7211040007000300 - UMKM - 3",7211
8cce2911-eaf4-43e8-878c-278078012291,"7211040007000300 - UMKM - 2",7211
8292d687-d194-4aa3-96c0-9a5cf9ef29b5,"7211040007000300 - UMKM - 1",7211
4f9a801b-3f9b-425e-8571-91cdf662b08a,"7211040006000200 - UMKM - 1",7211
a26f07c8-ed94-4599-a1c9-8e596baa008a,"7211040006000200 - UMKM - 2",7211
45ae93c0-5761-4bca-9089-9afe564b2d9b,"7211040006000200 - UMKM - 3",7211
9b669a9c-70c2-4328-88b0-e29269f8c531,"7211040006000200 - UMKM - 4",7211
a6422074-734f-4728-b3fb-680d8fcd3a63,"7211050005000101 - UMKM - 3",7211
b5d35b5c-83fc-4da5-b4db-81a044f2b5fc,"7211050005000301 - UMKM - 3",7211
2bab99f5-7707-4752-a457-c02ee9a8dc96,"7211050005000301 - UMKM - 2",7211
9762e0e9-2c05-4e14-ae30-5dda4f43a472,"7211050005000304 - UMKM - 1",7211
c136d8f2-e93b-4561-b735-d4a285bb1b3b,"7211050005000101 - UMKM - 2",7211
a5eab4a0-407c-4b08-be5c-e83a8257cad6,"7211050005000101 - UMKM - 1",7211
a10798ae-f1f7-4c24-b310-dc4b862d3134,"7211050005000200 - UMKM - 3",7211
e5580a54-0892-44ae-8838-1a97eacc206c,"7211050005000200 - UMKM - 2",7211
2df4c59f-d6df-42ea-8108-6c573dc0bfa2,"7211050005000200 - UMKM - 1",7211
5889ef9e-2901-46ab-8fd4-92a67a9b3fd8,"7211050005000302 - UMKM - 1",7211
16668c31-6fdb-4cd5-b24a-5ff78e0cb918,"7211050005000302 - UMKM - 2",7211
c5c299de-875b-4eeb-b286-7421c3171afc,"7211050005000302 - UMKM - 3",7211
e5d1e244-9429-4c3e-afd3-c55910564726,"7211050005000303 - UMKM - 2",7211
2c3ca69b-21a0-4298-85f5-22342e79b726,"7211050005000303 - UMKM - 1",7211
6b71468a-f965-4a00-8195-71828b7b382d,"7211050005100100 - UMKM - 1",7211
fe303835-6f66-4f01-ad6b-ca84d20f5710,"7211050005000301 - UMKM - 1",7211
7434460f-3b60-4639-810d-eee856864a3d,"7211050008000200 - UMKM - 4",7211
18ce39bf-54b0-44e8-9d95-aefce9da23a7,"7211050008000200 - UMKM - 1",7211
2f7b790b-e396-4c90-8056-ed885bd60398,"7211050008000200 - UMKM - 2",7211
c3b1e6ab-918c-47fa-b325-0dcc7f9678dd,"7211050008000200 - UMKM - 3",7211
fa3e67a0-96d7-4114-b749-9314828ba70e,"7211050008000300 - UMKM - 1",7211
cd14b4ab-b43a-4552-892e-0b43a0b63909,"7211050008000100 - UMKM - 4",7211
588b0451-29a3-4f9d-92a4-2954b2c5d816,"7211050008000100 - UMKM - 6",7211
9c2273ad-fc1c-4255-917c-12eaef722e33,"7211050008000100 - UMKM - 1",7211
fcebf68e-b471-4789-8c7a-9bd2bfadad66,"7211050008000100 - UMKM - 2",7211
c5fabf62-5356-44c0-adcc-9268b0678bdf,"7211050008000100 - UMKM - 5",7211
cbc79778-c19e-434e-8bb1-d2871a66bc6f,"7211050008000100 - UMKM - 3",7211
3cb5d10d-20ca-4c43-bda9-6caf9ad0ce5e,"7211060003000300 - UMKM - 8",7211
85a79c2d-7766-4d02-ac48-e71f8006bbac,"7211060003000300 - UMKM - 4",7211
dd888b3e-6bf4-4a43-8c48-ea6120f02512,"7211060003000500 - UMKM - 1",7211
23742d82-6d1c-4bad-bba3-dd3d374417fb,"7211060003000200 - UMKM - 2",7211
f19cb88e-a860-4f12-a3e5-557dc4d732a1,"7211060003000300 - UMKM - 7",7211
6e149358-218c-4ed7-9a9f-e86b9f6f8dec,"7211060003000200 - UMKM - 1",7211
f27c780b-805d-4a49-9382-55a31ac25493,"7211060003000500 - UMKM - 2",7211
4c610ac7-93a9-4e1e-966a-cbc92d448e41,"7211060003000200 - UMKM - 3",7211
1d0ce448-5933-4f72-9ff2-00d24114db5e,"7211060003000300 - UMKM - 5",7211
87ef7e73-ba17-4d34-a0ac-c279d34d5d7d,"7211060003000400 - UMKM - 1",7211
eb758781-dab2-45f5-984b-f40d7fede57e,"7211060003000400 - UMKM - 4",7211
647562ee-84c9-4dca-803b-40b04fe06119,"7211060003000400 - UMKM - 2",7211
d904efb9-1803-498c-bbdc-9b39b781b7e1,"7211060003000400 - UMKM - 3",7211
769f62ae-15e3-4a02-a05d-0d3d76160928,"7211060003000300 - UMKM - 3",7211
9b3a22f5-60e0-41c3-bba7-1744da80c16b,"7211060003000300 - UMKM - 9",7211
12d3ab20-c5e7-4a3e-80ef-ed391a79d0ec,"7211060003000300 - UMKM - 1",7211
6c933cd1-042e-4868-8874-e907bb0b48ff,"7211060003000300 - UMKM - 2",7211
3bcd4a69-af68-4b91-afef-13acf29555af,"7211060003000300 - UMKM - 6",7211
fe7ae9af-0f4a-4275-9c19-30d8e717b774,"7211060003000600 - UMKM - 3",7211
3469e47b-6faa-4294-a463-a5c17d4b336e,"7211060003000600 - UMKM - 4",7211
3d803b7f-35ce-470a-b217-353ee595130b,"7211060003000600 - UMKM - 1",7211
e2d532be-f2f8-4766-ba6a-2c023e335c3d,"7211060003000600 - UMKM - 5",7211
d89f92dd-cc78-4ac5-b3b7-3bb55c4429cd,"7211060003000600 - UMKM - 2",7211
0bd7b66e-59d7-4101-9aac-ca59b7faeb69,"7211050006000200 - UMKM - 3",7211
bfccafe7-19c3-4863-bb6b-c7647c65cee5,"7211050006000200 - UMKM - 2",7211
8b00ddad-41fb-4ddb-8f41-b13b8ed96994,"7211050006000300 - UMKM - 3",7211
72c7bc55-1708-4caf-916f-f8ceff60de22,"7211050006000300 - UMKM - 1",7211
25ecc734-dd9d-49dd-b751-9f5c0b06d9b3,"7211050006000300 - UMKM - 2",7211
d17cc694-f2f6-4aa1-a867-751e076d3c6c,"7211050006000200 - UMKM - 1",7211
922655b4-74f0-4ada-bc81-5874c2b5ea83,"7211030003000300 - UMKM - 1",7211
b6356380-d892-4446-8687-e63068821826,"7211030006000200 - UMKM - 1",7211
07b52661-a61d-44e3-8965-b5e774928ed5,"7211030006000200 - UMKM - 2",7211
015dc42e-8e7c-4af1-b9e0-a9e5f6236d5b,"7211030006000100 - UMKM - 1",7211
3981fa37-d495-49db-8633-0e7ed0f13b88,"7211040008000200 - UMKM - 2",7211
bccfbfa0-f0fe-4cef-9b1f-630af05356df,"7211040008000200 - UMKM - 3",7211
78fbbc1e-fda4-4125-9f85-278fe89dec5b,"7211040008000200 - UMKM - 4",7211
22d645a1-980d-441e-9b2e-b708b33f2f78,"7211040008000200 - UMKM - 1",7211
2692289d-40fd-4bdc-81a5-07d69aed28ca,"7211040008000300 - UMKM - 1",7211
f478c3be-4ea8-43df-b9b3-d20d60041b4f,"7211030002000100 - UMKM - 1",7211
7424e9fc-6bfd-41bc-8289-bf989ebfdd06,"7211030002000100 - UMKM - 2",7211
bb183611-8e9c-45fe-ad58-bbf08abfb637,"7211030002000100 - UMKM - 3",7211
c9138c2f-ee99-43a5-9725-2cf9314a0a07,"7211030002000400 - UMKM - 1",7211
c643cfef-6483-4294-8284-5b2c885e9f36,"7211030002000400 - UMKM - 2",7211
eb9e2e61-8702-4778-b3bb-823a5b6fb574,"7211030002000300 - UMKM - 1",7211
7f071984-d903-4ad7-838b-aa59f599d1dc,"7211030002000300 - UMKM - 2",7211
1e1d46d9-1b00-42d9-a988-990ca462fbdf,"7211070008000200 - UMKM - 1",7211
77366eb9-589a-4b7b-8182-a5ad72dea88d,"7211070008000400 - UMKM - 2",7211
a9c50d3e-6cc2-4293-9066-752a8438d233,"7211070008000400 - UMKM - 1",7211
c02c49a7-77e9-44f5-b03b-264628a88ea3,"7211070008000400 - UMKM - 3",7211
fe655d74-ff1c-4caf-bee7-53c6a6483881,"7211070014000200 - UMKM - 1",7211
f110ff7c-5da1-4dab-9d4c-37a852b07b21,"7211060002000200 - UMKM - 1",7211
c201ee6a-3d2b-442b-908a-32bcbd554736,"7211060002000100 - UMKM - 3",7211
ba63cb4f-9a91-4c25-8c00-853680a68017,"7211060002000100 - UMKM - 1",7211
c92052e9-ec36-4203-a966-8b038d844d43,"7211060002000100 - UMKM - 2",7211
da601f72-0051-4b6c-8306-18a8a3f17d2f,"7211060002000300 - UMKM - 5",7211
b4edff6f-a763-4a44-aa4d-88ffe8383897,"7211060002000300 - UMKM - 4",7211
273a86e4-921d-4373-91fa-e2fe566b30ff,"7211060002000300 - UMKM - 3",7211
cb9b8a18-bb04-403d-a346-404571deb5a0,"7211060002000300 - UMKM - 2",7211
e0ca3a2f-192f-408d-b490-d8c12de88a62,"7211060002000300 - UMKM - 1",7211
a1ab6512-fb8d-4687-8889-f40b78f13e39,"7211060002000200 - UMKM - 3",7211
86d14738-f294-4366-b9be-0b2a80c870d7,"7211060002000200 - UMKM - 2",7211
5757fdb8-6337-4ac2-8bf9-0f2ca3806ae7,"7211060002000400 - UMKM - 1",7211
f71b3ead-7362-4505-8db2-02d9a14c8b37,"7211070003000100 - UMKM - 1",7211
b193fdf8-1e3e-4638-965d-4559464c3a29,"7211010011000100 - UMKM - 2",7211
1bc27a90-80be-4b5b-b306-5f2db2d30a6f,"7211010011000100 - UMKM - 1",7211
1e5bb380-6689-4caa-8554-75defe146d6e,"7211010011000100 - UMKM - 4",7211
418ca62e-5afa-4f56-b6c3-70757cb942ea,"7211010011000100 - UMKM - 3",7211
320c5356-0478-4fbf-a471-731694b40b80,"7211070015000400 - UMKM - 1",7211
4e3f9710-8b74-4939-bdce-f3979ddaf8e2,"7211070015000400 - UMKM - 2",7211
a3fc4d96-3c75-4e56-835a-0bc360375e19,"7211070015000400 - UMKM - 3",7211
80d45b15-5de5-486a-9110-5409479e4cfc,"7211070015000200 - UMKM - 1",7211
9a3d7a9a-3494-4811-937d-2a263137011d,"7211070015000100 - UMKM - 5",7211
967d7f60-16e9-469e-a33c-cd53df1fbe77,"7211070015000200 - UMKM - 3",7211
9275e3f9-6d22-418f-b4ce-a9fa9d6c5080,"7211070015000200 - UMKM - 4",7211
846cfb12-f104-44bd-b197-28b739d6a2e9,"7211070015000200 - UMKM - 2",7211
1009f0d2-cee5-42e7-87f9-59d3395392d6,"7211070015000200 - UMKM - 5",7211
e61781c2-4f36-41e4-afba-371df5c498dd,"7211070015000100 - UMKM - 2",7211
e171cb98-8949-4f12-acc7-4aa555c38c9e,"7211070015000100 - UMKM - 4",7211
6ea05096-23ab-4bac-9f50-2f5042f62ea2,"7211070015000100 - UMKM - 3",7211
4244e2bb-3b5d-42e1-a9bf-a90271c8eb67,"7211070015000100 - UMKM - 1",7211
11657445-f099-42a2-a2f0-377c85e5fdb7,"7211070013000100 - UMKM - 1",7211
357e5124-8f8f-4b3e-a8e7-4fe5cdaf67e5,"7211020001000100 - UMKM - 2",7211
4311ecf5-2c3f-4299-9315-811101416fed,"7211020001000100 - UMKM - 1",7211
6a7d2027-001e-4479-b721-9994c5072ee1,"7211020001000200 - UMKM - 1",7211
3a4516e9-c597-43e7-b6d0-fe7ab1eb90ff,"7211020008000400 - UMKM - 1",7211
c7c8dbae-99fc-42f8-88ef-7c105084f142,"7211020008000100 - UMKM - 1",7211
d63f34c7-5046-44f6-91a8-20abcd7577b4,"7211050007000200 - UMKM - 4",7211
0b28d103-e84c-429a-bac2-8b2470b601ff,"7211050007000200 - UMKM - 5",7211
b8158587-c123-495d-bf5a-686865c558b4,"7211050007000200 - UMKM - 2",7211
78ce2efb-5527-4d94-96f7-7eac1ad9ed5d,"7211050007000200 - UMKM - 3",7211
a8aae70c-8b98-4ec3-8d22-5f9d00955a28,"7211050007000200 - UMKM - 1",7211
18eec9b5-13f6-45d2-8663-8ab3292f071f,"7211050007000300 - UMKM - 1",7211
b1349789-57d2-45f0-8efc-e8a3197650b4,"7211050007000400 - UMKM - 1",7211
1197e7d7-8e06-4ca8-ad05-29e5a48cec31,"7211070004000100 - UMKM - 1",7211
d3e360ba-4b3e-4af9-a21d-7509a291008b,"7211070002000200 - UMKM - 1",7211
69372127-6d34-48f0-a78e-43a7d6a80908,"7211070002000300 - UMKM - 1",7211
d2edc6ed-52ec-4ce6-87cd-d038411a1e82,"7211070002000400 - UMKM - 2",7211
c9274613-4c25-4db2-826f-8c56d7df1543,"7211070002000400 - UMKM - 1",7211
c9a7700c-ae05-4324-af33-41097de2e03d,"7211070002000100 - UMKM - 1",7211
fcc1d97d-6d2e-4df3-b6f6-98a0d5b9977a,"7211010004000300 - UMKM - 1",7211
01eb9a70-ff23-4c86-8d10-aee24180da76,"7211010004000300 - UMKM - 2",7211
0db32fca-bedd-453d-91ff-9ddba892dbd2,"7211010004000100 - UMKM - 4",7211
38ea712d-69ab-43da-8d6c-f1bba0945940,"7211010004000100 - UMKM - 6",7211
480c0fb6-f8e9-42e9-8c5f-d1cc34ea34c6,"7211010004000100 - UMKM - 1",7211
30071753-6d14-45fd-88f8-b7b4f9ed1985,"7211010004000100 - UMKM - 2",7211
16c406d5-e5fb-4803-89b3-294233f77243,"7211010004000100 - UMKM - 3",7211
3f84d60c-3e68-4981-8795-5214b1ae3b73,"7211010004000100 - UMKM - 5",7211
7b7e9d93-662b-4640-aceb-e1f0ced2e841,"7211010004000200 - UMKM - 4",7211
7a2d7039-d9e3-427d-bdca-1c00ad419583,"7211010004000200 - UMKM - 6",7211
aa7bbf26-b4f0-4fbe-854b-1685d1609adf,"7211010004000200 - UMKM - 2",7211
6a5eb6f4-38d3-4189-81d1-323dbf6ada31,"7211010004000200 - UMKM - 3",7211
8e98b0fd-b0bb-4583-a69b-40333f314909,"7211010004000200 - UMKM - 5",7211
e43fa382-cbfe-4c19-8fd2-0393bf404c04,"7211010004000200 - UMKM - 1",7211
a5055772-c45a-467f-8d71-cdd8203eda23,"7211040001000100 - UMKM - 3",7211
902cfeb9-e080-4e64-9d30-d7ba1775705f,"7211040001000100 - UMKM - 5",7211
f7477348-9fb5-4f2d-a3a6-c7881d6ed043,"7211040001000100 - UMKM - 2",7211
2721d64c-27b1-4eff-a60e-df0efbc74451,"7211040001000300 - UMKM - 1",7211
eb968bdc-19e1-4a89-aacd-ae60cc493038,"7211040001000100 - UMKM - 12",7211
d5a4c642-7e4e-4b29-a88f-dcf77696ecf7,"7211040001000100 - UMKM - 9",7211
d357fb2a-1339-4567-94c9-851679ef22df,"7211040001000100 - UMKM - 6",7211
07659be7-1c6c-468d-919d-aadde6fb47f5,"7211040001000100 - UMKM - 7",7211
5895957e-bbbf-47f4-a69f-821f996350d5,"7211040001000100 - UMKM - 11",7211
cabaa558-84ad-46e3-a955-0438487d15f6,"7211040001000200 - UMKM - 1",7211
2b1798b8-c97a-4833-a41b-f364d2458044,"7211040001000200 - UMKM - 2",7211
1ab4a7c0-d2f9-4d2b-8edb-d09e890f4773,"7211040001000200 - UMKM - 3",7211
337bd10c-07e4-4172-ac1e-502099af4fe5,"7211040001000200 - UMKM - 5",7211
c6452d6a-915a-4673-8fb2-84796f3869dc,"7211040001000200 - UMKM - 4",7211
2828d785-dc31-4357-a096-bb0c5c5e3e94,"7211040001000100 - UMKM - 8",7211
8e45cf04-970c-4b2c-b8bf-32f1611438cb,"7211040001000100 - UMKM - 10",7211
6795137e-6980-4a05-b123-9ff0b082a45a,"7211040001000100 - UMKM - 4",7211
37443494-a68f-48ec-aa01-da8a5dcd299e,"7211040001000100 - UMKM - 1",7211
73f0e87e-7cb7-4af1-b19d-45adc0436082,"7211040001000400 - UMKM - 1",7211
c736fcbd-2b4f-44e5-b4d6-770fd1099cb5,"7211040001000500 - UMKM - 2",7211
89366f37-257d-46d9-aefc-b5071e2361ff,"7211040001000500 - UMKM - 1",7211
877f9221-bef7-4fc5-8f17-96d21a45b4e8,"7211040001000300 - UMKM - 2",7211
c589fced-e822-4a6c-8b40-bbb13423b025,"7211030005000300 - UMKM - 1",7211
035366bd-f863-4b3b-a45f-ae7820ae4f85,"7211030005000100 - UMKM - 1",7211
8900b870-e2b3-43b7-9b60-a0ca68fac18e,"7211030005000100 - UMKM - 2",7211
bfce2577-8243-4eac-b66e-24f042214f36,"7211030001000500 - UMKM - 1",7211
6d7a50bb-f636-453c-8e7e-e49209252640,"7211030001000300 - UMKM - 1",7211
2cc5010c-9243-47fe-b676-bc2302b40a9e,"7211050004000200 - UMKM - 1",7211
0b3b7007-7759-4022-a112-1ec193590e3a,"7211050004000300 - UMKM - 1",7211
b60edfb9-8f8c-4673-95c6-359b7bfa20d5,"7211050004000300 - UMKM - 2",7211
65817804-b4b4-4e68-8044-87a89f362c6e,"7211060006000100 - UMKM - 5",7211
5908972d-6a2a-4d2e-9fd0-db3ae0175d4d,"7211060006000300 - UMKM - 2",7211
f874992c-04b8-4686-ad13-5d068657f297,"7211060006000300 - UMKM - 1",7211
447a3f8c-3d05-4b04-9564-5b22b82ee479,"7211060006000200 - UMKM - 3",7211
f75b632b-3c11-4ef0-899f-e381fbee7f99,"7211060006000200 - UMKM - 2",7211
e78aceac-0e9b-4d52-b562-d9dd984f1291,"7211060006000200 - UMKM - 1",7211
86137ce0-dcf9-4a54-9353-5b24f483fac5,"7211060006000100 - UMKM - 4",7211
f8c42de5-328f-412a-95f3-ff90935c102f,"7211060006000100 - UMKM - 2",7211
43db3ebf-f3fb-4546-a284-0ca0eb310599,"7211060006000100 - UMKM - 1",7211
d9c72e9e-09f7-409e-bd61-087092ffc9a2,"7211060006000100 - UMKM - 3",7211
d0245184-e6e5-4b22-87b4-db85b21e147d,"7211010007000200 - UMKM - 1",7211
418e96f5-46ec-40f7-8444-7d0456732810,"7211010007000200 - UMKM - 3",7211
4a89a741-2eb3-4799-9f5f-8ccde0221b72,"7211010007000200 - UMKM - 4",7211
6cca1eb2-72eb-45e4-92a8-f7da32368192,"7211010007000200 - UMKM - 2",7211
0546e503-08f3-4ed3-ac08-16544c6e9dff,"7211010007000300 - UMKM - 1",7211
985af2be-0eb5-42f3-a4b8-90ff4826f8f1,"7211070005000200 - UMKM - 1",7211
95c3b49a-ad31-48d4-a233-0ab42b649b13,"7211070006000200 - UMKM - 1",7211
5d26082a-4ce3-4edf-a9a3-b2eda316ee76,"7211060001000300 - UMKM - 4",7211
69d2e0b6-f8da-46fa-859d-f5f228e3607b,"7211060001000300 - UMKM - 5",7211
017356f4-07a8-4cbf-b083-d2568394a063,"7211060001000300 - UMKM - 8",7211
3acbf669-d94f-4aec-87c9-0f9fdfb22f5c,"7211060001000300 - UMKM - 6",7211
d8470319-fc03-46da-b478-95b2e1cb94fe,"7211060001000300 - UMKM - 7",7211
b513e6a0-5274-483d-b8a1-87aa38e81db5,"7211060001000400 - UMKM - 3",7211
1f91731d-2465-48ba-b347-46c13c4dacb5,"7211060001000400 - UMKM - 1",7211
83df08b5-d9a5-44b1-86bd-95a0aa0a82a2,"7211060001000400 - UMKM - 2",7211
c5ab2414-491f-494b-84ea-4ff04421f67f,"7211060001000300 - UMKM - 1",7211
707d3f72-a412-4dd4-80ee-022c55a2aca0,"7211060001000300 - UMKM - 3",7211
c3837072-4d54-4953-b037-041253773fc2,"7211060001000300 - UMKM - 2",7211
8d14736f-25af-44f7-9004-20a8d4aecd74,"7211060001000200 - UMKM - 1",7211
1d29e01f-6686-43a2-9fe7-e56e91f37ba0,"7211070012000400 - UMKM - 1",7211
62fd1077-528c-452c-b3d9-059203269ee1,"7211070012000200 - UMKM - 1",7211
3810a5e5-fcdd-4b10-b9b2-53d2eb7c6b16,"7211070012000300 - UMKM - 2",7211
89d5861c-f5e3-4a5b-87d0-ef234d3ed9f8,"7211070012000300 - UMKM - 3",7211
9ec3b93c-5035-42b9-be5a-6e1570615645,"7211070012000300 - UMKM - 1",7211
c678be01-c333-4a7e-a02f-ec6899dee882,"7211050002000100 - UMKM - 1",7211
aef1c061-09f1-4720-b458-d81860d0a76b,"7211050002000300 - UMKM - 3",7211
5cd3ba6f-4ed2-481f-bf1c-0d34293e0e85,"7211050002000300 - UMKM - 4",7211
1fd5a446-86f5-4236-9c04-20fe2696fa18,"7211050002000300 - UMKM - 1",7211
12155b8a-5f92-417e-a135-167ec51cfdb6,"7211050002000300 - UMKM - 2",7211
74257cd8-0032-4f39-9dab-05d4acb80fe4,"7211050002000200 - UMKM - 1",7211
4c09c6e8-4db1-4fe8-aceb-32288884e78a,"7211020004000100 - UMKM - 1",7211
960b8fca-fa54-4756-9982-bc81a3075561,"7211020004000100 - UMKM - 2",7211
c0a16134-5902-40bd-a348-d21bb461aaa4,"7211020004000300 - UMKM - 3",7211
550b5d5a-84f8-4c2d-a5fb-c1c5277848b5,"7211020004000300 - UMKM - 1",7211
a6dcafdd-8bd7-4170-b501-a46d1ce26369,"7211020004000300 - UMKM - 2",7211
ea6caa9e-277f-4d5a-9d92-4ee52f7c8fdd,"7211020004000200 - UMKM - 1",7211
66703556-b1da-4f7b-9c05-c56488535e65,"7211050001000500 - UMKM - 2",7211
69a73e43-23dd-460d-b92f-3e4492ed7edb,"7211050001000500 - UMKM - 1",7211
09596b49-c085-48d4-b993-daaba90d1d0a,"7211050001000100 - UMKM - 3",7211
4d187e98-6279-41da-bb0e-e0cbfbaa8838,"7211050001000100 - UMKM - 1",7211
f2ce3bfe-6b20-4c22-be41-3296440bc134,"7211050001000100 - UMKM - 2",7211
cef7b64c-253b-48a1-8185-2ad4b4d96da4,"7211050001000200 - UMKM - 1",7211
34889db3-9f62-4493-8eed-3b0ddd1ed9d4,"7211050001000200 - UMKM - 2",7211
f6f286c6-3ca2-46cb-adf1-39bb1ff05895,"7211050001000300 - UMKM - 1",7211
40704c89-1c1e-4007-ab06-f7b164c5cba1,"7211050001000400 - UMKM - 1",7211
830edcdc-1f83-42c8-9996-8b591d0d8054,"7211050001000400 - UMKM - 2",7211
2f58588a-eff9-48e5-b052-94bc4c046fc3,"7211030004000100 - UMKM - 1",7211
27019998-0d67-438d-ac6d-cd08487b6564,"7211030004000100 - UMKM - 4",7211
6d072f69-6789-4e2c-b368-847bdd54b477,"7211030004000100 - UMKM - 3",7211
d1e16b28-2173-47e3-91be-42df0a30712a,"7211030004000100 - UMKM - 2",7211
586320a6-96cc-4d35-b781-7e4970dc14b0,"7211030004000100 - UMKM - 5",7211
590a8582-9134-411f-aa66-d867a6b9b7d2,"7211030004000100 - UMKM - 9",7211
66d9ceef-b652-40b3-87ac-26eed0fc0958,"7211030004000100 - UMKM - 10",7211
b6f56119-67db-4db0-b80a-42a8975225ac,"7211030004000100 - UMKM - 8",7211
73b7b3e0-756c-46e6-a218-ec24dda769b7,"7211030004000100 - UMKM - 7",7211
11aad782-69d0-4547-8da9-7baf8ebb990a,"7211030004000100 - UMKM - 6",7211
06323be0-8c03-4961-96d5-2fcf67176e14,"7211030004000200 - UMKM - 1",7211
49765cb4-994e-493f-8f2a-733fdcff2119,"7211030004000200 - UMKM - 2",7211
7ca0b294-b062-4891-bfdd-af04f7aaf1d0,"7211030004000400 - UMKM - 1",7211
fc44cf20-d0a3-4057-8a3f-064ee4e52a82,"7211030004000400 - UMKM - 3",7211
a2afb516-45eb-40fb-b7cb-b6d0b132d124,"7211030004000400 - UMKM - 2",7211
5e9567de-2edb-4421-a928-7183d6468257,"7211030004000300 - UMKM - 2",7211
9ee67e4a-ab9c-44f0-bc68-f34052dc1d10,"7211030004000300 - UMKM - 3",7211
733bb073-2457-4299-b883-df80a9ee7409,"7211030004000300 - UMKM - 1",7211
1a1ccf9d-1b41-4ac9-8167-5d8bbe90362f,"7211070010000100 - UMKM - 1",7211
bd4d04f3-3a0e-44c7-8705-b85a0c895e48,"7211070010000100 - UMKM - 3",7211
ada1f861-a77e-4f0d-9ff7-617a813432f3,"7211070010000100 - UMKM - 2",7211
5a360631-6305-4e06-87f7-3d452e733a7d,"7211010001000300 - UMKM - 1",7211
b25376bc-4ee1-4dba-acc0-e533de0f67fe,"7211010001000300 - UMKM - 2",7211
408ecdf1-12e2-491c-a58b-90b299554d63,"7211040002000501 - UMKM - 1",7211
6fa521b4-89ae-43fa-9c00-1bf9f5ac2314,"7211040002000502 - UMKM - 2",7211
55be30d5-5ec5-4950-bce3-3c3c73a6a7c8,"7211040002000502 - UMKM - 1",7211
d3514940-64a4-406f-af3b-031ac03a13f5,"7211040002000401 - UMKM - 5",7211
9ef3d3b8-43b4-4f18-9f37-6816df88d6e9,"7211040002000401 - UMKM - 3",7211
c18b936c-86a5-4d91-875a-24a88061d9aa,"7211040002000402 - UMKM - 1",7211
b6b2ec7e-5531-4cac-9ea4-d4e10aea7df1,"7211040002000403 - UMKM - 1",7211
91e24e16-5d94-4a1a-b1b1-bf5a7dc754c8,"7211040002000401 - UMKM - 4",7211
7c35e8c9-73ac-4d8e-9ff8-07d122482e6f,"7211040002000401 - UMKM - 2",7211
80f5f801-807c-492a-9fc2-b1fef73ff17d,"7211040002000401 - UMKM - 1",7211
399dfc99-d3fc-4002-be78-1c02c3453356,"7211040002000101 - UMKM - 1",7211
10a55638-500a-4eee-b437-58e3fb72887f,"7211040002000101 - UMKM - 2",7211
6f137a59-0455-4701-a41f-0b597d1437f1,"7211040002000101 - UMKM - 4",7211
d1f4f28b-a677-48a3-a32b-6f9bb2082778,"7211040002000101 - UMKM - 3",7211
4620ed20-07ba-4277-a432-80b3722eb83f,"7211040002000301 - UMKM - 1",7211
074c224b-27b4-4556-aff8-08b7bf02042a,"7211040002000301 - UMKM - 2",7211
286d514f-c359-4c79-9f7a-5f84da0120aa,"7211040002000302 - UMKM - 2",7211
6afd2734-05d5-48fe-8f75-90f8ec422172,"7211040002000302 - UMKM - 1",7211
d1322357-b610-4f50-9d53-251f41a0d868,"7211040002000302 - UMKM - 3",7211
d36d5ab9-e2fb-420f-8ce0-e4ef8d8ea80b,"7211060004000300 - UMKM - 2",7211
f2f3135e-c8f9-4e7d-b91a-fd4b3d887e20,"7211060004000300 - UMKM - 1",7211
632ee271-7a13-456f-98af-e61c48be8727,"7211060004000200 - UMKM - 2",7211
c6c18707-a88e-4aab-bda5-1bf4e81752ff,"7211060004000200 - UMKM - 1",7211
38c1bfbd-d7fc-4aaa-a1cd-fbdfce1197b2,"7211040004000100 - UMKM - 1",7211
dea9957d-4ba2-4b8d-9c14-75879ae8dcc6,"7211040004000800 - UMKM - 1",7211
a89da167-abf1-43e8-8507-9f8b11a23393,"7211040004000800 - UMKM - 2",7211
89412570-b652-4bbe-b073-c42381865162,"7211040004000500 - UMKM - 1",7211
8c154ade-f14f-4297-954b-8774ac39b37e,"7211040004000500 - UMKM - 2",7211
3de35ac1-3b3a-4e45-bd40-ad16a233b409,"7211040004000500 - UMKM - 3",7211
a301b826-884a-4194-b0f6-65da46bb463e,"7211040004000500 - UMKM - 4",7211
c6ed4160-3f87-452b-bd5c-f3456e87b1b7,"7211020003000200 - UMKM - 1",7211
e44d9581-bae7-4b91-ac21-2bd621d060c1,"7211050003000300 - UMKM - 1",7211
6cbe5737-7311-4017-978d-9db6d927e8ff,"7211050003000200 - UMKM - 1",7211
48d0f69d-80fd-4b96-899e-f2eeb9d1b5df,"7211050003000200 - UMKM - 2",7211
fbfdb795-3914-4478-a622-45c0af8746f9,"7211010006000201 - UMKM - 1",7211
4a94a37a-f9ca-4298-9914-72b9c048a7c8,"7211010006000202 - UMKM - 4",7211
16eb0cf7-674e-40cc-b181-4aa6f5fa11d2,"7211010006000202 - UMKM - 1",7211
7f0981fd-05d4-425d-ae7d-200a7e7d5d1a,"7211010006000202 - UMKM - 3",7211
62881bcd-572d-4a2c-9ed5-5286a5550d5f,"7211010006000100 - UMKM - 3",7211
320292d1-5364-4f93-8ab1-69997590e106,"7211010006000100 - UMKM - 1",7211
43877ab6-2e74-4aca-b6c0-7be81eee25f9,"7211010006000100 - UMKM - 2",7211
debd6677-ccf6-497e-9c36-7cfafe55241d,"7211010006000301 - UMKM - 5",7211
79b1f1d7-5e7b-4145-b557-1bf9794118c5,"7211010006000301 - UMKM - 2",7211
4f884972-968f-4334-895d-4c5c3985c47a,"7211010006000301 - UMKM - 1",7211
2dd278f9-4413-493b-bc4d-875e43ae7085,"7211010006000301 - UMKM - 3",7211
80eaedda-a06c-44aa-9842-a54e49f572ee,"7211010006000301 - UMKM - 4",7211
9051765a-5b71-414d-b0ef-d0cfb580856c,"7211010006000202 - UMKM - 2",7211
34d8eaf2-f7a1-4fd9-aa4a-59a093207e0b,"7211010006000201 - UMKM - 3",7211
5b9a50de-44ca-4234-b161-66d750370fb5,"7211010006000201 - UMKM - 4",7211
3bb76d51-08dd-413b-b6ac-90d8ccb5a069,"7211010006000201 - UMKM - 2",7211
9efdce9b-4678-44ce-94d6-40f7bf08be07,"7211010006000302 - UMKM - 1",7211
aab97f0d-edac-4e89-b626-02ae5198e74b,"7211010010000100 - UMKM - 2",7211
1513065f-0658-4cb2-bc75-9a336e007722,"7211010010000100 - UMKM - 3",7211
15faf738-2d73-4f71-a6a9-b5da31eb762a,"7211010010000100 - UMKM - 1",7211
98ed2439-436c-44c6-b6b8-03e12d274ec3,"7211010010000200 - UMKM - 2",7211
49d44b8d-c172-4dcb-8ca4-819e6b192789,"7211010010000200 - UMKM - 1",7211
ba3649dc-819c-421a-aeb9-9b3269405fcb,"7211010010000200 - UMKM - 3",7211
8eae6767-bcf1-4343-a6c1-a720edb84c6b,"7211040003000800 - UMKM - 1",7211
e83a2560-d9e5-4d79-933c-5cdb76c9c8b4,"7211040003000800 - UMKM - 2",7211
0b59a6a4-c407-49c0-bf99-a56ce9c27949,"7211040003000200 - UMKM - 1",7211
efcaeb42-0805-446d-a325-4854575d598c,"7211040003000200 - UMKM - 2",7211
87170a82-d529-4e86-9a29-945d38ea9df6,"7211040003000600 - UMKM - 5",7211
5a3d4447-a431-47db-b6c9-dd001a861555,"7211040003000600 - UMKM - 4",7211
a73f2d88-49f2-4c68-b776-ab6fdb34cedc,"7211040003000600 - UMKM - 2",7211
3bf1dd7a-21a3-4bcf-8015-3302aa90da57,"7211040003000600 - UMKM - 3",7211
f2985ae4-ee2a-434f-bd7b-f1120cb762cc,"7211040003000600 - UMKM - 1",7211
a7c7b0c0-2f45-41b5-9c84-360c6184188a,"7211040003000900 - UMKM - 2",7211
328ba1da-8707-4b55-b081-ced028f13b28,"7211040003000900 - UMKM - 1",7211
d3486512-90d6-4c88-aaa9-a23840ff9b97,"7211040003001002 - UMKM - 1",7211
e0876d6c-76c6-44c0-a5a9-fb3dcf16ebfa,"7211040003001003 - UMKM - 1",7211
93320180-8aca-4bc8-96f3-ff8705fb4bf8,"7211040003000700 - UMKM - 1",7211
fd7ba828-093a-40a4-bb21-11e660645fcc,"7211040003000700 - UMKM - 2",7211
20b956e5-7280-4cdd-b79d-3cd2bba6dd55,"7211040003001100 - UMKM - 2",7211
954ab395-00ac-480a-88ed-f4a036de77d1,"7211040003001100 - UMKM - 1",7211
ff28a33b-6cfa-43b2-a361-96b8380b915b,"7211040003000300 - UMKM - 1",7211
c761520f-4b05-4e66-a475-7662a881ecfa,"7211040005000800 - UMKM - 1",7211
f0e04e90-951d-4882-bf0c-3cf3e4b92bc2,"7211040005000800 - UMKM - 3",7211
63b46de2-f29c-4e66-962e-36eed84d8365,"7211040005000800 - UMKM - 2",7211
829564ea-b872-40ef-848b-ef45ebc0f4b5,"7211040005000700 - UMKM - 4",7211
e34db43f-4c7a-4929-90e1-f82f31609f0d,"7211040005000700 - UMKM - 1",7211
0e3b0ad9-1874-4c7c-bcfd-4e984a882e62,"7211040005000700 - UMKM - 2",7211
47812e79-c112-4b9b-b042-7ee1df146f36,"7211040005000700 - UMKM - 3",7211
84112ccf-372e-46e6-9010-848d0b33d2e9,"7211040005001300 - UMKM - 4",7211
62d6f2b6-a809-401e-adbf-61db6c238973,"7211040005001300 - UMKM - 3",7211
03962e12-875b-4051-be7f-65c0b5ddd21d,"7211040005001300 - UMKM - 1",7211
31df01a4-d44f-4dca-b4d4-87011c57cb2b,"7211040005001300 - UMKM - 2",7211
5692ce98-19c4-4378-b3f4-7ea7cf3463fe,"7211040005000100 - UMKM - 1",7211
9c69c89f-6929-4b10-803c-ef2764a016cf,"7211040005000400 - UMKM - 1",7211
17e71016-7177-4736-adbf-c30c2f74613e,"7211040005000900 - UMKM - 3",7211
1bdf31c2-648d-4ea0-8d1c-edebcb639a1b,"7211040005000900 - UMKM - 1",7211
965dbaa7-3601-47b5-aeb5-451276739093,"7211040005000900 - UMKM - 2",7211
66b6ddff-e6ce-4deb-adca-517355317dd3,"7211040005001600 - UMKM - 1",7211
ed946fcc-2d97-4d8a-80f9-57865daeb17b,"7211040005001600 - UMKM - 2",7211
c116872f-34e7-4fb2-a4ad-c2b7a21ff01b,"7211040005000200 - UMKM - 2",7211
cdbc671b-b694-408f-b528-d03ddc9fc7a2,"7211040005000200 - UMKM - 1",7211
3f7a5699-6b6d-4281-bc9e-60e07db319f2,"7211040005001400 - UMKM - 2",7211
3f9ea046-8199-410a-8b67-4afaa5508ae3,"7211040005001400 - UMKM - 1",7211
59783397-3765-40b7-91cb-803fc104dba2,"7211040005001400 - UMKM - 3",7211
34b52991-e764-49da-844b-8358020be3d3,"7211040005001500 - UMKM - 2",7211
ea600044-d4e9-4221-94c3-aa6707c12082,"7211040005001500 - UMKM - 1",7211
72a24c80-8d35-4801-9f98-d85edd79cd0c,"7211040005001100 - UMKM - 3",7211
eb93e57e-7786-4e34-8208-7cc49bc88724,"7211040005001100 - UMKM - 2",7211
55a0612f-0e4e-4e2f-9f8b-422d8c3b2ef3,"7211040005001100 - UMKM - 1",7211
eab5d498-fddb-4cfc-99a2-3c0cfec8a48d,"7211040005001100 - UMKM - 4",7211
9638d109-b6f1-49c8-a990-8a7d99de2c45,"7211040005000600 - UMKM - 1",7211
dc2b57e5-ee0d-4fcb-a03f-b167ac8e15f3,"7211020007000200 - UMKM - 2",7211
a6a0c72b-af64-4274-bd6d-55d60a2ca2a9,"7211020007000200 - UMKM - 1",7211
29324e6e-5e67-4972-b031-1313b49eceaf,"7211020007000100 - UMKM - 1",7211
2034795d-f7b8-400a-9820-5bee7c537ee2,"7211010002000100 - UMKM - 1",7211
ee82a76c-5dc1-45d6-b0f7-d973be9f63d9,"7211010002000100 - UMKM - 2",7211
be641d6d-0716-4892-a3ec-258b7b0dfd99,"7211010002200100 - UMKM - 1",7211
3f8d7606-6c5f-40df-a664-3a584648c84f,"7212090024100100 - UMKM - 1",7212
edb882d5-48d1-4af4-b5d8-c712c4d272a6,"7212090024100100 - UMKM - 2",7212
00c46ef8-a2ba-427c-9c0a-6ccaf288618a,"7212030005000200 - UMKM - 1",7212
6b7cf19c-3b28-478b-9d47-ddee946ea40d,"7212100001000500 - UMKM - 1",7212
fc37c7b9-b982-4f94-84ac-e90e22fe5854,"7212090003000200 - UMKM - 1",7212
85864178-9c5f-4e63-b488-6ab48e814b98,"7212090003000100 - UMKM - 1",7212
a7945c64-83e6-467e-81b5-8937a408766e,"7212090003000200 - UMKM - 3",7212
22cf330c-5f58-4a6c-877b-6b62a93d31d3,"7212090003000200 - UMKM - 4",7212
db6a774d-9cf5-47d3-8b38-a20a77d8c815,"7212090003000200 - UMKM - 2",7212
37022e21-30ad-4402-9572-b7131c889283,"7212020012000400 - UMKM - 1",7212
e010f053-e3c7-4952-992c-c26f3a19f75e,"7212020012000200 - UMKM - 1",7212
958daa0d-b4dd-48bc-b380-98718f06fa28,"7212080008000400 - UMKM - 1",7212
e8033bc8-4404-47d8-8539-8b8dfd2110e7,"7212090009001000 - UMKM - 1",7212
f72e2903-c9c1-4af6-aece-9568577bbdf0,"7212090009001000 - UMKM - 2",7212
cfe44f27-69d8-4196-acdb-0c2e5f724ae7,"7212090009000700 - UMKM - 1",7212
4b6eba30-975d-4adf-a5d2-fca42e94562b,"7212090009000600 - UMKM - 1",7212
0fb2ebd0-d90f-4ae1-853c-2047032c832a,"7212070003000500 - UMKM - 1",7212
95626afc-eb50-482e-8836-1860745b4e0e,"7212070003000200 - UMKM - 1",7212
a93177ac-75d6-4f63-af85-936e573675a9,"7212070003000300 - UMKM - 1",7212
de41cdfa-113f-4da3-8c00-364f9380c117,"7212030009000100 - UMKM - 1",7212
a11284e5-d906-452e-b317-41a79a4b36e5,"7212100009000300 - UMKM - 1",7212
54f292bf-2771-49d2-a9db-d5506831d55a,"7212100009000300 - UMKM - 3",7212
a0e5a7aa-4c4d-4c48-9b34-36d3cd0e741f,"7212100009000300 - UMKM - 4",7212
76d49983-6a82-4009-8980-d127136a1c76,"7212100009000300 - UMKM - 2",7212
6a7152a7-4666-4796-9770-b6afc3b910e7,"7212100009000100 - UMKM - 1",7212
a6a2a89b-aa19-4298-8b22-4c7bf2d405bf,"7212040002000200 - UMKM - 1",7212
5de6e4e5-569c-4c94-b17a-bbdbda51cbbf,"7212070001000300 - UMKM - 1",7212
8095a1e4-03a4-4051-ac6d-28165ba4712d,"7212060007000100 - UMKM - 1",7212
93480307-8e25-48a5-b60a-3fae117a30a8,"7212060007000400 - UMKM - 1",7212
382123b2-fed3-430e-81aa-ccd6f28ee257,"7212060007000200 - UMKM - 1",7212
9ede1d88-0a12-4726-806b-121370b04c24,"7212060007000200 - UMKM - 2",7212
4b482637-0176-4b15-95f5-8810832919a6,"7212060007000500 - UMKM - 2",7212
aea4d431-689a-48b4-be66-44602c67640e,"7212060007000500 - UMKM - 1",7212
584992c9-8d97-4dcb-adf7-cde24c88da20,"7212030010000200 - UMKM - 1",7212
f54a08e5-4501-4afc-8c1f-5c244f280604,"7212070008000400 - UMKM - 1",7212
7578356c-aeb2-48c7-94b1-59d4c7848fc7,"7212060006000100 - UMKM - 1",7212
f0865f0a-4dfa-4188-bf4c-9c505aafed51,"7212060006000200 - UMKM - 1",7212
1cdccbd6-7d02-47b8-82b5-3cfd46ed31af,"7212050010000500 - UMKM - 2",7212
28d2b992-8026-4731-b076-bbd661b5d024,"7212050010000500 - UMKM - 6",7212
60dc7c74-4736-46b5-bfa2-2cdf7993b312,"7212050010000500 - UMKM - 4",7212
044bb162-df50-4f87-a712-9c925971b2e0,"7212050010000500 - UMKM - 3",7212
10c7accc-f8ba-4b39-a186-d3bf1e2ffe12,"7212050010000500 - UMKM - 5",7212
a9cabfc8-b2a0-41e2-9d57-5909263d6555,"7212050010000500 - UMKM - 1",7212
043185e9-494f-4c6b-8216-915fa4b5985b,"7212100002000600 - UMKM - 1",7212
cdc66f54-cba3-4e2d-a97d-c6a6673577b8,"7212100002000200 - UMKM - 1",7212
66219131-f859-4f89-a49b-4a7388c3a0c3,"7212100002000300 - UMKM - 1",7212
15c77cc2-b3a8-4efa-8712-d8b52089a3ee,"7212100002000400 - UMKM - 1",7212
b2c024db-7a72-485a-a8c0-9c88c51a76b8,"7212100002000400 - UMKM - 2",7212
ba08e0a3-6b2d-4a85-8b5b-a67d3806b276,"7212090022000200 - UMKM - 1",7212
8db29c26-f0bb-43c9-9be8-73d7b176a890,"7212090022000200 - UMKM - 2",7212
1d7b6b3e-cb73-48ad-b22b-88952b690f68,"7212090004000500 - UMKM - 2",7212
bf3c1e10-c061-4410-9f33-332623fbc63d,"7212090004000500 - UMKM - 1",7212
92123c28-2512-4217-8d0d-6862789b7576,"7212090004000600 - UMKM - 2",7212
992e168e-ab3d-4cd8-ba54-34e3a03cfc6f,"7212090004000600 - UMKM - 1",7212
f791d8f3-3ec5-48d3-bdd4-77a170395f4f,"7212030007000400 - UMKM - 1",7212
63062f2f-d061-47c5-9afb-bd0e9f24cbe5,"7212090005000400 - UMKM - 1",7212
b34a86e4-6f9d-43fb-8652-d51478fbb40b,"7212090005000900 - UMKM - 1",7212
071a40fe-aff1-48a8-99d6-395cc72666b6,"7212090002000300 - UMKM - 1",7212
85aacebd-c79e-41c0-a6c6-ee43d63afc82,"7212100013000300 - UMKM - 1",7212
cbd4d1a1-33dc-421d-9b0c-f66c464c804b,"7212100013000200 - UMKM - 1",7212
5b3fbe1b-54d4-441a-956b-f9f215f4566e,"7212100013000100 - UMKM - 2",7212
44b1e09a-57b6-4c17-beca-a2598e5f8ddf,"7212100013000100 - UMKM - 1",7212
982eaaae-6c0d-4de3-8251-989bb930bd14,"7212030004000400 - UMKM - 1",7212
6d63bff1-76d7-4183-b1a9-930daac1e03f,"7212010012000300 - UMKM - 1",7212
4df1b0fd-bcf5-4500-bd86-6a51629af171,"7212010012000200 - UMKM - 1",7212
6d136009-844a-4a1a-a25a-f2726c3a4678,"7212040009000100 - UMKM - 3",7212
3812b4c0-44f4-455c-9129-ed066fa68017,"7212040009000300 - UMKM - 1",7212
fbf9b7f3-0f5a-484a-bfc7-df325d46fdfc,"7212040009000100 - UMKM - 8",7212
105be102-1796-490a-b78f-b17d8a8b868d,"7212040009000100 - UMKM - 1",7212
4c5de790-bb3e-4576-a759-dc6ece10e2e3,"7212040009000100 - UMKM - 6",7212
bbdc6d83-a89a-452c-a36e-d901be26ae50,"7212040009000100 - UMKM - 2",7212
ac81aa5a-0530-4566-969f-dba6ae8192f5,"7212040009000100 - UMKM - 4",7212
56ecc8ae-e3bb-4362-8ca5-7e5e53d0174f,"7212040009000100 - UMKM - 5",7212
74dde753-efae-45fa-bca9-8d7642c3e331,"7212040009000100 - UMKM - 7",7212
980a43e4-89eb-4612-88b4-2dd3ac313f15,"7212060008000500 - UMKM - 1",7212
bee090e1-a9ec-49d0-9079-d8503f9f258c,"7212060008000400 - UMKM - 1",7212
3274a030-2443-458b-b7a4-088c259e6035,"7212060008000300 - UMKM - 2",7212
5bd9eb64-b9e2-43a2-b498-93d4e0d0923d,"7212060008000300 - UMKM - 1",7212
7e8ec519-c4a7-4309-aac7-6b6d82145071,"7212090011000300 - UMKM - 1",7212
1044757d-209c-471d-8f7e-c26dbf1bb4cf,"7212020013000400 - UMKM - 1",7212
c827b449-6ec5-4e7f-862a-52ea3a409103,"7212090018000100 - UMKM - 2",7212
0eb835f1-6f22-486d-825e-d23d5c71b072,"7212090018000100 - UMKM - 1",7212
27d79bd3-1baa-493a-955d-7a9f09268b42,"7212070002000300 - UMKM - 1",7212
239f755c-eb87-4c1e-9ebc-6b85f7fee0f3,"7212010007000600 - UMKM - 1",7212
1003f8ba-7f19-4653-b8cd-2c282a7680fa,"7212010007000200 - UMKM - 1",7212
8cefc7f0-de18-430c-b8b0-5c9f0aa2ded8,"7212010007000200 - UMKM - 2",7212
5d4a1759-343a-458f-8907-fb8ddb966267,"7212080003000300 - UMKM - 1",7212
fc6a5928-3db8-4e8c-88ee-d35653c9cdac,"7212080003000200 - UMKM - 1",7212
00bb7e82-2281-4bfd-8672-630f32df4fec,"7212080003000500 - UMKM - 2",7212
cc29dbe7-95cd-4485-bd8f-bd46d9eeb3f9,"7212080003000500 - UMKM - 1",7212
4b57e4a1-e647-44ce-8fe9-2435ce6983d4,"7212010002000400 - UMKM - 1",7212
06b2404e-ac02-4514-8ea5-118b40ffeeee,"7212030003000400 - UMKM - 1",7212
7d712116-35e3-48d7-b3cd-0f54f08a8a02,"7212030003000100 - UMKM - 1",7212
3bdf65af-a436-4e6a-a1bc-79b89f48ffb6,"7212060005000400 - UMKM - 1",7212
43b7aace-6ec7-412f-b2a1-36c5ab599639,"7212060005000200 - UMKM - 1",7212
fc9fc996-77ed-4d23-8336-2266016e8dbc,"7212100003000300 - UMKM - 1",7212
8f39eb9b-ba6b-44e3-87b9-f2fd85b1022a,"7212100003000300 - UMKM - 3",7212
3e92c029-1b56-4a3a-855e-385e45d48a90,"7212100003000300 - UMKM - 2",7212
030c1941-294f-4794-a213-cc5a4c79bd36,"7212100003000400 - UMKM - 1",7212
85ad5c67-287a-43da-bbad-ab0390bafddc,"7212100003000400 - UMKM - 2",7212
581af39c-2011-4820-97ef-81b620406af0,"7212100003100100 - UMKM - 1",7212
3741619a-54b3-4877-8699-137a47edd900,"7212100006000300 - UMKM - 1",7212
799305dd-13d4-4d35-8f04-e91e25ece83e,"7212100006000600 - UMKM - 1",7212
d1ef168d-69f9-4ab3-9741-fb66d20198c8,"7212100006100100 - UMKM - 1",7212
23cc3c59-7160-4f06-802e-9b966b6c0ba0,"7212050005000700 - UMKM - 1",7212
1a53e375-c692-45da-816e-8fd17fe7c411,"7212020014000300 - UMKM - 1",7212
4856d1de-2ac1-48a7-bee8-787cdb88c489,"7212090023000200 - UMKM - 1",7212
ca0fbc42-e589-48a4-9ebc-572a1ff327ed,"7212090023000400 - UMKM - 3",7212
d28cab56-b8ec-464f-93cd-3f24482fa1a0,"7212090023000400 - UMKM - 2",7212
4210dfc8-0d61-4443-a939-ba33bd3456d3,"7212090023000400 - UMKM - 1",7212
3d94d0bd-823c-4db7-b53d-a2178f994ca0,"7212090006000800 - UMKM - 1",7212
9eda6140-2363-4a6d-8fec-eb6380011801,"7212090006000400 - UMKM - 1",7212
2d4a49c2-6394-4bf7-85d7-485d27e083d8,"7212090006000400 - UMKM - 2",7212
03ea3fe9-f7bf-4162-b3c6-cc0d93b93f7b,"7212090006000500 - UMKM - 1",7212
c4bd15fa-de43-4151-9a07-cfa16f561c57,"7212090006000300 - UMKM - 1",7212
ddb82d27-1087-4fbb-8746-ee6e08792ab4,"7212090006500100 - UMKM - 1",7212
ea2b6b70-1352-4722-a58e-77a21fe8626d,"7212090006000200 - UMKM - 1",7212
235f801b-919b-4a96-ad6b-517ab6e18ebe,"7212010008000400 - UMKM - 1",7212
5c87a5b3-e379-4cf6-ab93-84c98be1b8d7,"7212010008000400 - UMKM - 2",7212
8a8d433f-96fb-457d-8a81-3ed4c6e93aa3,"7212010008000100 - UMKM - 1",7212
e741f2db-25a4-4c91-a207-8acab0d1c5f0,"7212010008000600 - UMKM - 1",7212
6ad540dd-7aea-42b4-846d-09562f2a618d,"7212080007000100 - UMKM - 1",7212
7ff68d69-e0de-48e1-ab6e-f59f75cbfdd4,"7212090007100100 - UMKM - 1",7212
730c3f26-641c-4b98-b02e-489b4805797c,"7212060001000100 - UMKM - 1",7212
27b967b1-5e40-46b0-8403-515d35c995ce,"7212100014000100 - UMKM - 1",7212
eb2178d0-62e3-492d-94ba-b962f98e1cd5,"7212020009200300 - UMKM - 1",7212
1fbe06d0-d2f5-4da0-8917-d44acaa8a351,"7212020009000500 - UMKM - 1",7212
e5e07911-7d80-44ea-b0f9-0438e13e3f53,"7212020009000100 - UMKM - 1",7212
35e961a1-5423-4dc0-a261-a61ec07ec1dd,"7212020009000600 - UMKM - 1",7212
e96ae448-a915-47c5-94d0-2f5e76a4d3d8,"7212090010000200 - UMKM - 1",7212
fbf87bbf-3397-4b00-9f44-7008519dd627,"7212090010000400 - UMKM - 1",7212
5f1631d5-8205-4aed-80d8-50b625f9de81,"7212090010000300 - UMKM - 3",7212
24142045-250a-415c-a03d-92717fdc3d67,"7212090010000300 - UMKM - 2",7212
b11728f6-52f2-4929-8403-b6ed9176df5d,"7212090010000300 - UMKM - 1",7212
34cd597c-7db9-4d3c-8de6-a6e7a21b4ab8,"7212090010000100 - UMKM - 1",7212
c0d8a35f-40fe-48ab-b8c7-36e557ac9ade,"7212050002000400 - UMKM - 1",7212
fca9eb90-01fa-42bf-81f2-218f801f133b,"7212050002000400 - UMKM - 2",7212
04305fb1-5d07-47ee-9c0e-f7987d1983d9,"7212050002000400 - UMKM - 3",7212
a57e147c-0e4d-4972-a384-ad0ef3eb4576,"7212050002000300 - UMKM - 2",7212
16f3a5b2-b5f7-4514-9576-b1d35e5cd23f,"7212050002000300 - UMKM - 1",7212
53856fec-200f-4538-a514-68b4257a8424,"7212050002000300 - UMKM - 3",7212
c555aa58-3a1d-498a-860d-34e45fcd6b3d,"7212090016000500 - UMKM - 1",7212
c9cde6af-ba02-44da-aae6-451b77a1ec49,"7212040003000300 - UMKM - 1",7212
7843490f-dd2e-4fd8-92d5-60cb515e91ed,"7212040003000500 - UMKM - 1",7212
fa54f4a8-1810-42aa-b0aa-abebc735bdb6,"7212020004000300 - UMKM - 1",7212
839636c6-5b3d-489e-b3ef-49e2dafddb18,"7212020004000100 - UMKM - 1",7212
63f5770e-a052-46a0-a943-113daf4f7a22,"7212060010000200 - UMKM - 1",7212
ccd57fce-2c2a-4a60-86ab-c8c8a3cb37ec,"7212090014000900 - UMKM - 1",7212
02b85268-4f4a-4b69-8520-2399c627c3bb,"7212080005000100 - UMKM - 2",7212
32429469-6f1c-4151-9812-c439fb6441a8,"7212080005000200 - UMKM - 1",7212
3528aa4c-48cb-4474-bdb4-13e60999413b,"7212080005000100 - UMKM - 1",7212
874ea0e5-8cb9-4f8c-8d48-4d7eeda8d7e7,"7212040006000200 - UMKM - 1",7212
a62f4ec4-18b6-4547-9ccd-295a4def79bc,"7212040006000100 - UMKM - 1",7212
012dfc26-0541-49f7-a8fb-72ec052636db,"7212080002000600 - UMKM - 1",7212
33a93119-86a5-4723-9c68-b749859274b3,"7212080002001000 - UMKM - 1",7212
ace3d688-ed80-4db2-8672-e7870fadbfe1,"7212080002100100 - UMKM - 1",7212
1b4053e4-654b-4d08-9148-e4769f534ee9,"7212010006000500 - UMKM - 1",7212
e9239727-a768-4839-9d23-c6281de15e93,"7212010006000600 - UMKM - 2",7212
1358ff5d-66c8-429f-a6cd-f6a8c9ca554c,"7212010006000600 - UMKM - 1",7212
24ee9d81-1657-451a-b98a-faf2f063b711,"7212010014000300 - UMKM - 1",7212
937a702d-7037-43c8-9f8d-4501b53f8cc5,"7212010014000500 - UMKM - 1",7212
079adc56-e04e-4e77-bd4f-8ac10aa3b647,"7212010014000500 - UMKM - 2",7212
01713cea-c988-4bc4-b772-03d669889c1e,"7212090013000100 - UMKM - 1",7212
17b08f37-875c-42f7-8709-922964f9b766,"7212090013200100 - UMKM - 1",7212
082b7aa8-3b49-4d33-8144-0381c7bed693,"7212100010000500 - UMKM - 1",7212
6a0ef56d-5c38-475e-91d3-a96fbf6d9ccb,"7212100010000400 - UMKM - 1",7212
48ab9dbe-99eb-4b20-9940-082cc2d7b59d,"7212100010000200 - UMKM - 1",7212
a6fcc028-826b-4783-9a16-23419b3b7f9b,"7212100010000300 - UMKM - 1",7212
af428279-be35-4bfa-9c8a-b3f457f5e3ca,"7212100010000600 - UMKM - 1",7212
5ac7e66b-2c17-43b5-bcf9-14d3fa2e6c52,"7212080010000300 - UMKM - 1",7212
3a9886fc-59d2-4cce-be95-9fe4d6f3a411,"7212080010000600 - UMKM - 1",7212
c6213c00-8ba3-4f3d-af6c-d97b02c38747,"7212080010000700 - UMKM - 1",7212
04e1bb73-5651-4568-a6a5-12ea03df846c,"7212080010000100 - UMKM - 2",7212
eb73af5d-9f49-479b-98ea-29db72e8b8d6,"7212080010000100 - UMKM - 1",7212
0bc18222-e745-46a1-bc12-d1c8e69cc66d,"7212050004000100 - UMKM - 1",7212
336f311e-6e11-47e5-af2d-510e1c27b9df,"7212090012001000 - UMKM - 1",7212
398bbfbe-bdeb-4a71-b306-38680c67f387,"7212050003000700 - UMKM - 1",7212
b3f176a7-c3fb-47cc-b4fa-b8bfc1db7a7b,"7212030001000300 - UMKM - 1",7212
c07f46b1-a844-427d-b0bc-f787581b106b,"7212030001000700 - UMKM - 1",7212
b8332bbf-7a8e-4994-a02c-05bbc183842d,"7212030001000800 - UMKM - 1",7212
2301ca2f-87ea-4cf2-87f7-65f9f95665e2,"7212030001200200 - UMKM - 1",7212
abd99d97-5d6f-4033-bea1-e6e448617365,"7212080001000200 - UMKM - 1",7212
4a3be133-6bf0-4544-9218-c003804e7fb6,"7212080001000100 - UMKM - 1",7212
6b1d84ac-2cbb-4dc4-993d-1555ff60385a,"7212080001000300 - UMKM - 1",7212
49bd1adc-f8ba-4fe8-ac7f-ddb7bbc31522,"7212080001000300 - UMKM - 2",7212
8b368d6d-4f9f-41de-8e2c-d8b027bfc17f,"7212040005000300 - UMKM - 1",7212
ec18e5ff-a8ed-4076-9c0e-d6954074fafc,"7212040012000302 - UMKM - 3",7212
02579b13-dca2-43f9-90a1-de00ba94775e,"7212040012000302 - UMKM - 2",7212
a3c2e2f0-b1c9-4466-92c7-a364b4bc714c,"7212040012000302 - UMKM - 4",7212
b6ebd189-5157-49a0-ab99-86c63735fd04,"7212040012000302 - UMKM - 6",7212
da9e3953-c3dc-4fb3-8f3a-4699b902f13c,"7212040012000302 - UMKM - 1",7212
3a01f5de-7b5a-4cd5-a1b9-05c5b24bf749,"7212040012000302 - UMKM - 5",7212
f5f0dc28-89fd-45d7-921a-8e85cefdd5f2,"7212040012000301 - UMKM - 1",7212
cb2f07a3-a98a-4316-a778-136b4ddb0a10,"7212040012000301 - UMKM - 6",7212
32ba4d80-b06f-45f6-9e8a-32d3a0369783,"7212040012000301 - UMKM - 9",7212
ace1e56c-eff0-450e-abda-b031179551f7,"7212040012000301 - UMKM - 3",7212
c576e8ed-c225-4b07-92d2-e06a1f86267e,"7212040012000301 - UMKM - 7",7212
ae3b723a-25ad-454b-934c-597a06cae311,"7212040012000301 - UMKM - 4",7212
f871066d-87d2-4d33-a8a2-5a3581ed11a7,"7212040012000301 - UMKM - 2",7212
059f3d4d-b2f7-4a14-8950-a613a41dbdde,"7212040012000301 - UMKM - 8",7212
b175e47d-d00f-4607-a5a0-48febe629af5,"7212040012000301 - UMKM - 5",7212
551f8217-0f78-4f2f-8a1a-86a97a890953,"7212040012200400 - UMKM - 4",7212
d838c29b-9e1a-427f-b339-eb80d20fc721,"7212040012200400 - UMKM - 2",7212
7da11244-2d91-4b8d-bedb-72a1e1fda2cb,"7212040012200400 - UMKM - 6",7212
f61031bb-1a5a-4baa-8e38-f2d135db6d54,"7212040012200400 - UMKM - 8",7212
0cf2857a-e932-4ed8-83ae-9b1533c165d7,"7212040012200400 - UMKM - 7",7212
641f1dfd-5d6f-4e7f-87cf-68dbeacf3462,"7212040012200400 - UMKM - 3",7212
4f14d2b5-f5d3-4da0-a162-97a978f7d280,"7212040012200400 - UMKM - 5",7212
8684a9ea-2996-4349-982d-d9a462d42beb,"7212040012200400 - UMKM - 1",7212
b1df8616-84b7-4dc4-93c6-33e2716fd416,"7212040012000400 - UMKM - 3",7212
0253e4fb-05a0-4ca5-bf93-6343102009fa,"7212040012000400 - UMKM - 4",7212
0695c505-e169-4b68-b769-3c9f4d932131,"7212040012000400 - UMKM - 1",7212
483027dc-fe2e-4712-8c33-ec0de6ea7bd8,"7212040012000400 - UMKM - 2",7212
88c53579-9a4e-4f98-ac43-c66c10f6c284,"7212040012000200 - UMKM - 1",7212
86ede7fc-4cad-42cc-be17-9f5cd6c33288,"7212040012000200 - UMKM - 2",7212
84500c6d-df0b-4c2a-8d48-a0510406fc88,"7212040012000200 - UMKM - 3",7212
1bb98b59-594c-40b0-aaa9-3f4f23063f56,"7212070004001000 - UMKM - 1",7212
fc0bc39f-3ae2-4bd7-8aa7-61a674fc7071,"7212070004000700 - UMKM - 2",7212
8a344896-b507-49f6-a5df-a0f1d77bc0dd,"7212070004000700 - UMKM - 1",7212
568fc502-5c7b-4361-8b8b-58226818e46c,"7212070004000100 - UMKM - 1",7212
c46537fd-748b-4a08-8277-72e55266a0d6,"7212070004000400 - UMKM - 1",7212
d8bdb974-5f54-4266-a6d6-c48cf7c90978,"7212070004000400 - UMKM - 2",7212
387bbd28-152d-4b15-9043-2badbc3dbbdf,"7212070004000400 - UMKM - 3",7212
c83a26be-3cc8-4c40-9a23-534ee25b8540,"7212070004000800 - UMKM - 2",7212
afbfe32a-02aa-49da-8de7-c69cae2b5799,"7212070004000800 - UMKM - 1",7212
0a620be9-f174-4b34-9d29-20200aec8b45,"7212050009000200 - UMKM - 3",7212
6cc4d07a-8775-429a-b0c5-a5a5ae62626b,"7212050009000200 - UMKM - 2",7212
151fac0f-d057-48f6-bdfc-74b6dc393072,"7212050009000200 - UMKM - 1",7212
24156ac4-8a73-4505-b128-a797a283f246,"7212050009000301 - UMKM - 1",7212
6dda6fa4-611f-4132-8c53-2243bdfd385c,"7212050009000301 - UMKM - 2",7212
5cf0664a-929b-490c-af7d-472082951dcc,"7212050007000102 - UMKM - 1",7212
3f1bdb7d-900f-4852-82df-aba2b3cafecb,"7212050007000102 - UMKM - 2",7212
1afba500-3fb5-4b96-ace7-ad8bb6d0c97e,"7212050007000502 - UMKM - 1",7212
cd9bac51-b2bd-48dc-8936-ffd467b9b450,"7212050007000502 - UMKM - 2",7212
fe22dd8c-791f-42d6-b7cc-87d3b86e1e4b,"7212050007000400 - UMKM - 1",7212
2cc64e8f-18d6-4930-b923-ba037508d682,"7212050007000400 - UMKM - 2",7212
74a36ab9-eff7-4229-b96e-27f39bbb2bbd,"7212050007000202 - UMKM - 2",7212
aba5cb0c-c2be-4dd6-b1dc-d52e86340815,"7212050007000202 - UMKM - 1",7212
a2428ac0-7298-4109-8236-6b13d4b03a56,"7212050008000500 - UMKM - 1",7212
2c38ce57-17ac-4f80-ab27-dac4e86e7866,"7212050008000800 - UMKM - 1",7212
5668039b-ff42-41ba-8b11-e86abc6f8a25,"7212050008000800 - UMKM - 2",7212
a24b8d89-c4e2-4231-84f9-971a7e57eb15,"7212050008000600 - UMKM - 2",7212
f3bfd62a-f038-4608-8d2f-d880a0a7286f,"7212050008000600 - UMKM - 1",7212
c30e4143-d6b7-4277-b3d4-578edda78b37,"7212020008000300 - UMKM - 1",7212
49e2d9f7-f54c-4448-be6c-4cd53b14d1e5,"7212020008001100 - UMKM - 1",7212
5bb77b2a-4bf9-401d-9575-113d44a7e56d,"7212020008001100 - UMKM - 2",7212
db031dca-0b4e-41fe-980d-303c2aa9f200,"7212020008000700 - UMKM - 1",7212
ce384299-4eb3-4e88-a2bf-2b4f78e25adb,"7212020008000800 - UMKM - 1",7212
922110dd-1261-4762-a38d-126c5f621448,"7212020008000500 - UMKM - 1",7212
5e4c4223-7cfd-4bc7-aba9-4933b7af0520,"7212020008001201 - UMKM - 1",7212
29a2b1ab-e964-44a4-8d87-dc3eda9c2f12,"7212020008001201 - UMKM - 2",7212
251f2b8e-2442-416e-81b3-a391890c5cfd,"7212020008001201 - UMKM - 3",7212
d88d57f3-58de-4f08-80ed-4e2b7c101331,"7212020008000400 - UMKM - 1",7212
cba6f719-33ef-49d0-863f-bef6a5f1742c,"7212020008000100 - UMKM - 1",7212
cd5361a2-5a51-495d-8f7e-fd3b7efcc89d,"7212040011000400 - UMKM - 7",7212
890785f6-d626-48f3-ab24-5b6e7d7c5ddd,"7212040011000400 - UMKM - 2",7212
f1076aaa-c422-4ace-939d-734fd11aeffe,"7212040011000400 - UMKM - 1",7212
347e3404-740f-405b-8d25-ac1673e8942c,"7212040011000400 - UMKM - 5",7212
f5b5e915-2c58-431c-a619-7faaa8860351,"7212040011000400 - UMKM - 6",7212
e35d577e-865f-4cec-ba6c-dcd0b4d552ad,"7212040011000400 - UMKM - 3",7212
c30e046f-47bc-4741-87bd-49d0d0fc34aa,"7212040011000400 - UMKM - 8",7212
1320f9ff-0421-4cf0-aeca-156681207584,"7212040011000400 - UMKM - 4",7212
990ca84e-0328-4783-8993-4c85418f715c,"7212040011000300 - UMKM - 2",7212
874666f0-59ba-4d52-8f22-a952f52f85e1,"7212040011000300 - UMKM - 3",7212
ca7d00c4-6dba-4ce5-b410-83b6d393c4d1,"7212040011000300 - UMKM - 1",7212
42bce333-451d-4197-a598-b6aaf15a0b20,"7212040011000201 - UMKM - 1",7212
23bb2ba6-a0cc-4f91-a67b-ce88956054d8,"7212040011000201 - UMKM - 2",7212
e64c6ab8-3067-4330-a693-be5ac82297e4,"7212040011000201 - UMKM - 3",7212
2fa1058b-fa26-495a-a73c-3675afbd1b00,"7212040011000201 - UMKM - 4",7212
3c2aaf08-5531-4baa-8c98-cd3da6b73d1d,"7212040011000201 - UMKM - 5",7212
01ae8617-9c57-49f7-9872-ce14aa079b06,"7212040011000202 - UMKM - 6",7212
0c99f7d4-ae85-4440-b701-ac802a0ec932,"7212040011000202 - UMKM - 7",7212
afad1957-e527-42ac-9df3-1c56f6f1aae2,"7212040011000202 - UMKM - 1",7212
1b4d0199-4b57-4a71-aadc-6a381669d148,"7212040011000202 - UMKM - 4",7212
622d89c2-6a98-4822-b8aa-d59fb1137692,"7212040011000202 - UMKM - 5",7212
9e4d8ccc-2bf3-4f12-9792-3bb4acd15ab3,"7212040011000202 - UMKM - 2",7212
76a293d7-1849-45c1-aa3e-a72758e1ce63,"7212040011000202 - UMKM - 3",7212
92777e26-1f3d-47e5-ae92-eaf7629b9994,"7212040011000500 - UMKM - 2",7212
25dab11e-1363-4b2c-bcbb-3726c8ecc9fe,"7212040011000500 - UMKM - 8",7212
e23db911-772c-472a-b00b-e982b4353775,"7212040011000500 - UMKM - 6",7212
6447dead-a18c-4469-96b8-f316f3a3e2a1,"7212040011000500 - UMKM - 4",7212
9f8c0f63-03f7-43f6-b4f9-0cf57b9e648b,"7212040011000500 - UMKM - 5",7212
5c1f70ff-cc44-4746-9a7f-bffe4249e850,"7212040011000500 - UMKM - 3",7212
4730c306-1147-4edc-8593-f9773f7aec89,"7212040011000500 - UMKM - 1",7212
def4e24b-ed0f-4d4a-b59a-1d4797ca34fe,"7212040011000500 - UMKM - 7",7212
20508796-12ed-4c10-a48e-f307abbdcad8,"7212040011000500 - UMKM - 9",7212
0408b713-4669-4ef9-bbcd-21d70f13df4d,"7212040010200200 - UMKM - 2",7212
594af968-3d7c-4235-930f-2187266826c2,"7212040010200200 - UMKM - 3",7212
73e20aca-6188-454c-86cd-fec2ff14960b,"7212040010200200 - UMKM - 1",7212
d514282d-09b9-4042-a642-6f5e72ab3114,"7212040010000400 - UMKM - 1",7212
5363d9d9-ce9d-4642-ba6b-09f47bd7d7ba,"7212040010000400 - UMKM - 2",7212
982f4e11-d491-44a8-97b4-c42f35836e6a,"7212040010000400 - UMKM - 3",7212
87835d80-7d3c-4516-9261-6ed37a5d3d3d,"7212040010300300 - UMKM - 1",7212
9162c3fa-7ec8-425e-9a12-ae141f97e357,"7212040010300300 - UMKM - 2",7212
cee7ddaa-ab75-416d-8a51-977aa90a7c3d,"7212040010000600 - UMKM - 2",7212
22778fde-9965-49bf-a679-3a3e240b0665,"7212040010000600 - UMKM - 4",7212
b6ab85ce-40d8-43e3-ac8a-c562d34dc8ba,"7212040010000600 - UMKM - 1",7212
6f7efcde-5761-4143-a07a-210071ba08ca,"7212040010000600 - UMKM - 5",7212
a4b11ed7-9d9c-4629-b97a-b010dc70b272,"7212040010000600 - UMKM - 3",7212
39e12319-bc4d-4d6a-816f-a8286cebad6b,"7212040010000502 - UMKM - 1",7212
0e57c58f-2949-4042-b3d7-cd376c0607a4,"7212040010000501 - UMKM - 2",7212
222b398f-cb1a-4867-b343-e9304ae96df4,"7212040010000501 - UMKM - 1",7212
22859b1a-d1b7-40e8-9c26-ef424b65cf89,"7212040010000501 - UMKM - 3",7212
c1ec48e1-3938-4b93-b719-c7b628069d65,"7212040010000102 - UMKM - 2",7212
5894a92d-a3b3-4029-97ef-6675bd1ea4eb,"7212040010000102 - UMKM - 1",7212
bad7e7ef-9099-4412-9dcc-e1127b2f2f48,"7212040010000101 - UMKM - 1",7212
ca795f7c-f3af-46ad-a6d0-cdd4555fe62c,"7212040010000101 - UMKM - 2",7212
df126b34-9871-44f2-8044-b28ab92ec1db,"7212040010000302 - UMKM - 1",7212
ccccb3a8-3521-40b5-916f-65e353461634,"7212040010000301 - UMKM - 4",7212
4b460870-9a41-4263-a36b-dcccbddcdd19,"7212040010000301 - UMKM - 6",7212
16932e11-13cb-4a63-8ebb-97e1cc957aab,"7212040010000301 - UMKM - 8",7212
7ba6d0ea-acff-4978-aa1e-fccde728057b,"7212040010000301 - UMKM - 3",7212
efb4cd46-82cc-4c0c-916a-e8cc3ec42d97,"7212040010000301 - UMKM - 7",7212
d6706c2f-e79c-4c3e-93dd-41a0074d3da7,"7212040010000301 - UMKM - 1",7212
f601a31e-71d0-4664-9fe0-e858807da8fe,"7212040010000301 - UMKM - 9",7212
f9aba5cf-0c8e-46b4-811d-0dc11efb963f,"7212040010000301 - UMKM - 2",7212
5400bb37-0154-4ba0-915b-9b43a53da009,"7212040010000301 - UMKM - 5",7212
ad50ed0a-7d83-4b77-a585-b4e0108db279,"7212040010000202 - UMKM - 1",7212
4685a718-1809-4033-bf13-9d34848324f9,"7212040010000202 - UMKM - 4",7212
aacc8055-bd98-4d61-9ab2-3a68a4af7345,"7212040010000202 - UMKM - 2",7212
3d76f2c6-bbaf-45a6-bc3b-b3f0e14fbf9e,"7212040010000202 - UMKM - 3",7212
